k	p	c	o	f	g	s	otu
k__Bacteria	p__Proteobacteria	c__Alphaproteobacteria	o__Sphingomonadales	f__Sphingomonadaceae	g__Novosphingobium	s__Novosphingobium stygium	o__OTU1
k__Bacteria	p__Actinobacteriota	c__Acidimicrobiia	o__Microtrichales	f__Iamiaceae	g__Iamia	s__unknown	o__OTU10
k__Bacteria	p__Proteobacteria	c__Gammaproteobacteria	o__Diplorickettsiales	f__Diplorickettsiaceae	g__unknown	s__unknown	o__OTU100
k__Bacteria	p__Proteobacteria	c__Alphaproteobacteria	o__Rhodobacterales	f__Rhodobacteraceae	g__Rhodobacter	s__unknown	o__OTU1001
k__Bacteria	p__Proteobacteria	c__Alphaproteobacteria	o__Rhodobacterales	f__Rhodobacteraceae	g__unknown	s__unknown	o__OTU1003
k__Bacteria	p__Bacteroidota	c__Bacteroidia	o__Chitinophagales	f__unknown	g__unknown	s__unknown	o__OTU1004
k__Bacteria	p__Proteobacteria	c__Alphaproteobacteria	o__Rickettsiales	f__unknown	g__unknown	s__unknown	o__OTU1006
k__Bacteria	p__Planctomycetota	c__Phycisphaerae	o__Phycisphaerales	f__Phycisphaeraceae	g__unknown	s__unknown	o__OTU1007
k__Bacteria	p__Proteobacteria	c__Alphaproteobacteria	o__Sphingomonadales	f__Sphingomonadaceae	g__Sphingobium	s__unknown	o__OTU1008
k__Bacteria	p__Proteobacteria	c__Gammaproteobacteria	o__Burkholderiales	f__Comamonadaceae	g__unknown	s__unknown	o__OTU1009
k__Bacteria	p__Planctomycetota	c__Planctomycetes	o__Isosphaerales	f__Isosphaeraceae	g__unknown	s__unknown	o__OTU101
k__Bacteria	p__Actinobacteriota	c__Acidimicrobiia	o__Microtrichales	f__Iamiaceae	g__Iamia	s__unknown	o__OTU1011
k__Bacteria	p__Verrucomicrobiota	c__Verrucomicrobiae	o__Pedosphaerales	f__Pedosphaeraceae	g__SH3-11	s__unknown	o__OTU1014
k__Bacteria	p__Actinobacteriota	c__Actinobacteria	o__Frankiales	f__Geodermatophilaceae	g__Klenkia	s__unknown	o__OTU1018
k__Bacteria	p__Planctomycetota	c__Phycisphaerae	o__Phycisphaerales	f__Phycisphaeraceae	g__SM1A02	s__unknown	o__OTU1021
k__Bacteria	p__Fusobacteriota	c__Fusobacteriia	o__Fusobacteriales	f__Fusobacteriaceae	g__Cetobacterium	s__Cetobacterium somerae	o__OTU1023
k__Bacteria	p__unknown	c__unknown	o__unknown	f__unknown	g__unknown	s__unknown	o__OTU1024
k__Bacteria	p__Proteobacteria	c__Alphaproteobacteria	o__Rhizobiales	f__Xanthobacteraceae	g__Bradyrhizobium	s__unknown	o__OTU1025
k__Bacteria	p__Verrucomicrobiota	c__Verrucomicrobiae	o__Pedosphaerales	f__Pedosphaeraceae	g__unknown	s__unknown	o__OTU1029
k__Bacteria	p__Bacteroidota	c__Bacteroidia	o__Chitinophagales	f__Chitinophagaceae	g__unknown	s__unknown	o__OTU103
k__Bacteria	p__Proteobacteria	c__Alphaproteobacteria	o__Rhodobacterales	f__Rhodobacteraceae	g__Rhodobacter	s__unknown	o__OTU1032
k__Bacteria	p__Verrucomicrobiota	c__Chlamydiae	o__Chlamydiales	f__Simkaniaceae	g__unknown	s__unknown	o__OTU1036
k__Bacteria	p__Bacteroidota	c__Bacteroidia	o__Sphingobacteriales	f__KD3-93	g__unknown	s__unknown	o__OTU1037
k__Bacteria	p__Actinobacteriota	c__Acidimicrobiia	o__Microtrichales	f__unknown	g__unknown	s__unknown	o__OTU1039
k__Bacteria	p__Patescibacteria	c__Gracilibacteria	o__Candidatus Peregrinibacteria	f__unknown	g__unknown	s__unknown	o__OTU1040
k__Bacteria	p__Verrucomicrobiota	c__Verrucomicrobiae	o__Pedosphaerales	f__Pedosphaeraceae	g__unknown	s__unknown	o__OTU1041
k__Bacteria	p__Proteobacteria	c__Alphaproteobacteria	o__Caulobacterales	f__Caulobacteraceae	g__Brevundimonas	s__unknown	o__OTU1043
k__Bacteria	p__Bacteroidota	c__Bacteroidia	o__Chitinophagales	f__Chitinophagaceae	g__Ferruginibacter	s__unknown	o__OTU1045
k__Bacteria	p__Bacteroidota	c__Bacteroidia	o__Cytophagales	f__Hymenobacteraceae	g__Hymenobacter	s__Hymenobacter yonginensis	o__OTU1048
k__Bacteria	p__Proteobacteria	c__Alphaproteobacteria	o__Caulobacterales	f__Caulobacteraceae	g__Phenylobacterium	s__unknown	o__OTU1049
k__Bacteria	p__Verrucomicrobiota	c__Verrucomicrobiae	o__Verrucomicrobiales	f__Verrucomicrobiaceae	g__Prosthecobacter	s__Cenchrus americanus	o__OTU1051
k__Bacteria	p__Proteobacteria	c__Gammaproteobacteria	o__Burkholderiales	f__SC-I-84	g__	s__unknown	o__OTU1057
k__Bacteria	p__Proteobacteria	c__unknown	o__unknown	f__unknown	g__unknown	s__unknown	o__OTU1058
k__Bacteria	p__Proteobacteria	c__Alphaproteobacteria	o__Paracaedibacterales	f__Paracaedibacteraceae	g__Candidatus Finniella	s__Candidatus Finniella	o__OTU1059
k__Bacteria	p__Proteobacteria	c__Gammaproteobacteria	o__Pseudomonadales	f__Pseudomonadaceae	g__Pseudomonas	s__unknown	o__OTU10598
k__Bacteria	p__Verrucomicrobiota	c__Verrucomicrobiae	o__Verrucomicrobiales	f__Rubritaleaceae	g__Luteolibacter	s__unknown	o__OTU106
k__Bacteria	p__Proteobacteria	c__Gammaproteobacteria	o__Burkholderiales	f__Methylophilaceae	g__Methylotenera	s__unknown	o__OTU1060
k__Bacteria	p__Actinobacteriota	c__Actinobacteria	o__Frankiales	f__Sporichthyaceae	g__Longivirga	s__unknown	o__OTU1061
k__Bacteria	p__Proteobacteria	c__Gammaproteobacteria	o__Pseudomonadales	f__Moraxellaceae	g__Acinetobacter	s__unknown	o__OTU1063
k__Bacteria	p__Proteobacteria	c__Gammaproteobacteria	o__Burkholderiales	f__Sutterellaceae	g__AAP99	s__	o__OTU1064
k__Bacteria	p__Proteobacteria	c__Gammaproteobacteria	o__Burkholderiales	f__Comamonadaceae	g__unknown	s__unknown	o__OTU1065
k__Bacteria	p__Proteobacteria	c__Alphaproteobacteria	o__Rhizobiales	f__Beijerinckiaceae	g__Methylorosula	s__unknown	o__OTU1066
k__Bacteria	p__Firmicutes	c__Bacilli	o__Lactobacillales	f__Enterococcaceae	g__Enterococcus	s__unknown	o__OTU1067
k__Bacteria	p__Chloroflexi	c__TK10	o__unknown	f__unknown	g__unknown	s__unknown	o__OTU10680
k__Bacteria	p__Planctomycetota	c__Planctomycetes	o__Pirellulales	f__Pirellulaceae	g__unknown	s__unknown	o__OTU107
k__Bacteria	p__Bacteroidota	c__Bacteroidia	o__Sphingobacteriales	f__NS11-12 marine group	g__unknown	s__unknown	o__OTU1072
k__Bacteria	p__Firmicutes	c__Bacilli	o__Bacillales	f__unknown	g__unknown	s__unknown	o__OTU10731
k__Bacteria	p__Bacteroidota	c__Bacteroidia	o__Sphingobacteriales	f__KD3-93	g__unknown	s__unknown	o__OTU1075
k__Bacteria	p__Armatimonadota	c__Armatimonadia	o__Armatimonadales	f__Armatimonadaceae	g__Armatimonas	s__Armatimonas rosea	o__OTU1076
k__Bacteria	p__Planctomycetota	c__Planctomycetes	o__Isosphaerales	f__Isosphaeraceae	g__Singulisphaera	s__Isosphaera sp.	o__OTU1079
k__Bacteria	p__Proteobacteria	c__Gammaproteobacteria	o__unknown	f__unknown	g__unknown	s__unknown	o__OTU108
k__Bacteria	p__Bacteroidota	c__Bacteroidia	o__Sphingobacteriales	f__Sphingobacteriaceae	g__Pedobacter	s__Pedobacter insulae	o__OTU1080
k__Bacteria	p__Proteobacteria	c__Alphaproteobacteria	o__Caulobacterales	f__Hyphomonadaceae	g__Hirschia	s__unknown	o__OTU1083
k__Bacteria	p__Bacteroidota	c__Bacteroidia	o__Chitinophagales	f__Chitinophagaceae	g__Ferruginibacter	s__Ferruginibacter sp.	o__OTU1084
k__Bacteria	p__Verrucomicrobiota	c__Verrucomicrobiae	o__Pedosphaerales	f__Pedosphaeraceae	g__unknown	s__unknown	o__OTU1087
k__Bacteria	p__Bacteroidota	c__Bacteroidia	o__Cytophagales	f__Spirosomaceae	g__Spirosoma	s__Spirosoma sp. HMF3257	o__OTU109
k__Bacteria	p__Planctomycetota	c__Planctomycetes	o__Pirellulales	f__Pirellulaceae	g__Pirellula	s__unknown	o__OTU1093
k__Bacteria	p__Proteobacteria	c__Gammaproteobacteria	o__Xanthomonadales	f__Xanthomonadaceae	g__Arenimonas	s__unknown	o__OTU1094
k__Bacteria	p__Spirochaetota	c__Leptospirae	o__Leptospirales	f__Leptospiraceae	g__Turneriella	s__unknown	o__OTU1095
k__Bacteria	p__Acidobacteriota	c__Subgroup 22	o__	f__unknown	g__unknown	s__unknown	o__OTU1096
k__Bacteria	p__Actinobacteriota	c__Acidimicrobiia	o__Microtrichales	f__unknown	g__unknown	s__unknown	o__OTU10960
k__Bacteria	p__Actinobacteriota	c__Actinobacteria	o__Frankiales	f__Sporichthyaceae	g__Longivirga	s__Longivirga aurantiaca	o__OTU1098
k__Bacteria	p__Patescibacteria	c__Saccharimonadia	o__Saccharimonadales	f__unknown	g__unknown	s__unknown	o__OTU1099
k__Bacteria	p__Elusimicrobiota	c__Elusimicrobia	o__Lineage IV	f__unknown	g__unknown	s__unknown	o__OTU11
k__Bacteria	p__Firmicutes	c__Bacilli	o__Lactobacillales	f__Listeriaceae	g__Listeria	s__unknown	o__OTU110
k__Bacteria	p__Proteobacteria	c__Gammaproteobacteria	o__Legionellales	f__Legionellaceae	g__Legionella	s__unknown	o__OTU1101
k__Bacteria	p__Bacteroidota	c__Bacteroidia	o__Flavobacteriales	f__Flavobacteriaceae	g__Flavobacterium	s__unknown	o__OTU1103
k__Bacteria	p__Myxococcota	c__Polyangia	o__Haliangiales	f__Haliangiaceae	g__Haliangium	s__unknown	o__OTU1104
k__Bacteria	p__Actinobacteriota	c__Actinobacteria	o__Frankiales	f__Sporichthyaceae	g__Longivirga	s__unknown	o__OTU1107
k__Bacteria	p__Planctomycetota	c__Planctomycetes	o__Planctomycetales	f__Schlesneriaceae	g__Schlesneria	s__Schlesneria paludicola	o__OTU1108
k__Bacteria	p__Verrucomicrobiota	c__Verrucomicrobiae	o__Chthoniobacterales	f__Xiphinematobacteraceae	g__Candidatus Xiphinematobacter	s__	o__OTU11086
k__Bacteria	p__Bacteroidota	c__Bacteroidia	o__Chitinophagales	f__Chitinophagaceae	g__Ferruginibacter	s__unknown	o__OTU1109
k__Bacteria	p__Proteobacteria	c__Alphaproteobacteria	o__Rhizobiales	f__Hyphomicrobiaceae	g__unknown	s__unknown	o__OTU1111
k__Bacteria	p__Proteobacteria	c__Alphaproteobacteria	o__Rickettsiales	f__Rickettsiaceae	g__unknown	s__unknown	o__OTU1113
k__Bacteria	p__Proteobacteria	c__Gammaproteobacteria	o__Burkholderiales	f__Sutterellaceae	g__AAP99	s__unknown	o__OTU1114
k__Bacteria	p__Acidobacteriota	c__Vicinamibacteria	o__Vicinamibacterales	f__Vicinamibacteraceae	g__unknown	s__unknown	o__OTU1117
k__Bacteria	p__Proteobacteria	c__Alphaproteobacteria	o__Elsterales	f__unknown	g__unknown	s__unknown	o__OTU11197
k__Bacteria	p__Proteobacteria	c__Alphaproteobacteria	o__Reyranellales	f__Reyranellaceae	g__Reyranella	s__unknown	o__OTU1120
k__Bacteria	p__Proteobacteria	c__Gammaproteobacteria	o__Pseudomonadales	f__Pseudomonadaceae	g__Pseudomonas	s__unknown	o__OTU11213
k__Bacteria	p__Acidobacteriota	c__Blastocatellia	o__Blastocatellales	f__Blastocatellaceae	g__JGI 0001001-H03	s__unknown	o__OTU1122
k__Bacteria	p__NB1-j	c__unknown	o__unknown	f__unknown	g__unknown	s__unknown	o__OTU1124
k__Bacteria	p__Bacteroidota	c__Kapabacteria	o__Kapabacteriales	f__unknown	g__unknown	s__unknown	o__OTU1125
k__Bacteria	p__Bacteroidota	c__Bacteroidia	o__Chitinophagales	f__Chitinophagaceae	g__Sediminibacterium	s__unknown	o__OTU1126
k__Bacteria	p__Actinobacteriota	c__Thermoleophilia	o__Gaiellales	f__unknown	g__unknown	s__unknown	o__OTU1128
k__Bacteria	p__Bacteroidota	c__Bacteroidia	o__Sphingobacteriales	f__KD3-93	g__unknown	s__unknown	o__OTU1131
k__Bacteria	p__Proteobacteria	c__Alphaproteobacteria	o__Caulobacterales	f__Hyphomonadaceae	g__unknown	s__unknown	o__OTU1132
k__Bacteria	p__Bacteroidota	c__Bacteroidia	o__Cytophagales	f__Microscillaceae	g__OLB12	s__unknown	o__OTU1134
k__Bacteria	p__Proteobacteria	c__Alphaproteobacteria	o__Sphingomonadales	f__Sphingomonadaceae	g__Novosphingobium	s__unknown	o__OTU1136
k__Bacteria	p__Bacteroidota	c__Bacteroidia	o__Cytophagales	f__unknown	g__unknown	s__unknown	o__OTU1137
k__Bacteria	p__Bacteroidota	c__Bacteroidia	o__Chitinophagales	f__Chitinophagaceae	g__Sediminibacterium	s__unknown	o__OTU114
k__Bacteria	p__Proteobacteria	c__Alphaproteobacteria	o__Caulobacterales	f__Caulobacteraceae	g__unknown	s__unknown	o__OTU11402
k__Bacteria	p__Verrucomicrobiota	c__Verrucomicrobiae	o__Verrucomicrobiales	f__Verrucomicrobiaceae	g__Prosthecobacter	s__unknown	o__OTU1141
k__Bacteria	p__Proteobacteria	c__Alphaproteobacteria	o__Rickettsiales	f__SM2D12	g__unknown	s__unknown	o__OTU1142
k__Bacteria	p__Verrucomicrobiota	c__Verrucomicrobiae	o__Verrucomicrobiales	f__Rubritaleaceae	g__Luteolibacter	s__Verrucomicrobia bacterium	o__OTU1145
k__Bacteria	p__Proteobacteria	c__Gammaproteobacteria	o__Legionellales	f__Legionellaceae	g__Legionella	s__unknown	o__OTU1149
k__Bacteria	p__Proteobacteria	c__Gammaproteobacteria	o__PLTA13	f__unknown	g__unknown	s__unknown	o__OTU1151
k__Bacteria	p__Proteobacteria	c__Alphaproteobacteria	o__Rhodobacterales	f__Rhodobacteraceae	g__unknown	s__unknown	o__OTU1153
k__Bacteria	p__Actinobacteriota	c__Actinobacteria	o__Frankiales	f__Sporichthyaceae	g__Longivirga	s__unknown	o__OTU1155
k__Bacteria	p__Verrucomicrobiota	c__Verrucomicrobiae	o__Opitutales	f__Opitutaceae	g__unknown	s__unknown	o__OTU1160
k__Bacteria	p__Actinobacteriota	c__Acidimicrobiia	o__Microtrichales	f__Ilumatobacteraceae	g__CL500-29 marine group	s__unknown	o__OTU1163
k__Bacteria	p__Firmicutes	c__Bacilli	o__Exiguobacterales	f__Exiguobacteraceae	g__Exiguobacterium	s__unknown	o__OTU1164
k__Bacteria	p__Proteobacteria	c__Alphaproteobacteria	o__Rickettsiales	f__unknown	g__unknown	s__unknown	o__OTU1167
k__Bacteria	p__Actinobacteriota	c__Thermoleophilia	o__Gaiellales	f__unknown	g__	s__unknown	o__OTU117
k__Bacteria	p__Proteobacteria	c__Gammaproteobacteria	o__Burkholderiales	f__Nitrosomonadaceae	g__unknown	s__unknown	o__OTU1170
k__Bacteria	p__NB1-j	c__unknown	o__unknown	f__unknown	g__unknown	s__unknown	o__OTU1173
k__Bacteria	p__Bacteroidota	c__Bacteroidia	o__Sphingobacteriales	f__KD3-93	g__unknown	s__unknown	o__OTU1174
k__Bacteria	p__Proteobacteria	c__Alphaproteobacteria	o__Paracaedibacterales	f__Paracaedibacteraceae	g__Candidatus Paracaedibacter	s__unknown	o__OTU1176
k__Bacteria	p__Bacteroidota	c__Kapabacteria	o__Kapabacteriales	f__unknown	g__unknown	s__unknown	o__OTU1179
k__Bacteria	p__Bacteroidota	c__Bacteroidia	o__Sphingobacteriales	f__env.OPS 17	g__unknown	s__unknown	o__OTU118
k__Bacteria	p__Proteobacteria	c__Gammaproteobacteria	o__Tenderiales	f__Tenderiaceae	g__Candidatus Tenderia	s__unknown	o__OTU1180
k__Bacteria	p__Actinobacteriota	c__Actinobacteria	o__unknown	f__unknown	g__unknown	s__unknown	o__OTU1186
k__Bacteria	p__Proteobacteria	c__Alphaproteobacteria	o__Elsterales	f__Elsteraceae	g__unknown	s__unknown	o__OTU1188
k__Bacteria	p__Proteobacteria	c__Alphaproteobacteria	o__Sphingomonadales	f__Sphingomonadaceae	g__Polymorphobacter	s__unknown	o__OTU119
k__Bacteria	p__Actinobacteriota	c__Actinobacteria	o__Frankiales	f__unknown	g__unknown	s__unknown	o__OTU1196
k__Bacteria	p__Actinobacteriota	c__Actinobacteria	o__Micrococcales	f__Microbacteriaceae	g__unknown	s__unknown	o__OTU1197
k__Bacteria	p__Verrucomicrobiota	c__Chlamydiae	o__Chlamydiales	f__Parachlamydiaceae	g__Candidatus Protochlamydia	s__unknown	o__OTU1198
k__Bacteria	p__Planctomycetota	c__Planctomycetes	o__Pirellulales	f__Pirellulaceae	g__unknown	s__unknown	o__OTU12
k__Bacteria	p__Proteobacteria	c__Gammaproteobacteria	o__Burkholderiales	f__Comamonadaceae	g__unknown	s__unknown	o__OTU1202
k__Bacteria	p__Proteobacteria	c__Gammaproteobacteria	o__Burkholderiales	f__Burkholderiaceae	g__Burkholderia-Caballeronia-Paraburkholderia	s__unknown	o__OTU1211
k__Bacteria	p__Verrucomicrobiota	c__Verrucomicrobiae	o__Verrucomicrobiales	f__Verrucomicrobiaceae	g__unknown	s__unknown	o__OTU1214
k__Bacteria	p__Chloroflexi	c__SL56 marine group	o__unknown	f__unknown	g__unknown	s__unknown	o__OTU12146
k__Bacteria	p__Patescibacteria	c__Parcubacteria	o__unknown	f__unknown	g__unknown	s__unknown	o__OTU1217
k__Bacteria	p__Proteobacteria	c__Gammaproteobacteria	o__Pseudomonadales	f__Spongiibacteraceae	g__BD1-7 clade	s__unknown	o__OTU1218
k__Bacteria	p__Proteobacteria	c__Gammaproteobacteria	o__Burkholderiales	f__Comamonadaceae	g__unknown	s__unknown	o__OTU1219
k__Bacteria	p__Gemmatimonadota	c__Gemmatimonadetes	o__Gemmatimonadales	f__Gemmatimonadaceae	g__Gemmatimonas	s__	o__OTU1220
k__Bacteria	p__Bacteroidota	c__Ignavibacteria	o__SJA-28	f__unknown	g__unknown	s__unknown	o__OTU1221
k__Bacteria	p__Bacteroidota	c__Bacteroidia	o__Chitinophagales	f__Chitinophagaceae	g__Sediminibacterium	s__unknown	o__OTU1223
k__Bacteria	p__Bacteroidota	c__Kapabacteria	o__Kapabacteriales	f__unknown	g__unknown	s__unknown	o__OTU1228
k__Bacteria	p__Verrucomicrobiota	c__Verrucomicrobiae	o__Chthoniobacterales	f__Chthoniobacteraceae	g__Candidatus Udaeobacter	s__	o__OTU12285
k__Bacteria	p__Verrucomicrobiota	c__Verrucomicrobiae	o__Opitutales	f__Opitutaceae	g__unknown	s__unknown	o__OTU1229
k__Bacteria	p__Proteobacteria	c__Gammaproteobacteria	o__Burkholderiales	f__Nitrosomonadaceae	g__Ellin6067	s__unknown	o__OTU1230
k__Bacteria	p__Actinobacteriota	c__Actinobacteria	o__Frankiales	f__Sporichthyaceae	g__hgcI clade	s__unknown	o__OTU1233
k__Bacteria	p__Actinobacteriota	c__Acidimicrobiia	o__Microtrichales	f__Microtrichaceae	g__unknown	s__unknown	o__OTU1234
k__Bacteria	p__Armatimonadota	c__Fimbriimonadia	o__Fimbriimonadales	f__Fimbriimonadaceae	g__	s__unknown	o__OTU1235
k__Bacteria	p__Proteobacteria	c__Alphaproteobacteria	o__Micavibrionales	f__unknown	g__unknown	s__unknown	o__OTU1237
k__Bacteria	p__Proteobacteria	c__Alphaproteobacteria	o__Rickettsiales	f__Fokiniaceae	g__MD3-55	s__unknown	o__OTU1238
k__Bacteria	p__Bacteroidota	c__Bacteroidia	o__Chitinophagales	f__Saprospiraceae	g__unknown	s__unknown	o__OTU1239
k__Bacteria	p__Proteobacteria	c__Gammaproteobacteria	o__Burkholderiales	f__SC-I-84	g__unknown	s__unknown	o__OTU1242
k__Bacteria	p__Verrucomicrobiota	c__Chlamydiae	o__Chlamydiales	f__Parachlamydiaceae	g__unknown	s__unknown	o__OTU1243
k__Bacteria	p__Bdellovibrionota	c__Oligoflexia	o__0319-6G20	f__unknown	g__unknown	s__unknown	o__OTU12431
k__Bacteria	p__Planctomycetota	c__Planctomycetes	o__Planctomycetales	f__Rubinisphaeraceae	g__unknown	s__unknown	o__OTU1246
k__Bacteria	p__Verrucomicrobiota	c__Verrucomicrobiae	o__Verrucomicrobiales	f__Verrucomicrobiaceae	g__unknown	s__unknown	o__OTU1247
k__Bacteria	p__Bacteroidota	c__Bacteroidia	o__Cytophagales	f__Hymenobacteraceae	g__Hymenobacter	s__Hymenobacter terrenus	o__OTU1248
k__Bacteria	p__Proteobacteria	c__Gammaproteobacteria	o__Legionellales	f__Legionellaceae	g__Legionella	s__Legionella worsleiensis	o__OTU1249
k__Bacteria	p__Actinobacteriota	c__Actinobacteria	o__Micrococcales	f__Intrasporangiaceae	g__unknown	s__unknown	o__OTU1252
k__Bacteria	p__Proteobacteria	c__Gammaproteobacteria	o__Burkholderiales	f__Comamonadaceae	g__Aquabacterium	s__Aquabacterium commune	o__OTU1253
k__Bacteria	p__Actinobacteriota	c__Acidimicrobiia	o__IMCC26256	f__	g__unknown	s__unknown	o__OTU12536
k__Bacteria	p__Actinobacteriota	c__Actinobacteria	o__Corynebacteriales	f__Mycobacteriaceae	g__Mycobacterium	s__unknown	o__OTU126
k__Bacteria	p__Methylomirabilota	c__Methylomirabilia	o__Rokubacteriales	f__unknown	g__unknown	s__unknown	o__OTU12601
k__Bacteria	p__Chloroflexi	c__Ktedonobacteria	o__Ktedonobacterales	f__Ktedonobacteraceae	g__JG30a-KF-32	s__unknown	o__OTU12604
k__Bacteria	p__Proteobacteria	c__Alphaproteobacteria	o__Sphingomonadales	f__Sphingomonadaceae	g__Sphingorhabdus	s__unknown	o__OTU1262
k__Bacteria	p__Proteobacteria	c__Gammaproteobacteria	o__unknown	f__unknown	g__unknown	s__unknown	o__OTU12625
k__Bacteria	p__Proteobacteria	c__Gammaproteobacteria	o__	f__	g__Acidibacter	s__unknown	o__OTU12633
k__Bacteria	p__Chloroflexi	c__AD3	o__unknown	f__unknown	g__unknown	s__unknown	o__OTU12644
k__Bacteria	p__Acidobacteriota	c__Blastocatellia	o__Blastocatellales	f__Blastocatellaceae	g__unknown	s__unknown	o__OTU1265
k__Bacteria	p__Bacteroidota	c__Bacteroidia	o__Chitinophagales	f__Chitinophagaceae	g__Ferruginibacter	s__unknown	o__OTU1267
k__Bacteria	p__Acidobacteriota	c__Vicinamibacteria	o__Vicinamibacterales	f__Vicinamibacteraceae	g__unknown	s__unknown	o__OTU1269
k__Bacteria	p__Bacteroidota	c__Bacteroidia	o__Cytophagales	f__Spirosomaceae	g__Lacihabitans	s__unknown	o__OTU127
k__Bacteria	p__Elusimicrobiota	c__Elusimicrobia	o__Lineage IV	f__unknown	g__unknown	s__unknown	o__OTU1273
k__Bacteria	p__Proteobacteria	c__Gammaproteobacteria	o__Diplorickettsiales	f__Diplorickettsiaceae	g__unknown	s__unknown	o__OTU1276
k__Bacteria	p__Proteobacteria	c__Gammaproteobacteria	o__Burkholderiales	f__unknown	g__unknown	s__unknown	o__OTU1278
k__Bacteria	p__Actinobacteriota	c__Actinobacteria	o__Corynebacteriales	f__Nocardiaceae	g__Williamsia	s__unknown	o__OTU128
k__Bacteria	p__Bacteroidota	c__Bacteroidia	o__Cytophagales	f__unknown	g__unknown	s__unknown	o__OTU1280
k__Bacteria	p__Proteobacteria	c__Gammaproteobacteria	o__Burkholderiales	f__Comamonadaceae	g__Polaromonas	s__unknown	o__OTU1281
k__Bacteria	p__Bacteroidota	c__Bacteroidia	o__Chitinophagales	f__Chitinophagaceae	g__unknown	s__unknown	o__OTU1284
k__Bacteria	p__Spirochaetota	c__Leptospirae	o__Leptospirales	f__Leptospiraceae	g__Leptospira	s__Leptospira idonii	o__OTU1286
k__Bacteria	p__Proteobacteria	c__Alphaproteobacteria	o__Reyranellales	f__Reyranellaceae	g__Reyranella	s__unknown	o__OTU12885
k__Bacteria	p__Firmicutes	c__Bacilli	o__Bacillales	f__Bacillaceae	g__Bacillus	s__Bacillus anthracis	o__OTU12886
k__Bacteria	p__Actinobacteriota	c__Thermoleophilia	o__Solirubrobacterales	f__Solirubrobacteraceae	g__Conexibacter	s__	o__OTU129
k__Bacteria	p__Patescibacteria	c__Saccharimonadia	o__Saccharimonadales	f__unknown	g__unknown	s__unknown	o__OTU1290
k__Bacteria	p__Proteobacteria	c__Alphaproteobacteria	o__Rhodobacterales	f__Rhodobacteraceae	g__unknown	s__unknown	o__OTU1292
k__Bacteria	p__Proteobacteria	c__Gammaproteobacteria	o__Burkholderiales	f__Comamonadaceae	g__Rhodoferax	s__unknown	o__OTU1294
k__Bacteria	p__Bacteroidota	c__Bacteroidia	o__Chitinophagales	f__Chitinophagaceae	g__unknown	s__unknown	o__OTU1297
k__Bacteria	p__Bacteroidota	c__Bacteroidia	o__Sphingobacteriales	f__KD3-93	g__unknown	s__unknown	o__OTU1299
k__Bacteria	p__Proteobacteria	c__Gammaproteobacteria	o__Burkholderiales	f__Comamonadaceae	g__unknown	s__unknown	o__OTU13
k__Bacteria	p__Planctomycetota	c__Planctomycetes	o__Planctomycetales	f__unknown	g__unknown	s__unknown	o__OTU130
k__Bacteria	p__Bacteroidota	c__Bacteroidia	o__Chitinophagales	f__Chitinophagaceae	g__Ferruginibacter	s__unknown	o__OTU1301
k__Bacteria	p__unknown	c__unknown	o__unknown	f__unknown	g__unknown	s__unknown	o__OTU1304
k__Bacteria	p__Actinobacteriota	c__Acidimicrobiia	o__Microtrichales	f__unknown	g__unknown	s__unknown	o__OTU1307
k__Bacteria	p__Nitrospirota	c__Nitrospiria	o__Nitrospirales	f__Nitrospiraceae	g__Nitrospira	s__unknown	o__OTU1308
k__Bacteria	p__Proteobacteria	c__Gammaproteobacteria	o__Burkholderiales	f__Oxalobacteraceae	g__Undibacterium	s__unknown	o__OTU131
k__Bacteria	p__Planctomycetota	c__OM190	o__unknown	f__unknown	g__unknown	s__unknown	o__OTU1311
k__Bacteria	p__Bacteroidota	c__Bacteroidia	o__Sphingobacteriales	f__env.OPS 17	g__	s__unknown	o__OTU1313
k__Bacteria	p__Planctomycetota	c__Planctomycetes	o__Pirellulales	f__Pirellulaceae	g__Pirellula	s__unknown	o__OTU132
k__Bacteria	p__Proteobacteria	c__Alphaproteobacteria	o__Paracaedibacterales	f__Paracaedibacteraceae	g__Candidatus Paracaedibacter	s__unknown	o__OTU1321
k__Bacteria	p__Patescibacteria	c__Parcubacteria	o__Candidatus Zambryskibacteria	f__unknown	g__unknown	s__unknown	o__OTU13220
k__Bacteria	p__Proteobacteria	c__Gammaproteobacteria	o__Xanthomonadales	f__Xanthomonadaceae	g__unknown	s__unknown	o__OTU1323
k__Bacteria	p__Actinobacteriota	c__Actinobacteria	o__Frankiales	f__Acidothermaceae	g__Acidothermus	s__unknown	o__OTU13285
k__Bacteria	p__Bacteroidota	c__Bacteroidia	o__Chitinophagales	f__Chitinophagaceae	g__Ferruginibacter	s__Ferruginibacter sp.	o__OTU133
k__Bacteria	p__Proteobacteria	c__Gammaproteobacteria	o__CCM19a	f__unknown	g__unknown	s__unknown	o__OTU1330
k__Bacteria	p__Planctomycetota	c__Phycisphaerae	o__Tepidisphaerales	f__WD2101 soil group	g__unknown	s__unknown	o__OTU1332
k__Bacteria	p__Proteobacteria	c__unknown	o__unknown	f__unknown	g__unknown	s__unknown	o__OTU1333
k__Bacteria	p__Verrucomicrobiota	c__Verrucomicrobiae	o__Verrucomicrobiales	f__Verrucomicrobiaceae	g__unknown	s__unknown	o__OTU1335
k__Bacteria	p__Actinobacteriota	c__Actinobacteria	o__Corynebacteriales	f__Mycobacteriaceae	g__Mycobacterium	s__unknown	o__OTU1336
k__Bacteria	p__Bacteroidota	c__Bacteroidia	o__Chitinophagales	f__37-13	g__unknown	s__unknown	o__OTU1337
k__Bacteria	p__Proteobacteria	c__Alphaproteobacteria	o__Rhodobacterales	f__Rhodobacteraceae	g__Rhodobacter	s__Rhodobacter sphaeroides	o__OTU1338
k__Bacteria	p__Actinobacteriota	c__Acidimicrobiia	o__Microtrichales	f__Microtrichaceae	g__unknown	s__unknown	o__OTU134
k__Bacteria	p__Proteobacteria	c__Alphaproteobacteria	o__Rhodobacterales	f__Rhodobacteraceae	g__unknown	s__unknown	o__OTU1340
k__Bacteria	p__Proteobacteria	c__Alphaproteobacteria	o__Reyranellales	f__Reyranellaceae	g__Reyranella	s__unknown	o__OTU1341
k__Bacteria	p__Proteobacteria	c__Alphaproteobacteria	o__Rhizobiales	f__Rhizobiaceae	g__Allorhizobium-Neorhizobium-Pararhizobium-Rhizobium	s__unknown	o__OTU1348
k__Bacteria	p__Proteobacteria	c__Alphaproteobacteria	o__Sphingomonadales	f__Sphingomonadaceae	g__Novosphingobium	s__unknown	o__OTU135
k__Bacteria	p__Proteobacteria	c__Gammaproteobacteria	o__Burkholderiales	f__Comamonadaceae	g__Acidovorax	s__Acidovorax delafieldii	o__OTU1350
k__Bacteria	p__GAL15	c__unknown	o__unknown	f__unknown	g__unknown	s__unknown	o__OTU13543
k__Bacteria	p__Proteobacteria	c__Gammaproteobacteria	o__Burkholderiales	f__Comamonadaceae	g__unknown	s__unknown	o__OTU1355
k__Bacteria	p__Proteobacteria	c__Alphaproteobacteria	o__Rickettsiales	f__SM2D12	g__unknown	s__unknown	o__OTU1362
k__Bacteria	p__Bacteroidota	c__Bacteroidia	o__Chitinophagales	f__Saprospiraceae	g__unknown	s__unknown	o__OTU1363
k__Bacteria	p__Bacteroidota	c__Bacteroidia	o__Cytophagales	f__MWH-CFBk5	g__unknown	s__unknown	o__OTU1364
k__Bacteria	p__Actinobacteriota	c__Acidimicrobiia	o__IMCC26256	f__unknown	g__unknown	s__unknown	o__OTU13652
k__Bacteria	p__Proteobacteria	c__Gammaproteobacteria	o__Burkholderiales	f__Comamonadaceae	g__Rhodoferax	s__unknown	o__OTU1366
k__Bacteria	p__Actinobacteriota	c__Actinobacteria	o__Micrococcales	f__Microbacteriaceae	g__unknown	s__unknown	o__OTU1370
k__Bacteria	p__Actinobacteriota	c__Acidimicrobiia	o__Microtrichales	f__unknown	g__unknown	s__unknown	o__OTU1372
k__Bacteria	p__Acidobacteriota	c__Acidobacteriae	o__Acidobacteriales	f__unknown	g__unknown	s__unknown	o__OTU13761
k__Bacteria	p__Proteobacteria	c__Gammaproteobacteria	o__Coxiellales	f__Coxiellaceae	g__unknown	s__unknown	o__OTU1377
k__Bacteria	p__NB1-j	c__unknown	o__unknown	f__unknown	g__unknown	s__unknown	o__OTU1380
k__Bacteria	p__Planctomycetota	c__Planctomycetes	o__Gemmatales	f__Gemmataceae	g__Fimbriiglobus	s__unknown	o__OTU1381
k__Bacteria	p__Proteobacteria	c__Gammaproteobacteria	o__Burkholderiales	f__Nitrosomonadaceae	g__Ellin6067	s__unknown	o__OTU1384
k__Bacteria	p__Proteobacteria	c__Alphaproteobacteria	o__Sphingomonadales	f__Sphingomonadaceae	g__Novosphingobium	s__unknown	o__OTU1388
k__Bacteria	p__Bacteroidota	c__Bacteroidia	o__Chitinophagales	f__Chitinophagaceae	g__Ferruginibacter	s__Ferruginibacter sp.	o__OTU139
k__Bacteria	p__Proteobacteria	c__Gammaproteobacteria	o__Burkholderiales	f__Comamonadaceae	g__Limnohabitans	s__unknown	o__OTU1395
k__Bacteria	p__Elusimicrobiota	c__Elusimicrobia	o__Lineage IV	f__unknown	g__unknown	s__unknown	o__OTU1396
k__Bacteria	p__Patescibacteria	c__Saccharimonadia	o__Saccharimonadales	f__unknown	g__unknown	s__unknown	o__OTU1401
k__Bacteria	p__Proteobacteria	c__Gammaproteobacteria	o__Burkholderiales	f__Nitrosomonadaceae	g__unknown	s__unknown	o__OTU1402
k__Bacteria	p__Proteobacteria	c__Gammaproteobacteria	o__Burkholderiales	f__Neisseriaceae	g__Neisseria	s__Neisseria meningitidis	o__OTU1404
k__Bacteria	p__Verrucomicrobiota	c__Verrucomicrobiae	o__Pedosphaerales	f__Pedosphaeraceae	g__unknown	s__unknown	o__OTU1405
k__Bacteria	p__Proteobacteria	c__Gammaproteobacteria	o__Legionellales	f__Legionellaceae	g__Legionella	s__unknown	o__OTU141
k__Bacteria	p__Proteobacteria	c__Gammaproteobacteria	o__Burkholderiales	f__Comamonadaceae	g__unknown	s__unknown	o__OTU1410
k__Bacteria	p__Bacteroidota	c__Bacteroidia	o__Chitinophagales	f__Chitinophagaceae	g__unknown	s__unknown	o__OTU1415
k__Bacteria	p__Planctomycetota	c__Planctomycetes	o__Gemmatales	f__Gemmataceae	g__Fimbriiglobus	s__unknown	o__OTU1420
k__Bacteria	p__Bdellovibrionota	c__Bdellovibrionia	o__Bacteriovoracales	f__Bacteriovoracaceae	g__Peredibacter	s__unknown	o__OTU1423
k__Bacteria	p__Dependentiae	c__Babeliae	o__Babeliales	f__unknown	g__unknown	s__unknown	o__OTU1427
k__Bacteria	p__Bacteroidota	c__Bacteroidia	o__Chitinophagales	f__Chitinophagaceae	g__Sediminibacterium	s__Candidatus Jacksonbacteria	o__OTU143
k__Bacteria	p__Proteobacteria	c__Alphaproteobacteria	o__Rhodobacterales	f__Rhodobacteraceae	g__unknown	s__unknown	o__OTU1430
k__Bacteria	p__Bacteroidota	c__Bacteroidia	o__unknown	f__unknown	g__unknown	s__unknown	o__OTU1431
k__Bacteria	p__Proteobacteria	c__Gammaproteobacteria	o__Burkholderiales	f__Oxalobacteraceae	g__unknown	s__unknown	o__OTU1432
k__Bacteria	p__Proteobacteria	c__Alphaproteobacteria	o__Caulobacterales	f__Caulobacteraceae	g__Phenylobacterium	s__unknown	o__OTU1433
k__Bacteria	p__Proteobacteria	c__Alphaproteobacteria	o__Rhizobiales	f__Beijerinckiaceae	g__alphaI cluster	s__unknown	o__OTU1435
k__Bacteria	p__Bacteroidota	c__Kapabacteria	o__Kapabacteriales	f__unknown	g__unknown	s__unknown	o__OTU1436
k__Bacteria	p__Bacteroidota	c__Bacteroidia	o__Sphingobacteriales	f__NS11-12 marine group	g__unknown	s__unknown	o__OTU1439
k__Bacteria	p__Bacteroidota	c__Bacteroidia	o__Cytophagales	f__Spirosomaceae	g__Pseudarcicella	s__unknown	o__OTU144
k__Bacteria	p__Proteobacteria	c__Gammaproteobacteria	o__Burkholderiales	f__Comamonadaceae	g__Variovorax	s__Variovorax paradoxus	o__OTU1440
k__Bacteria	p__Acidobacteriota	c__Vicinamibacteria	o__Vicinamibacterales	f__Vicinamibacteraceae	g__unknown	s__unknown	o__OTU1441
k__Bacteria	p__Dependentiae	c__Babeliae	o__Babeliales	f__	g__unknown	s__unknown	o__OTU1443
k__Bacteria	p__Proteobacteria	c__Alphaproteobacteria	o__Sphingomonadales	f__Sphingomonadaceae	g__Sphingorhabdus	s__Sphingomonas sp.	o__OTU1445
k__Bacteria	p__Proteobacteria	c__Alphaproteobacteria	o__Rhizobiales	f__A0839	g__unknown	s__unknown	o__OTU1447
k__Bacteria	p__Bacteroidota	c__Bacteroidia	o__Chitinophagales	f__Chitinophagaceae	g__unknown	s__unknown	o__OTU1448
k__Bacteria	p__Bacteroidota	c__Bacteroidia	o__Chitinophagales	f__Chitinophagaceae	g__Sediminibacterium	s__unknown	o__OTU1450
k__Bacteria	p__Bdellovibrionota	c__Bdellovibrionia	o__Bacteriovoracales	f__Bacteriovoracaceae	g__Peredibacter	s__microbial mat	o__OTU1455
k__Bacteria	p__Bacteroidota	c__Bacteroidia	o__Flavobacteriales	f__Flavobacteriaceae	g__Flavobacterium	s__unknown	o__OTU146
k__Bacteria	p__Proteobacteria	c__Alphaproteobacteria	o__Sphingomonadales	f__Sphingomonadaceae	g__Novosphingobium	s__Novosphingobium sp.	o__OTU1461
k__Bacteria	p__Bacteroidota	c__Kapabacteria	o__Kapabacteriales	f__unknown	g__unknown	s__unknown	o__OTU1462
k__Bacteria	p__Proteobacteria	c__Alphaproteobacteria	o__Caulobacterales	f__Caulobacteraceae	g__Phenylobacterium	s__Phenylobacterium sp. TMB1-24	o__OTU1468
k__Bacteria	p__Proteobacteria	c__Alphaproteobacteria	o__Reyranellales	f__Reyranellaceae	g__Reyranella	s__unknown	o__OTU1469
k__Bacteria	p__Verrucomicrobiota	c__Verrucomicrobiae	o__Opitutales	f__Opitutaceae	g__unknown	s__unknown	o__OTU147
k__Bacteria	p__Bacteroidota	c__Bacteroidia	o__Chitinophagales	f__Chitinophagaceae	g__Ferruginibacter	s__unknown	o__OTU1472
k__Bacteria	p__Proteobacteria	c__Gammaproteobacteria	o__unknown	f__unknown	g__unknown	s__unknown	o__OTU1479
k__Bacteria	p__Actinobacteriota	c__Actinobacteria	o__PeM15	f__unknown	g__unknown	s__unknown	o__OTU148
k__Bacteria	p__Proteobacteria	c__Alphaproteobacteria	o__Sphingomonadales	f__Sphingomonadaceae	g__Novosphingobium	s__unknown	o__OTU1482
k__Bacteria	p__Verrucomicrobiota	c__Verrucomicrobiae	o__Opitutales	f__unknown	g__unknown	s__unknown	o__OTU1483
k__Bacteria	p__Bacteroidota	c__Kapabacteria	o__Kapabacteriales	f__unknown	g__unknown	s__unknown	o__OTU1484
k__Bacteria	p__Proteobacteria	c__Alphaproteobacteria	o__Rhizobiales	f__Rhizobiaceae	g__Mesorhizobium	s__unknown	o__OTU1485
k__Bacteria	p__Planctomycetota	c__OM190	o__unknown	f__unknown	g__unknown	s__unknown	o__OTU149
k__Bacteria	p__Verrucomicrobiota	c__Verrucomicrobiae	o__Pedosphaerales	f__Pedosphaeraceae	g__unknown	s__unknown	o__OTU1490
k__Bacteria	p__Bacteroidota	c__Bacteroidia	o__Cytophagales	f__Microscillaceae	g__unknown	s__unknown	o__OTU1492
k__Bacteria	p__Actinobacteriota	c__Actinobacteria	o__Frankiales	f__Sporichthyaceae	g__unknown	s__unknown	o__OTU1497
k__Bacteria	p__Proteobacteria	c__Alphaproteobacteria	o__Rhodobacterales	f__Rhodobacteraceae	g__Rhodobacter	s__unknown	o__OTU1498
k__Bacteria	p__Planctomycetota	c__Phycisphaerae	o__Phycisphaerales	f__Phycisphaeraceae	g__SM1A02	s__unknown	o__OTU1501
k__Bacteria	p__Proteobacteria	c__Gammaproteobacteria	o__Burkholderiales	f__Comamonadaceae	g__Ottowia	s__unknown	o__OTU1504
k__Bacteria	p__Cyanobacteria	c__Cyanobacteriia	o__Cyanobacteriales	f__Microcystaceae	g__Snowella 0TU37S04	s__Snowella sp.	o__OTU1508
k__Bacteria	p__Bacteroidota	c__Bacteroidia	o__Flavobacteriales	f__Flavobacteriaceae	g__Flavobacterium	s__unknown	o__OTU1509
k__Bacteria	p__Proteobacteria	c__Alphaproteobacteria	o__Sphingomonadales	f__Sphingomonadaceae	g__Novosphingobium	s__unknown	o__OTU1510
k__Bacteria	p__Proteobacteria	c__Gammaproteobacteria	o__Pseudomonadales	f__Pseudomonadaceae	g__Pseudomonas	s__unknown	o__OTU1514
k__Bacteria	p__Bacteroidota	c__Bacteroidia	o__Flavobacteriales	f__NS9 marine group	g__unknown	s__unknown	o__OTU1515
k__Bacteria	p__Patescibacteria	c__Saccharimonadia	o__Saccharimonadales	f__unknown	g__unknown	s__unknown	o__OTU1525
k__Bacteria	p__Acidobacteriota	c__Vicinamibacteria	o__Vicinamibacterales	f__Vicinamibacteraceae	g__unknown	s__unknown	o__OTU1527
k__Bacteria	p__Bacteroidota	c__Bacteroidia	o__Chitinophagales	f__Chitinophagaceae	g__Ferruginibacter	s__	o__OTU1529
k__Bacteria	p__Bacteroidota	c__Bacteroidia	o__Sphingobacteriales	f__NS11-12 marine group	g__	s__unknown	o__OTU153
k__Bacteria	p__Proteobacteria	c__Alphaproteobacteria	o__Rhizobiales	f__Hyphomicrobiaceae	g__Hyphomicrobium	s__Hyphomicrobium facile	o__OTU1530
k__Bacteria	p__Proteobacteria	c__Gammaproteobacteria	o__Enterobacterales	f__Erwiniaceae	g__Pantoea	s__unknown	o__OTU1532
k__Bacteria	p__Proteobacteria	c__Gammaproteobacteria	o__Xanthomonadales	f__Xanthomonadaceae	g__Stenotrophomonas	s__unknown	o__OTU1541
k__Bacteria	p__Proteobacteria	c__Gammaproteobacteria	o__Burkholderiales	f__Comamonadaceae	g__unknown	s__unknown	o__OTU1544
k__Bacteria	p__Bacteroidota	c__Bacteroidia	o__Chitinophagales	f__37-13	g__unknown	s__unknown	o__OTU1546
k__Bacteria	p__Firmicutes	c__Bacilli	o__Bacillales	f__Bacillaceae	g__Bacillus	s__unknown	o__OTU156
k__Bacteria	p__Planctomycetota	c__Planctomycetes	o__Gemmatales	f__Gemmataceae	g__Gemmata	s__unknown	o__OTU1562
k__Bacteria	p__Planctomycetota	c__OM190	o__unknown	f__unknown	g__unknown	s__unknown	o__OTU1566
k__Bacteria	p__Bacteroidota	c__Bacteroidia	o__Chitinophagales	f__37-13	g__unknown	s__unknown	o__OTU1568
k__Bacteria	p__Proteobacteria	c__Alphaproteobacteria	o__SAR11 clade	f__Clade III	g__unknown	s__unknown	o__OTU157
k__Bacteria	p__Proteobacteria	c__Alphaproteobacteria	o__Sphingomonadales	f__Sphingomonadaceae	g__Novosphingobium	s__Novosphingobium hassiacum	o__OTU1570
k__Bacteria	p__Proteobacteria	c__Gammaproteobacteria	o__Burkholderiales	f__Nitrosomonadaceae	g__DSSD61	s__unknown	o__OTU1574
k__Bacteria	p__Proteobacteria	c__Gammaproteobacteria	o__Burkholderiales	f__Comamonadaceae	g__unknown	s__unknown	o__OTU1576
k__Bacteria	p__Verrucomicrobiota	c__Chlamydiae	o__Chlamydiales	f__Parachlamydiaceae	g__unknown	s__unknown	o__OTU1579
k__Bacteria	p__Planctomycetota	c__OM190	o__unknown	f__unknown	g__unknown	s__unknown	o__OTU158
k__Bacteria	p__Verrucomicrobiota	c__Verrucomicrobiae	o__Pedosphaerales	f__Pedosphaeraceae	g__Ellin517	s__unknown	o__OTU1581
k__Bacteria	p__Actinobacteriota	c__Actinobacteria	o__Propionibacteriales	f__Nocardioidaceae	g__Nocardioides	s__unknown	o__OTU1583
k__Bacteria	p__Proteobacteria	c__Alphaproteobacteria	o__unknown	f__unknown	g__unknown	s__unknown	o__OTU1584
k__Bacteria	p__Verrucomicrobiota	c__Chlamydiae	o__Chlamydiales	f__Parachlamydiaceae	g__Candidatus Protochlamydia	s__Parachlamydiaceae bacterium	o__OTU1585
k__Bacteria	p__Bdellovibrionota	c__Oligoflexia	o__Oligoflexales	f__Oligoflexaceae	g__unknown	s__unknown	o__OTU1587
k__Bacteria	p__Proteobacteria	c__Alphaproteobacteria	o__Rhizobiales	f__Xanthobacteraceae	g__Afipia	s__unknown	o__OTU159
k__Bacteria	p__Bacteroidota	c__Bacteroidia	o__Chitinophagales	f__Chitinophagaceae	g__Aurantisolimonas	s__unknown	o__OTU1590
k__Bacteria	p__Patescibacteria	c__Saccharimonadia	o__Saccharimonadales	f__	g__unknown	s__unknown	o__OTU1591
k__Bacteria	p__Firmicutes	c__Bacilli	o__Lactobacillales	f__Listeriaceae	g__Listeria	s__unknown	o__OTU1598
k__Bacteria	p__Verrucomicrobiota	c__Verrucomicrobiae	o__Pedosphaerales	f__Pedosphaeraceae	g__unknown	s__unknown	o__OTU1599
k__Bacteria	p__Proteobacteria	c__Alphaproteobacteria	o__Caulobacterales	f__Caulobacteraceae	g__Phenylobacterium	s__unknown	o__OTU16
k__Bacteria	p__Proteobacteria	c__Gammaproteobacteria	o__Enterobacterales	f__Yersiniaceae	g__Serratia	s__unknown	o__OTU160
k__Bacteria	p__Bacteroidota	c__Bacteroidia	o__Sphingobacteriales	f__NS11-12 marine group	g__unknown	s__unknown	o__OTU1606
k__Bacteria	p__Proteobacteria	c__Gammaproteobacteria	o__Burkholderiales	f__Rhodocyclaceae	g__Sulfuritalea	s__unknown	o__OTU1607
k__Bacteria	p__Myxococcota	c__Polyangia	o__Haliangiales	f__Haliangiaceae	g__Haliangium	s__unknown	o__OTU1608
k__Bacteria	p__Proteobacteria	c__Gammaproteobacteria	o__unknown	f__unknown	g__unknown	s__unknown	o__OTU1610
k__Bacteria	p__Bacteroidota	c__Bacteroidia	o__Flavobacteriales	f__Flavobacteriaceae	g__Flavobacterium	s__unknown	o__OTU1615
k__Bacteria	p__Actinobacteriota	c__Actinobacteria	o__Propionibacteriales	f__Propionibacteriaceae	g__Cutibacterium	s__unknown	o__OTU162
k__Bacteria	p__Bdellovibrionota	c__Bdellovibrionia	o__Bacteriovoracales	f__Bacteriovoracaceae	g__Peredibacter	s__microbial mat	o__OTU1620
k__Bacteria	p__Proteobacteria	c__Gammaproteobacteria	o__Burkholderiales	f__Nitrosomonadaceae	g__Ellin6067	s__bacterium TG154	o__OTU1623
k__Bacteria	p__Proteobacteria	c__Gammaproteobacteria	o__Burkholderiales	f__Comamonadaceae	g__unknown	s__unknown	o__OTU1624
k__Bacteria	p__Bacteroidota	c__Bacteroidia	o__Cytophagales	f__Microscillaceae	g__unknown	s__unknown	o__OTU163
k__Bacteria	p__Actinobacteriota	c__Acidimicrobiia	o__Microtrichales	f__Iamiaceae	g__Iamia	s__unknown	o__OTU1630
k__Bacteria	p__Bacteroidota	c__Bacteroidia	o__Chitinophagales	f__Chitinophagaceae	g__unknown	s__unknown	o__OTU1636
k__Bacteria	p__Myxococcota	c__Polyangia	o__Polyangiales	f__Sandaracinaceae	g__unknown	s__unknown	o__OTU1637
k__Bacteria	p__Proteobacteria	c__Alphaproteobacteria	o__Rickettsiales	f__unknown	g__unknown	s__unknown	o__OTU1640
k__Bacteria	p__Bacteroidota	c__Bacteroidia	o__Chitinophagales	f__Chitinophagaceae	g__Ferruginibacter	s__Ferruginibacter sp.	o__OTU1644
k__Bacteria	p__Bacteroidota	c__Bacteroidia	o__Cytophagales	f__Microscillaceae	g__Hassallia	s__Hassallia byssoidea	o__OTU1645
k__Bacteria	p__Proteobacteria	c__Gammaproteobacteria	o__Legionellales	f__Legionellaceae	g__Legionella	s__unknown	o__OTU1651
k__Bacteria	p__Proteobacteria	c__Alphaproteobacteria	o__Rhizobiales	f__	g__unknown	s__unknown	o__OTU1652
k__Bacteria	p__Bacteroidota	c__Bacteroidia	o__Chitinophagales	f__Chitinophagaceae	g__Edaphobaculum	s__unknown	o__OTU1653
k__Bacteria	p__Patescibacteria	c__Saccharimonadia	o__Saccharimonadales	f__unknown	g__unknown	s__unknown	o__OTU1657
k__Bacteria	p__Proteobacteria	c__Alphaproteobacteria	o__Rhizobiales	f__Xanthobacteraceae	g__Tardiphaga	s__Tardiphaga robiniae	o__OTU166
k__Bacteria	p__Bacteroidota	c__Bacteroidia	o__Chitinophagales	f__Chitinophagaceae	g__Ferruginibacter	s__unknown	o__OTU1660
k__Bacteria	p__Proteobacteria	c__Alphaproteobacteria	o__Caulobacterales	f__Caulobacteraceae	g__Phenylobacterium	s__Phenylobacterium muchangponense	o__OTU1662
k__Bacteria	p__Proteobacteria	c__Gammaproteobacteria	o__Burkholderiales	f__Sutterellaceae	g__AAP99	s__unknown	o__OTU1663
k__Bacteria	p__Proteobacteria	c__Alphaproteobacteria	o__Rickettsiales	f__SM2D12	g__unknown	s__unknown	o__OTU1664
k__Bacteria	p__Actinobacteriota	c__Acidimicrobiia	o__Microtrichales	f__Iamiaceae	g__Iamia	s__unknown	o__OTU1666
k__Bacteria	p__Actinobacteriota	c__Acidimicrobiia	o__Microtrichales	f__unknown	g__unknown	s__unknown	o__OTU1676
k__Bacteria	p__Proteobacteria	c__Alphaproteobacteria	o__Sphingomonadales	f__Sphingomonadaceae	g__unknown	s__unknown	o__OTU1679
k__Bacteria	p__Proteobacteria	c__Alphaproteobacteria	o__Rhizobiales	f__Hyphomicrobiaceae	g__Pedomicrobium	s__unknown	o__OTU1680
k__Bacteria	p__WPS-2	c__unknown	o__unknown	f__unknown	g__unknown	s__unknown	o__OTU1683
k__Bacteria	p__MBNT15	c__unknown	o__unknown	f__unknown	g__unknown	s__unknown	o__OTU1698
k__Bacteria	p__Proteobacteria	c__Gammaproteobacteria	o__Burkholderiales	f__Comamonadaceae	g__Polaromonas	s__unknown	o__OTU17
k__Bacteria	p__Bacteroidota	c__Bacteroidia	o__Cytophagales	f__Cytophagaceae	g__Cytophaga	s__Hypsibius dujardini	o__OTU170
k__Bacteria	p__Actinobacteriota	c__Acidimicrobiia	o__Microtrichales	f__Iamiaceae	g__Iamia	s__unknown	o__OTU1702
k__Bacteria	p__Proteobacteria	c__Alphaproteobacteria	o__Rhodobacterales	f__Rhodobacteraceae	g__Pseudorhodobacter	s__unknown	o__OTU1703
k__Bacteria	p__Bacteroidota	c__Bacteroidia	o__Chitinophagales	f__Chitinophagaceae	g__Sediminibacterium	s__unknown	o__OTU1707
k__Bacteria	p__Verrucomicrobiota	c__Verrucomicrobiae	o__Chthoniobacterales	f__Chthoniobacteraceae	g__Chthoniobacter	s__unknown	o__OTU171
k__Bacteria	p__Proteobacteria	c__Gammaproteobacteria	o__Burkholderiales	f__Nitrosomonadaceae	g__Ellin6067	s__unknown	o__OTU1710
k__Bacteria	p__Proteobacteria	c__Gammaproteobacteria	o__Burkholderiales	f__Oxalobacteraceae	g__unknown	s__unknown	o__OTU1711
k__Bacteria	p__Proteobacteria	c__Alphaproteobacteria	o__Rhizobiales	f__Xanthobacteraceae	g__unknown	s__unknown	o__OTU1713
k__Bacteria	p__Proteobacteria	c__Gammaproteobacteria	o__Legionellales	f__Legionellaceae	g__Legionella	s__unknown	o__OTU1715
k__Bacteria	p__Bacteroidota	c__Bacteroidia	o__Cytophagales	f__Spirosomaceae	g__Emticicia	s__Emticicia sediminis	o__OTU172
k__Bacteria	p__Bacteroidota	c__Kapabacteria	o__Kapabacteriales	f__unknown	g__unknown	s__unknown	o__OTU1720
k__Bacteria	p__Verrucomicrobiota	c__Kiritimatiellae	o__WCHB1-41	f__unknown	g__unknown	s__unknown	o__OTU1724
k__Bacteria	p__Gemmatimonadota	c__Gemmatimonadetes	o__Gemmatimonadales	f__Gemmatimonadaceae	g__Gemmatimonas	s__unknown	o__OTU1725
k__Bacteria	p__Bacteroidota	c__Bacteroidia	o__Cytophagales	f__Microscillaceae	g__unknown	s__unknown	o__OTU1726
k__Bacteria	p__Actinobacteriota	c__Acidimicrobiia	o__Microtrichales	f__Iamiaceae	g__unknown	s__unknown	o__OTU1727
k__Bacteria	p__Proteobacteria	c__Gammaproteobacteria	o__Burkholderiales	f__Comamonadaceae	g__Aquabacterium	s__bacterium C1(2014)	o__OTU1729
k__Bacteria	p__Verrucomicrobiota	c__Verrucomicrobiae	o__Verrucomicrobiales	f__Rubritaleaceae	g__Luteolibacter	s__Luteolibacter algae	o__OTU173
k__Bacteria	p__Myxococcota	c__Polyangia	o__Polyangiales	f__Phaselicystidaceae	g__Phaselicystis	s__	o__OTU1737
k__Bacteria	p__Proteobacteria	c__Gammaproteobacteria	o__Burkholderiales	f__Comamonadaceae	g__Acidovorax	s__unknown	o__OTU174
k__Bacteria	p__Proteobacteria	c__Gammaproteobacteria	o__Xanthomonadales	f__Xanthomonadaceae	g__Stenotrophomonas	s__unknown	o__OTU1740
k__Bacteria	p__Proteobacteria	c__Alphaproteobacteria	o__Sphingomonadales	f__Sphingomonadaceae	g__Sphingorhabdus	s__Sphingomonas sp.	o__OTU1741
k__Bacteria	p__Bacteroidota	c__Bacteroidia	o__Chitinophagales	f__Chitinophagaceae	g__Ferruginibacter	s__unknown	o__OTU1745
k__Bacteria	p__Proteobacteria	c__Alphaproteobacteria	o__Rhodobacterales	f__Rhodobacteraceae	g__Pseudorhodobacter	s__Pseudorhodobacter wandonensis	o__OTU1746
k__Bacteria	p__Acidobacteriota	c__Acidobacteriae	o__Solibacterales	f__Solibacteraceae	g__Candidatus Solibacter	s__unknown	o__OTU175
k__Bacteria	p__Actinobacteriota	c__Actinobacteria	o__Frankiales	f__Sporichthyaceae	g__Longivirga	s__unknown	o__OTU1750
k__Bacteria	p__Bacteroidota	c__Bacteroidia	o__Sphingobacteriales	f__KD3-93	g__unknown	s__unknown	o__OTU1755
k__Bacteria	p__Verrucomicrobiota	c__Verrucomicrobiae	o__Verrucomicrobiales	f__DEV007	g__unknown	s__unknown	o__OTU1756
k__Bacteria	p__Actinobacteriota	c__Actinobacteria	o__Micrococcales	f__Intrasporangiaceae	g__unknown	s__unknown	o__OTU1758
k__Bacteria	p__Proteobacteria	c__Alphaproteobacteria	o__Rhodobacterales	f__Rhodobacteraceae	g__unknown	s__unknown	o__OTU176
k__Bacteria	p__Actinobacteriota	c__Acidimicrobiia	o__Microtrichales	f__Microtrichaceae	g__IMCC26207	s__unknown	o__OTU1760
k__Bacteria	p__Bacteroidota	c__Kapabacteria	o__Kapabacteriales	f__unknown	g__unknown	s__unknown	o__OTU1766
k__Bacteria	p__Proteobacteria	c__Gammaproteobacteria	o__Burkholderiales	f__Nitrosomonadaceae	g__oc32	s__unknown	o__OTU1767
k__Bacteria	p__Proteobacteria	c__Gammaproteobacteria	o__Pseudomonadales	f__Pseudomonadaceae	g__Pseudomonas	s__unknown	o__OTU1771
k__Bacteria	p__Bdellovibrionota	c__Bdellovibrionia	o__Bacteriovoracales	f__Bacteriovoracaceae	g__unknown	s__	o__OTU1774
k__Bacteria	p__Proteobacteria	c__Alphaproteobacteria	o__Rhodobacterales	f__Rhodobacteraceae	g__unknown	s__unknown	o__OTU1783
k__Bacteria	p__Bacteroidota	c__Bacteroidia	o__Cytophagales	f__Hymenobacteraceae	g__Hymenobacter	s__unknown	o__OTU1784
k__Bacteria	p__Verrucomicrobiota	c__Chlamydiae	o__Chlamydiales	f__Criblamydiaceae	g__Estrella	s__unknown	o__OTU1788
k__Bacteria	p__Proteobacteria	c__Gammaproteobacteria	o__Burkholderiales	f__Comamonadaceae	g__Hydrogenophaga	s__unknown	o__OTU179
k__Bacteria	p__Proteobacteria	c__Alphaproteobacteria	o__Azospirillales	f__Inquilinaceae	g__Inquilinus	s__unknown	o__OTU1797
k__Bacteria	p__Gemmatimonadota	c__Gemmatimonadetes	o__Gemmatimonadales	f__Gemmatimonadaceae	g__Gemmatimonas	s__	o__OTU1798
k__Bacteria	p__Verrucomicrobiota	c__Verrucomicrobiae	o__Chthoniobacterales	f__Chthoniobacteraceae	g__LD29	s__unknown	o__OTU18
k__Bacteria	p__Bacteroidota	c__Bacteroidia	o__Cytophagales	f__Spirosomaceae	g__Spirosoma	s__Spirosoma sp. HMF3257	o__OTU180
k__Bacteria	p__Actinobacteriota	c__Actinobacteria	o__Frankiales	f__Sporichthyaceae	g__Sporichthya	s__unknown	o__OTU1801
k__Bacteria	p__Acidobacteriota	c__Acidobacteriae	o__Bryobacterales	f__Bryobacteraceae	g__Bryobacter	s__unknown	o__OTU1802
k__Bacteria	p__Myxococcota	c__Polyangia	o__Polyangiales	f__Sandaracinaceae	g__unknown	s__unknown	o__OTU1804
k__Bacteria	p__Proteobacteria	c__Gammaproteobacteria	o__Pseudomonadales	f__Moraxellaceae	g__Acinetobacter	s__unknown	o__OTU1805
k__Bacteria	p__Planctomycetota	c__Planctomycetes	o__Pirellulales	f__Pirellulaceae	g__unknown	s__unknown	o__OTU181
k__Bacteria	p__Bacteroidota	c__Bacteroidia	o__Flavobacteriales	f__Flavobacteriaceae	g__Flavobacterium	s__Antarctic bacterium	o__OTU1811
k__Bacteria	p__Proteobacteria	c__Gammaproteobacteria	o__Burkholderiales	f__Oxalobacteraceae	g__Massilia	s__unknown	o__OTU1813
k__Bacteria	p__Proteobacteria	c__Alphaproteobacteria	o__Paracaedibacterales	f__Paracaedibacteraceae	g__Candidatus Paracaedibacter	s__unknown	o__OTU1816
k__Bacteria	p__Proteobacteria	c__Gammaproteobacteria	o__Burkholderiales	f__Comamonadaceae	g__Ideonella	s__unknown	o__OTU182
k__Bacteria	p__Bacteroidota	c__Bacteroidia	o__Chitinophagales	f__Chitinophagaceae	g__unknown	s__	o__OTU1821
k__Bacteria	p__Bacteroidota	c__Bacteroidia	o__Sphingobacteriales	f__env.OPS 17	g__unknown	s__unknown	o__OTU1823
k__Bacteria	p__Proteobacteria	c__Gammaproteobacteria	o__Burkholderiales	f__Comamonadaceae	g__Ottowia	s__unknown	o__OTU183
k__Bacteria	p__Proteobacteria	c__Gammaproteobacteria	o__Burkholderiales	f__Rhodocyclaceae	g__Sulfuritalea	s__unknown	o__OTU1837
k__Bacteria	p__Proteobacteria	c__Gammaproteobacteria	o__Burkholderiales	f__Comamonadaceae	g__Leptothrix	s__unknown	o__OTU184
k__Bacteria	p__Proteobacteria	c__Gammaproteobacteria	o__Burkholderiales	f__Nitrosomonadaceae	g__Ellin6067	s__unknown	o__OTU1842
k__Bacteria	p__Actinobacteriota	c__Actinobacteria	o__Propionibacteriales	f__Nocardioidaceae	g__Nocardioides	s__unknown	o__OTU1843
k__Bacteria	p__Actinobacteriota	c__Actinobacteria	o__Frankiales	f__unknown	g__unknown	s__unknown	o__OTU1853
k__Bacteria	p__Proteobacteria	c__Alphaproteobacteria	o__Sphingomonadales	f__Sphingomonadaceae	g__Sphingopyxis	s__alpha proteobacterium	o__OTU1854
k__Bacteria	p__Actinobacteriota	c__Actinobacteria	o__Frankiales	f__Sporichthyaceae	g__unknown	s__unknown	o__OTU1855
k__Bacteria	p__Actinobacteriota	c__Thermoleophilia	o__Gaiellales	f__Gaiellaceae	g__Gaiella	s__unknown	o__OTU1857
k__Bacteria	p__Proteobacteria	c__Alphaproteobacteria	o__Caulobacterales	f__Hyphomonadaceae	g__unknown	s__unknown	o__OTU1858
k__Bacteria	p__Proteobacteria	c__Gammaproteobacteria	o__Burkholderiales	f__Comamonadaceae	g__Ottowia	s__unknown	o__OTU1859
k__Bacteria	p__Proteobacteria	c__Gammaproteobacteria	o__Burkholderiales	f__Comamonadaceae	g__unknown	s__unknown	o__OTU186
k__Bacteria	p__Proteobacteria	c__Alphaproteobacteria	o__Sphingomonadales	f__Sphingomonadaceae	g__Sphingomonas	s__unknown	o__OTU1861
k__Bacteria	p__Bacteroidota	c__Bacteroidia	o__Flavobacteriales	f__Flavobacteriaceae	g__Flavobacterium	s__unknown	o__OTU1862
k__Bacteria	p__Verrucomicrobiota	c__Verrucomicrobiae	o__Verrucomicrobiales	f__Verrucomicrobiaceae	g__unknown	s__unknown	o__OTU1865
k__Bacteria	p__Actinobacteriota	c__Actinobacteria	o__Micrococcales	f__Microbacteriaceae	g__unknown	s__unknown	o__OTU1867
k__Bacteria	p__Planctomycetota	c__Planctomycetes	o__Pirellulales	f__Pirellulaceae	g__unknown	s__unknown	o__OTU187
k__Bacteria	p__Verrucomicrobiota	c__Verrucomicrobiae	o__Verrucomicrobiales	f__Rubritaleaceae	g__Luteolibacter	s__unknown	o__OTU1873
k__Bacteria	p__Proteobacteria	c__Alphaproteobacteria	o__Rhodobacterales	f__Rhodobacteraceae	g__Rhodobacter	s__unknown	o__OTU1877
k__Bacteria	p__Actinobacteriota	c__Acidimicrobiia	o__Microtrichales	f__unknown	g__unknown	s__unknown	o__OTU1878
k__Bacteria	p__Planctomycetota	c__Planctomycetes	o__Pirellulales	f__Pirellulaceae	g__unknown	s__unknown	o__OTU188
k__Bacteria	p__Proteobacteria	c__Alphaproteobacteria	o__Rhizobiales	f__Beijerinckiaceae	g__alphaI cluster	s__	o__OTU1884
k__Bacteria	p__Proteobacteria	c__Alphaproteobacteria	o__Rickettsiales	f__Rickettsiaceae	g__unknown	s__unknown	o__OTU1889
k__Bacteria	p__Proteobacteria	c__Alphaproteobacteria	o__Rhizobiales	f__Xanthobacteraceae	g__unknown	s__unknown	o__OTU189
k__Bacteria	p__Verrucomicrobiota	c__Verrucomicrobiae	o__Pedosphaerales	f__Pedosphaeraceae	g__Ellin517	s__unknown	o__OTU1894
k__Bacteria	p__Bacteroidota	c__Bacteroidia	o__Chitinophagales	f__37-13	g__	s__unknown	o__OTU1896
k__Bacteria	p__Proteobacteria	c__Alphaproteobacteria	o__Rhodospirillales	f__Rhodospirillaceae	g__unknown	s__unknown	o__OTU1897
k__Bacteria	p__Armatimonadota	c__Fimbriimonadia	o__Fimbriimonadales	f__Fimbriimonadaceae	g__unknown	s__unknown	o__OTU1898
k__Bacteria	p__Bacteroidota	c__Bacteroidia	o__Chitinophagales	f__Chitinophagaceae	g__Sediminibacterium	s__unknown	o__OTU19
k__Bacteria	p__Verrucomicrobiota	c__Verrucomicrobiae	o__Pedosphaerales	f__Pedosphaeraceae	g__	s__unknown	o__OTU1901
k__Bacteria	p__Acidobacteriota	c__Blastocatellia	o__Blastocatellales	f__Blastocatellaceae	g__unknown	s__unknown	o__OTU1902
k__Bacteria	p__WPS-2	c__unknown	o__unknown	f__unknown	g__unknown	s__unknown	o__OTU1906
k__Bacteria	p__Planctomycetota	c__Planctomycetes	o__Pirellulales	f__Pirellulaceae	g__unknown	s__unknown	o__OTU191
k__Bacteria	p__Myxococcota	c__Polyangia	o__Polyangiales	f__Polyangiaceae	g__Pajaroellobacter	s__unknown	o__OTU1912
k__Bacteria	p__Fusobacteriota	c__Fusobacteriia	o__Fusobacteriales	f__Fusobacteriaceae	g__Cetobacterium	s__Cetobacterium somerae	o__OTU1914
k__Bacteria	p__Actinobacteriota	c__Acidimicrobiia	o__Microtrichales	f__unknown	g__unknown	s__unknown	o__OTU1918
k__Bacteria	p__Proteobacteria	c__Gammaproteobacteria	o__Burkholderiales	f__Comamonadaceae	g__Polaromonas	s__unknown	o__OTU192
k__Bacteria	p__Proteobacteria	c__Gammaproteobacteria	o__unknown	f__unknown	g__unknown	s__unknown	o__OTU1923
k__Bacteria	p__Actinobacteriota	c__Thermoleophilia	o__Solirubrobacterales	f__67-14	g__	s__unknown	o__OTU1932
k__Bacteria	p__Verrucomicrobiota	c__Verrucomicrobiae	o__Pedosphaerales	f__Pedosphaeraceae	g__DEV114	s__unknown	o__OTU1933
k__Bacteria	p__Planctomycetota	c__Planctomycetes	o__Gemmatales	f__Gemmataceae	g__Gemmata	s__unknown	o__OTU1934
k__Bacteria	p__Proteobacteria	c__Gammaproteobacteria	o__	f__	g__unknown	s__unknown	o__OTU194
k__Bacteria	p__Proteobacteria	c__Alphaproteobacteria	o__Acetobacterales	f__Acetobacteraceae	g__unknown	s__unknown	o__OTU1941
k__Bacteria	p__Proteobacteria	c__Gammaproteobacteria	o__Burkholderiales	f__Alcaligenaceae	g__Achromobacter	s__unknown	o__OTU1948
k__Bacteria	p__Proteobacteria	c__Alphaproteobacteria	o__Rhizobiales	f__unknown	g__unknown	s__unknown	o__OTU195
k__Bacteria	p__Proteobacteria	c__Alphaproteobacteria	o__Caulobacterales	f__Caulobacteraceae	g__Caulobacter	s__unknown	o__OTU1953
k__Bacteria	p__Actinobacteriota	c__Acidimicrobiia	o__Microtrichales	f__Ilumatobacteraceae	g__CL500-29 marine group	s__unknown	o__OTU1962
k__Bacteria	p__Gemmatimonadota	c__Gemmatimonadetes	o__Gemmatimonadales	f__Gemmatimonadaceae	g__unknown	s__unknown	o__OTU1963
k__Bacteria	p__Bacteroidota	c__Bacteroidia	o__Chitinophagales	f__Saprospiraceae	g__unknown	s__unknown	o__OTU1966
k__Bacteria	p__Proteobacteria	c__Gammaproteobacteria	o__Burkholderiales	f__Burkholderiaceae	g__Ralstonia	s__unknown	o__OTU1969
k__Bacteria	p__Verrucomicrobiota	c__Verrucomicrobiae	o__Methylacidiphilales	f__Methylacidiphilaceae	g__unknown	s__unknown	o__OTU197
k__Bacteria	p__Bacteroidota	c__Bacteroidia	o__Cytophagales	f__Microscillaceae	g__OLB12	s__unknown	o__OTU1970
k__Bacteria	p__Verrucomicrobiota	c__Verrucomicrobiae	o__Opitutales	f__Opitutaceae	g__Opitutus	s__unknown	o__OTU1977
k__Bacteria	p__Proteobacteria	c__Alphaproteobacteria	o__Rhodobacterales	f__Rhodobacteraceae	g__Rhodobacter	s__	o__OTU1987
k__Bacteria	p__Proteobacteria	c__Alphaproteobacteria	o__Rickettsiales	f__unknown	g__unknown	s__unknown	o__OTU1988
k__Bacteria	p__Proteobacteria	c__Alphaproteobacteria	o__Rhizobiales	f__Xanthobacteraceae	g__Bradyrhizobium	s__unknown	o__OTU199
k__Bacteria	p__Proteobacteria	c__Alphaproteobacteria	o__Sphingomonadales	f__Sphingomonadaceae	g__Sphingorhabdus	s__unknown	o__OTU1993
k__Bacteria	p__Patescibacteria	c__ABY1	o__Candidatus Uhrbacteria	f__unknown	g__unknown	s__unknown	o__OTU1995
k__Bacteria	p__Bacteroidota	c__Bacteroidia	o__Chitinophagales	f__Chitinophagaceae	g__Sediminibacterium	s__unknown	o__OTU2
k__Bacteria	p__Bacteroidota	c__Bacteroidia	o__Chitinophagales	f__Chitinophagaceae	g__Ferruginibacter	s__	o__OTU2001
k__Bacteria	p__Bacteroidota	c__Bacteroidia	o__Cytophagales	f__Amoebophilaceae	g__Candidatus Amoebophilus	s__unknown	o__OTU2003
k__Bacteria	p__Actinobacteriota	c__Actinobacteria	o__Frankiales	f__Sporichthyaceae	g__Longivirga	s__unknown	o__OTU2011
k__Bacteria	p__Proteobacteria	c__Alphaproteobacteria	o__Sphingomonadales	f__Sphingomonadaceae	g__Sphingosinicella	s__unknown	o__OTU2014
k__Bacteria	p__Bacteroidota	c__Bacteroidia	o__Sphingobacteriales	f__Sphingobacteriaceae	g__Nubsella	s__Pedobacter nanyangensis	o__OTU2015
k__Bacteria	p__Planctomycetota	c__Planctomycetes	o__Planctomycetales	f__Rubinisphaeraceae	g__unknown	s__unknown	o__OTU2018
k__Bacteria	p__Actinobacteriota	c__Acidimicrobiia	o__Microtrichales	f__Ilumatobacteraceae	g__CL500-29 marine group	s__unknown	o__OTU202
k__Bacteria	p__Planctomycetota	c__Planctomycetes	o__Gemmatales	f__Gemmataceae	g__unknown	s__unknown	o__OTU2022
k__Bacteria	p__Bacteroidota	c__Bacteroidia	o__Chitinophagales	f__Chitinophagaceae	g__Sediminibacterium	s__unknown	o__OTU203
k__Bacteria	p__Proteobacteria	c__Gammaproteobacteria	o__Burkholderiales	f__Comamonadaceae	g__unknown	s__unknown	o__OTU2032
k__Bacteria	p__Bdellovibrionota	c__Oligoflexia	o__0319-6G20	f__	g__unknown	s__unknown	o__OTU2033
k__Bacteria	p__Actinobacteriota	c__Thermoleophilia	o__Gaiellales	f__unknown	g__unknown	s__unknown	o__OTU2037
k__Bacteria	p__Bacteroidota	c__Bacteroidia	o__Sphingobacteriales	f__env.OPS 17	g__	s__unknown	o__OTU204
k__Bacteria	p__Proteobacteria	c__Gammaproteobacteria	o__Burkholderiales	f__Comamonadaceae	g__Leptothrix	s__beta proteobacterium	o__OTU2046
k__Bacteria	p__Proteobacteria	c__Gammaproteobacteria	o__Legionellales	f__Legionellaceae	g__Legionella	s__unknown	o__OTU2051
k__Bacteria	p__Proteobacteria	c__Gammaproteobacteria	o__Legionellales	f__Legionellaceae	g__unknown	s__unknown	o__OTU2053
k__Bacteria	p__Bacteroidota	c__Bacteroidia	o__Sphingobacteriales	f__KD3-93	g__unknown	s__unknown	o__OTU2054
k__Bacteria	p__Proteobacteria	c__Alphaproteobacteria	o__Rhizobiales	f__Xanthobacteraceae	g__Bradyrhizobium	s__unknown	o__OTU206
k__Bacteria	p__Proteobacteria	c__Alphaproteobacteria	o__Sphingomonadales	f__Sphingomonadaceae	g__Sphingopyxis	s__alpha proteobacterium	o__OTU2069
k__Bacteria	p__Gemmatimonadota	c__Gemmatimonadetes	o__Gemmatimonadales	f__Gemmatimonadaceae	g__unknown	s__unknown	o__OTU207
k__Bacteria	p__Proteobacteria	c__Alphaproteobacteria	o__Caulobacterales	f__Caulobacteraceae	g__Phenylobacterium	s__unknown	o__OTU2070
k__Bacteria	p__Myxococcota	c__Polyangia	o__Nannocystales	f__Nannocystaceae	g__Nannocystis	s__unknown	o__OTU2071
k__Bacteria	p__Proteobacteria	c__Gammaproteobacteria	o__Burkholderiales	f__Rhodocyclaceae	g__Sulfuritalea	s__unknown	o__OTU2074
k__Bacteria	p__Proteobacteria	c__Gammaproteobacteria	o__Pseudomonadales	f__Moraxellaceae	g__Acinetobacter	s__unknown	o__OTU2075
k__Archaea	p__Crenarchaeota	c__Nitrososphaeria	o__Nitrososphaerales	f__Nitrososphaeraceae	g__	s__unknown	o__OTU2077
k__Bacteria	p__unknown	c__unknown	o__unknown	f__unknown	g__unknown	s__unknown	o__OTU208
k__Bacteria	p__Verrucomicrobiota	c__Chlamydiae	o__Chlamydiales	f__Simkaniaceae	g__unknown	s__unknown	o__OTU2080
k__Bacteria	p__Proteobacteria	c__Gammaproteobacteria	o__unknown	f__unknown	g__unknown	s__unknown	o__OTU2081
k__Bacteria	p__Proteobacteria	c__Gammaproteobacteria	o__Burkholderiales	f__Comamonadaceae	g__Ramlibacter	s__Ramlibacter sp.	o__OTU2083
k__Bacteria	p__Actinobacteriota	c__Acidimicrobiia	o__unknown	f__unknown	g__unknown	s__unknown	o__OTU2090
k__Bacteria	p__Proteobacteria	c__Alphaproteobacteria	o__Rhizobiales	f__Rhizobiaceae	g__unknown	s__unknown	o__OTU2094
k__Bacteria	p__Verrucomicrobiota	c__Verrucomicrobiae	o__Verrucomicrobiales	f__Verrucomicrobiaceae	g__Prosthecobacter	s__unknown	o__OTU2099
k__Bacteria	p__Proteobacteria	c__Gammaproteobacteria	o__Burkholderiales	f__Nitrosomonadaceae	g__DSSD61	s__unknown	o__OTU21
k__Bacteria	p__Verrucomicrobiota	c__Verrucomicrobiae	o__Verrucomicrobiales	f__Rubritaleaceae	g__Luteolibacter	s__unknown	o__OTU210
k__Bacteria	p__Bacteroidota	c__Kapabacteria	o__Kapabacteriales	f__unknown	g__unknown	s__unknown	o__OTU2104
k__Bacteria	p__Proteobacteria	c__Gammaproteobacteria	o__Burkholderiales	f__Sutterellaceae	g__unknown	s__unknown	o__OTU2108
k__Bacteria	p__Methylomirabilota	c__Methylomirabilia	o__Rokubacteriales	f__unknown	g__unknown	s__unknown	o__OTU2117
k__Bacteria	p__Actinobacteriota	c__Actinobacteria	o__Micrococcales	f__Microbacteriaceae	g__unknown	s__unknown	o__OTU212
k__Bacteria	p__Firmicutes	c__Clostridia	o__Peptostreptococcales-Tissierellales	f__Peptostreptococcaceae	g__Romboutsia	s__unknown	o__OTU2120
k__Bacteria	p__Proteobacteria	c__Alphaproteobacteria	o__Rhizobiales	f__Hyphomicrobiaceae	g__Pedomicrobium	s__unknown	o__OTU2123
k__Bacteria	p__Proteobacteria	c__Alphaproteobacteria	o__Rhizobiales	f__Rhizobiaceae	g__unknown	s__unknown	o__OTU213
k__Bacteria	p__Proteobacteria	c__Alphaproteobacteria	o__Sphingomonadales	f__Sphingomonadaceae	g__Sphingopyxis	s__unknown	o__OTU2139
k__Bacteria	p__Proteobacteria	c__Gammaproteobacteria	o__Burkholderiales	f__Oxalobacteraceae	g__unknown	s__unknown	o__OTU214
k__Bacteria	p__Proteobacteria	c__Gammaproteobacteria	o__Burkholderiales	f__Comamonadaceae	g__unknown	s__unknown	o__OTU2145
k__Bacteria	p__Bacteroidota	c__Bacteroidia	o__Chitinophagales	f__Chitinophagaceae	g__unknown	s__unknown	o__OTU2149
k__Bacteria	p__Planctomycetota	c__Planctomycetes	o__Gemmatales	f__Gemmataceae	g__unknown	s__unknown	o__OTU2152
k__Bacteria	p__Proteobacteria	c__Alphaproteobacteria	o__Acetobacterales	f__Acetobacteraceae	g__Roseomonas	s__Roseomonas aquatica	o__OTU2159
k__Bacteria	p__Proteobacteria	c__Alphaproteobacteria	o__Rickettsiales	f__Rickettsiaceae	g__Candidatus Megaira	s__	o__OTU216
k__Bacteria	p__Elusimicrobiota	c__Elusimicrobia	o__Lineage IV	f__unknown	g__unknown	s__unknown	o__OTU2164
k__Bacteria	p__Proteobacteria	c__Gammaproteobacteria	o__Burkholderiales	f__Comamonadaceae	g__Limnohabitans	s__unknown	o__OTU217
k__Bacteria	p__Actinobacteriota	c__Actinobacteria	o__Corynebacteriales	f__Mycobacteriaceae	g__Mycobacterium	s__Mycobacterium petroleophilum	o__OTU2171
k__Bacteria	p__Actinobacteriota	c__Actinobacteria	o__Frankiales	f__Sporichthyaceae	g__Longivirga	s__Longivirga aurantiaca	o__OTU2176
k__Bacteria	p__Bacteroidota	c__Kapabacteria	o__Kapabacteriales	f__unknown	g__unknown	s__unknown	o__OTU2187
k__Bacteria	p__Proteobacteria	c__Gammaproteobacteria	o__Burkholderiales	f__Comamonadaceae	g__unknown	s__unknown	o__OTU2188
k__Bacteria	p__Bacteroidota	c__Bacteroidia	o__Sphingobacteriales	f__env.OPS 17	g__unknown	s__unknown	o__OTU2189
k__Bacteria	p__Bacteroidota	c__Bacteroidia	o__Chitinophagales	f__Chitinophagaceae	g__Edaphobaculum	s__unknown	o__OTU2195
k__Bacteria	p__Actinobacteriota	c__Acidimicrobiia	o__Microtrichales	f__Microtrichaceae	g__unknown	s__unknown	o__OTU2199
k__Bacteria	p__Bacteroidota	c__Bacteroidia	o__Sphingobacteriales	f__NS11-12 marine group	g__Bacteroidetes bacterium UKL13-3	s__unknown	o__OTU22
k__Bacteria	p__Bacteroidota	c__Bacteroidia	o__Chitinophagales	f__Chitinophagaceae	g__unknown	s__	o__OTU220
k__Bacteria	p__Proteobacteria	c__Gammaproteobacteria	o__EV818SWSAP88	f__	g__unknown	s__unknown	o__OTU2201
k__Bacteria	p__Bacteroidota	c__Bacteroidia	o__Sphingobacteriales	f__NS11-12 marine group	g__unknown	s__unknown	o__OTU221
k__Bacteria	p__Bacteroidota	c__Bacteroidia	o__Sphingobacteriales	f__Sphingobacteriaceae	g__Pedobacter	s__unknown	o__OTU2210
k__Bacteria	p__Proteobacteria	c__Alphaproteobacteria	o__Rhizobiales	f__	g__unknown	s__unknown	o__OTU223
k__Bacteria	p__Proteobacteria	c__Alphaproteobacteria	o__Defluviicoccales	f__unknown	g__unknown	s__unknown	o__OTU224
k__Bacteria	p__Proteobacteria	c__Alphaproteobacteria	o__Rhizobiales	f__Xanthobacteraceae	g__unknown	s__unknown	o__OTU2246
k__Bacteria	p__Proteobacteria	c__Alphaproteobacteria	o__Rhizobiales	f__Xanthobacteraceae	g__Bradyrhizobium	s__unknown	o__OTU2249
k__Bacteria	p__Planctomycetota	c__Phycisphaerae	o__Phycisphaerales	f__Phycisphaeraceae	g__SM1A02	s__unknown	o__OTU225
k__Bacteria	p__Bacteroidota	c__Bacteroidia	o__Sphingobacteriales	f__env.OPS 17	g__unknown	s__unknown	o__OTU2259
k__Bacteria	p__Verrucomicrobiota	c__Verrucomicrobiae	o__Verrucomicrobiales	f__Verrucomicrobiaceae	g__unknown	s__unknown	o__OTU226
k__Bacteria	p__Firmicutes	c__Clostridia	o__Clostridiales	f__Clostridiaceae	g__Clostridium sensu stricto 1	s__unknown	o__OTU2263
k__Bacteria	p__Armatimonadota	c__Fimbriimonadia	o__Fimbriimonadales	f__Fimbriimonadaceae	g__unknown	s__unknown	o__OTU2265
k__Bacteria	p__Bacteroidota	c__Bacteroidia	o__Chitinophagales	f__Chitinophagaceae	g__Sediminibacterium	s__Candidatus Jacksonbacteria	o__OTU227
k__Bacteria	p__Bacteroidota	c__Kapabacteria	o__Kapabacteriales	f__unknown	g__unknown	s__unknown	o__OTU2276
k__Bacteria	p__Deinococcota	c__Deinococci	o__Deinococcales	f__Deinococcaceae	g__Deinococcus	s__Deinococcus aquatilis	o__OTU2279
k__Bacteria	p__Chloroflexi	c__Chloroflexia	o__Thermomicrobiales	f__JG30-KF-CM45	g__unknown	s__unknown	o__OTU228
k__Bacteria	p__Verrucomicrobiota	c__Verrucomicrobiae	o__Verrucomicrobiales	f__Verrucomicrobiaceae	g__Prosthecobacter	s__Cenchrus americanus	o__OTU2284
k__Bacteria	p__Proteobacteria	c__Alphaproteobacteria	o__Rhizobiales	f__Devosiaceae	g__Devosia	s__unknown	o__OTU2287
k__Bacteria	p__Actinobacteriota	c__Acidimicrobiia	o__Microtrichales	f__Microtrichaceae	g__unknown	s__unknown	o__OTU2288
k__Bacteria	p__Bacteroidota	c__Bacteroidia	o__Sphingobacteriales	f__KD3-93	g__unknown	s__unknown	o__OTU229
k__Bacteria	p__Actinobacteriota	c__Actinobacteria	o__Micrococcales	f__Microbacteriaceae	g__Microbacterium	s__unknown	o__OTU230
k__Bacteria	p__Proteobacteria	c__Alphaproteobacteria	o__Caulobacterales	f__Caulobacteraceae	g__Brevundimonas	s__unknown	o__OTU2313
k__Bacteria	p__Bdellovibrionota	c__Bdellovibrionia	o__Bacteriovoracales	f__Bacteriovoracaceae	g__Peredibacter	s__unknown	o__OTU2328
k__Bacteria	p__Actinobacteriota	c__Actinobacteria	o__Frankiales	f__Sporichthyaceae	g__Longivirga	s__unknown	o__OTU2331
k__Bacteria	p__Firmicutes	c__Bacilli	o__Bacillales	f__Bacillaceae	g__Bacillus	s__unknown	o__OTU2334
k__Bacteria	p__Gemmatimonadota	c__Gemmatimonadetes	o__Gemmatimonadales	f__Gemmatimonadaceae	g__Gemmatimonas	s__unknown	o__OTU234
k__Bacteria	p__Planctomycetota	c__Planctomycetes	o__Gemmatales	f__Gemmataceae	g__unknown	s__unknown	o__OTU2343
k__Bacteria	p__Bacteroidota	c__Bacteroidia	o__Chitinophagales	f__Chitinophagaceae	g__Sediminibacterium	s__Candidatus Jacksonbacteria	o__OTU235
k__Bacteria	p__Proteobacteria	c__Alphaproteobacteria	o__Rickettsiales	f__Rickettsiaceae	g__unknown	s__unknown	o__OTU2350
k__Bacteria	p__Actinobacteriota	c__Acidimicrobiia	o__IMCC26256	f__	g__unknown	s__unknown	o__OTU236
k__Bacteria	p__Proteobacteria	c__Alphaproteobacteria	o__Rhizobiales	f__Xanthobacteraceae	g__Bradyrhizobium	s__unknown	o__OTU237
k__Bacteria	p__Actinobacteriota	c__Actinobacteria	o__Frankiales	f__Sporichthyaceae	g__Longivirga	s__unknown	o__OTU2372
k__Bacteria	p__Proteobacteria	c__Gammaproteobacteria	o__unknown	f__unknown	g__unknown	s__unknown	o__OTU2389
k__Bacteria	p__Planctomycetota	c__Planctomycetes	o__Gemmatales	f__Gemmataceae	g__Gemmata	s__unknown	o__OTU2390
k__Bacteria	p__Bacteroidota	c__Bacteroidia	o__Chitinophagales	f__Chitinophagaceae	g__unknown	s__unknown	o__OTU2398
k__Bacteria	p__Proteobacteria	c__Alphaproteobacteria	o__Rhodobacterales	f__Rhodobacteraceae	g__unknown	s__unknown	o__OTU240
k__Bacteria	p__Proteobacteria	c__Gammaproteobacteria	o__Xanthomonadales	f__Xanthomonadaceae	g__unknown	s__unknown	o__OTU2407
k__Bacteria	p__Proteobacteria	c__Alphaproteobacteria	o__Rhizobiales	f__Hyphomicrobiaceae	g__Hyphomicrobium	s__bacterium CB03	o__OTU2408
k__Bacteria	p__Proteobacteria	c__Alphaproteobacteria	o__Sphingomonadales	f__Sphingomonadaceae	g__Sphingorhabdus	s__Sphingopyxis sp.	o__OTU241
k__Bacteria	p__Proteobacteria	c__Gammaproteobacteria	o__Pseudomonadales	f__Cellvibrionaceae	g__Cellvibrio	s__	o__OTU2410
k__Bacteria	p__Actinobacteriota	c__Acidimicrobiia	o__Microtrichales	f__Iamiaceae	g__Iamia	s__unknown	o__OTU2415
k__Bacteria	p__Cyanobacteria	c__Cyanobacteriia	o__Synechococcales	f__Cyanobiaceae	g__Cyanobium PCC-6307	s__Uroglena sp.	o__OTU2422
k__Bacteria	p__Bacteroidota	c__Bacteroidia	o__Sphingobacteriales	f__NS11-12 marine group	g__unknown	s__unknown	o__OTU2429
k__Bacteria	p__Proteobacteria	c__Alphaproteobacteria	o__Rhizobiales	f__Rhizobiaceae	g__Mesorhizobium	s__unknown	o__OTU243
k__Bacteria	p__Proteobacteria	c__Alphaproteobacteria	o__Rhodobacterales	f__Rhodobacteraceae	g__unknown	s__unknown	o__OTU2433
k__Bacteria	p__Verrucomicrobiota	c__Verrucomicrobiae	o__Pedosphaerales	f__unknown	g__unknown	s__unknown	o__OTU2441
k__Bacteria	p__Bacteroidota	c__Bacteroidia	o__Chitinophagales	f__Chitinophagaceae	g__Sediminibacterium	s__unknown	o__OTU2442
k__Bacteria	p__Actinobacteriota	c__Acidimicrobiia	o__Microtrichales	f__Microtrichaceae	g__unknown	s__unknown	o__OTU2454
k__Bacteria	p__Actinobacteriota	c__Acidimicrobiia	o__Microtrichales	f__Ilumatobacteraceae	g__CL500-29 marine group	s__unknown	o__OTU246
k__Bacteria	p__Actinobacteriota	c__Actinobacteria	o__Propionibacteriales	f__Propionibacteriaceae	g__Cutibacterium	s__unknown	o__OTU2468
k__Bacteria	p__Verrucomicrobiota	c__Verrucomicrobiae	o__Pedosphaerales	f__Pedosphaeraceae	g__unknown	s__unknown	o__OTU247
k__Bacteria	p__Bacteroidota	c__Kapabacteria	o__Kapabacteriales	f__unknown	g__unknown	s__unknown	o__OTU2471
k__Bacteria	p__Acidobacteriota	c__Vicinamibacteria	o__Vicinamibacterales	f__Vicinamibacteraceae	g__unknown	s__unknown	o__OTU2480
k__Bacteria	p__Acidobacteriota	c__Blastocatellia	o__Blastocatellales	f__Blastocatellaceae	g__Blastocatella	s__unknown	o__OTU2481
k__Bacteria	p__Proteobacteria	c__Alphaproteobacteria	o__Rhodobacterales	f__Rhodobacteraceae	g__unknown	s__unknown	o__OTU2483
k__Bacteria	p__Proteobacteria	c__Alphaproteobacteria	o__Rickettsiales	f__unknown	g__unknown	s__unknown	o__OTU2484
k__Bacteria	p__Verrucomicrobiota	c__Verrucomicrobiae	o__unknown	f__	g__unknown	s__unknown	o__OTU249
k__Bacteria	p__Verrucomicrobiota	c__Verrucomicrobiae	o__Verrucomicrobiales	f__Rubritaleaceae	g__Luteolibacter	s__unknown	o__OTU250
k__Bacteria	p__Proteobacteria	c__Alphaproteobacteria	o__Rhodobacterales	f__Rhodobacteraceae	g__Rhodobacter vinaykumarii	s__unknown	o__OTU2500
k__Bacteria	p__Bacteroidota	c__Bacteroidia	o__Chitinophagales	f__Chitinophagaceae	g__Ferruginibacter	s__unknown	o__OTU2507
k__Bacteria	p__Myxococcota	c__Polyangia	o__Polyangiales	f__Phaselicystidaceae	g__Phaselicystis	s__unknown	o__OTU2511
k__Bacteria	p__Bacteroidota	c__Bacteroidia	o__Chitinophagales	f__Chitinophagaceae	g__Ferruginibacter	s__unknown	o__OTU2514
k__Bacteria	p__Bacteroidota	c__Bacteroidia	o__Flavobacteriales	f__NS9 marine group	g__	s__unknown	o__OTU2515
k__Bacteria	p__Chloroflexi	c__KD4-96	o__unknown	f__unknown	g__unknown	s__unknown	o__OTU252
k__Bacteria	p__Actinobacteriota	c__Thermoleophilia	o__Solirubrobacterales	f__67-14	g__	s__unknown	o__OTU2520
k__Bacteria	p__Proteobacteria	c__Gammaproteobacteria	o__Burkholderiales	f__Burkholderiaceae	g__Cupriavidus	s__unknown	o__OTU2523
k__Bacteria	p__Proteobacteria	c__Gammaproteobacteria	o__Xanthomonadales	f__Xanthomonadaceae	g__Arenimonas	s__unknown	o__OTU253
k__Bacteria	p__Bacteroidota	c__Bacteroidia	o__Sphingobacteriales	f__Sphingobacteriaceae	g__Sphingobacterium	s__unknown	o__OTU2533
k__Bacteria	p__Actinobacteriota	c__Actinobacteria	o__Frankiales	f__Sporichthyaceae	g__Sporichthya	s__unknown	o__OTU2534
k__Bacteria	p__Actinobacteriota	c__Actinobacteria	o__Micrococcales	f__Microbacteriaceae	g__unknown	s__unknown	o__OTU254
k__Bacteria	p__Bacteroidota	c__Bacteroidia	o__Chitinophagales	f__37-13	g__unknown	s__unknown	o__OTU2543
k__Bacteria	p__Proteobacteria	c__Gammaproteobacteria	o__Burkholderiales	f__Comamonadaceae	g__unknown	s__unknown	o__OTU2551
k__Bacteria	p__Bacteroidota	c__Bacteroidia	o__Chitinophagales	f__Chitinophagaceae	g__unknown	s__unknown	o__OTU2556
k__Bacteria	p__Bacteroidota	c__Bacteroidia	o__Cytophagales	f__Microscillaceae	g__unknown	s__unknown	o__OTU256
k__Bacteria	p__Proteobacteria	c__Alphaproteobacteria	o__Rhizobiales	f__Rhizobiaceae	g__Phyllobacterium	s__unknown	o__OTU2560
k__Bacteria	p__Planctomycetota	c__Phycisphaerae	o__Phycisphaerales	f__Phycisphaeraceae	g__CL500-3	s__unknown	o__OTU2562
k__Bacteria	p__Actinobacteriota	c__Acidimicrobiia	o__Microtrichales	f__Ilumatobacteraceae	g__CL500-29 marine group	s__unknown	o__OTU258
k__Bacteria	p__Bacteroidota	c__Bacteroidia	o__Cytophagales	f__Microscillaceae	g__unknown	s__unknown	o__OTU2581
k__Bacteria	p__Planctomycetota	c__Planctomycetes	o__Pirellulales	f__Pirellulaceae	g__Blastopirellula	s__unknown	o__OTU2583
k__Bacteria	p__Verrucomicrobiota	c__Verrucomicrobiae	o__Chthoniobacterales	f__Terrimicrobiaceae	g__Terrimicrobium	s__unknown	o__OTU259
k__Bacteria	p__Bacteroidota	c__Bacteroidia	o__Flavobacteriales	f__Flavobacteriaceae	g__Flavobacterium	s__Flavobacterium swingsii	o__OTU26
k__Bacteria	p__Proteobacteria	c__Alphaproteobacteria	o__Caulobacterales	f__Caulobacteraceae	g__Phenylobacterium	s__unknown	o__OTU260
k__Archaea	p__Crenarchaeota	c__Nitrososphaeria	o__Nitrosopumilales	f__Nitrosopumilaceae	g__unknown	s__unknown	o__OTU2601
k__Bacteria	p__Proteobacteria	c__Alphaproteobacteria	o__Paracaedibacterales	f__Paracaedibacteraceae	g__unknown	s__unknown	o__OTU261
k__Bacteria	p__Actinobacteriota	c__Actinobacteria	o__Micrococcales	f__Promicromonosporaceae	g__Cellulosimicrobium	s__unknown	o__OTU2619
k__Bacteria	p__Proteobacteria	c__Gammaproteobacteria	o__Burkholderiales	f__Comamonadaceae	g__Rhodoferax	s__unknown	o__OTU2620
k__Bacteria	p__Proteobacteria	c__Gammaproteobacteria	o__	f__	g__unknown	s__unknown	o__OTU2633
k__Bacteria	p__Planctomycetota	c__Planctomycetes	o__Isosphaerales	f__Isosphaeraceae	g__unknown	s__unknown	o__OTU2640
k__Bacteria	p__Proteobacteria	c__Alphaproteobacteria	o__Rhodobacterales	f__Rhodobacteraceae	g__unknown	s__unknown	o__OTU2644
k__Bacteria	p__Verrucomicrobiota	c__Verrucomicrobiae	o__Verrucomicrobiales	f__Rubritaleaceae	g__Luteolibacter	s__unknown	o__OTU266
k__Bacteria	p__Bacteroidota	c__Bacteroidia	o__Sphingobacteriales	f__NS11-12 marine group	g__unknown	s__unknown	o__OTU2666
k__Bacteria	p__Bacteroidota	c__Bacteroidia	o__Chitinophagales	f__Chitinophagaceae	g__Edaphobaculum	s__unknown	o__OTU2668
k__Bacteria	p__Planctomycetota	c__BD7-11	o__unknown	f__unknown	g__unknown	s__unknown	o__OTU2678
k__Bacteria	p__Acidobacteriota	c__Acidobacteriae	o__Paludibaculum	f__unknown	g__unknown	s__unknown	o__OTU268
k__Bacteria	p__Proteobacteria	c__Gammaproteobacteria	o__Burkholderiales	f__Comamonadaceae	g__Polaromonas	s__unknown	o__OTU2684
k__Bacteria	p__Firmicutes	c__Bacilli	o__Lactobacillales	f__Enterococcaceae	g__Enterococcus	s__unknown	o__OTU2692
k__Bacteria	p__Acidobacteriota	c__Acidobacteriae	o__Solibacterales	f__Solibacteraceae	g__Candidatus Solibacter	s__unknown	o__OTU2694
k__Bacteria	p__Bacteroidota	c__Bacteroidia	o__Bacteroidales	f__Bacteroidaceae	g__Bacteroides	s__Bacteroides vulgatus	o__OTU27
k__Bacteria	p__Actinobacteriota	c__Acidimicrobiia	o__Microtrichales	f__unknown	g__unknown	s__unknown	o__OTU2705
k__Bacteria	p__Proteobacteria	c__Alphaproteobacteria	o__Rhodobacterales	f__Rhodobacteraceae	g__unknown	s__unknown	o__OTU2713
k__Bacteria	p__Proteobacteria	c__Gammaproteobacteria	o__Legionellales	f__Legionellaceae	g__Legionella	s__Legionella geestiana	o__OTU2716
k__Bacteria	p__Bacteroidota	c__Bacteroidia	o__Sphingobacteriales	f__env.OPS 17	g__unknown	s__unknown	o__OTU272
k__Bacteria	p__Proteobacteria	c__Alphaproteobacteria	o__Sphingomonadales	f__Sphingomonadaceae	g__Sphingorhabdus	s__unknown	o__OTU273
k__Bacteria	p__Bacteroidota	c__Bacteroidia	o__Chitinophagales	f__Chitinophagaceae	g__Sediminibacterium	s__unknown	o__OTU274
k__Bacteria	p__Bacteroidota	c__Bacteroidia	o__Sphingobacteriales	f__env.OPS 17	g__unknown	s__unknown	o__OTU2754
k__Bacteria	p__Chloroflexi	c__Chloroflexia	o__Thermomicrobiales	f__JG30-KF-CM45	g__	s__unknown	o__OTU276
k__Bacteria	p__Actinobacteriota	c__Acidimicrobiia	o__Microtrichales	f__Iamiaceae	g__Iamia	s__unknown	o__OTU2763
k__Bacteria	p__Actinobacteriota	c__Actinobacteria	o__Frankiales	f__Sporichthyaceae	g__Longivirga	s__unknown	o__OTU2766
k__Bacteria	p__Proteobacteria	c__Alphaproteobacteria	o__Rhodospirillales	f__unknown	g__unknown	s__unknown	o__OTU2792
k__Bacteria	p__Bacteroidota	c__Kapabacteria	o__Kapabacteriales	f__unknown	g__unknown	s__unknown	o__OTU28
k__Bacteria	p__Proteobacteria	c__Alphaproteobacteria	o__Sphingomonadales	f__Sphingomonadaceae	g__Novosphingobium	s__unknown	o__OTU280
k__Bacteria	p__Bacteroidota	c__Bacteroidia	o__Sphingobacteriales	f__env.OPS 17	g__unknown	s__unknown	o__OTU2804
k__Bacteria	p__Proteobacteria	c__Alphaproteobacteria	o__Sphingomonadales	f__Sphingomonadaceae	g__Novosphingobium	s__unknown	o__OTU282
k__Bacteria	p__Proteobacteria	c__Gammaproteobacteria	o__Burkholderiales	f__Nitrosomonadaceae	g__DSSD61	s__unknown	o__OTU283
k__Bacteria	p__Firmicutes	c__Bacilli	o__Lactobacillales	f__Listeriaceae	g__Listeria	s__unknown	o__OTU2838
k__Bacteria	p__Proteobacteria	c__Alphaproteobacteria	o__Rhodobacterales	f__Rhodobacteraceae	g__unknown	s__unknown	o__OTU2851
k__Bacteria	p__Verrucomicrobiota	c__Verrucomicrobiae	o__Verrucomicrobiales	f__Rubritaleaceae	g__Luteolibacter	s__unknown	o__OTU286
k__Bacteria	p__Proteobacteria	c__Gammaproteobacteria	o__Burkholderiales	f__Comamonadaceae	g__Leptothrix	s__unknown	o__OTU2861
k__Bacteria	p__Actinobacteriota	c__Actinobacteria	o__Frankiales	f__Sporichthyaceae	g__hgcI clade	s__unknown	o__OTU2868
k__Bacteria	p__Actinobacteriota	c__Actinobacteria	o__Corynebacteriales	f__Mycobacteriaceae	g__Mycobacterium	s__unknown	o__OTU287
k__Bacteria	p__Planctomycetota	c__Planctomycetes	o__Pirellulales	f__Pirellulaceae	g__unknown	s__	o__OTU288
k__Bacteria	p__Actinobacteriota	c__Thermoleophilia	o__Gaiellales	f__unknown	g__unknown	s__unknown	o__OTU2881
k__Bacteria	p__Verrucomicrobiota	c__Verrucomicrobiae	o__Verrucomicrobiales	f__Verrucomicrobiaceae	g__unknown	s__unknown	o__OTU2885
k__Bacteria	p__Bacteroidota	c__Bacteroidia	o__Chitinophagales	f__Chitinophagaceae	g__Sediminibacterium	s__unknown	o__OTU2891
k__Bacteria	p__Proteobacteria	c__Gammaproteobacteria	o__Pseudomonadales	f__Pseudomonadaceae	g__Pseudomonas	s__unknown	o__OTU2894
k__Bacteria	p__Cyanobacteria	c__Cyanobacteriia	o__Synechococcales	f__Cyanobiaceae	g__Cyanobium PCC-6307	s__unknown	o__OTU2897
k__Bacteria	p__Verrucomicrobiota	c__Verrucomicrobiae	o__Verrucomicrobiales	f__Verrucomicrobiaceae	g__Prosthecobacter	s__Cenchrus americanus	o__OTU29
k__Bacteria	p__Proteobacteria	c__Alphaproteobacteria	o__Rhizobiales	f__Beijerinckiaceae	g__Methylorosula	s__unknown	o__OTU2905
k__Bacteria	p__Bacteroidota	c__Bacteroidia	o__Sphingobacteriales	f__NS11-12 marine group	g__unknown	s__unknown	o__OTU2906
k__Bacteria	p__Actinobacteriota	c__Actinobacteria	o__Frankiales	f__Sporichthyaceae	g__unknown	s__unknown	o__OTU2907
k__Bacteria	p__Bacteroidota	c__Kapabacteria	o__Kapabacteriales	f__unknown	g__unknown	s__unknown	o__OTU2910
k__Bacteria	p__Proteobacteria	c__Alphaproteobacteria	o__Rhizobiales	f__Xanthobacteraceae	g__Afipia	s__Afipia sp. Root123D2	o__OTU292
k__Bacteria	p__Firmicutes	c__Bacilli	o__Lactobacillales	f__Streptococcaceae	g__Streptococcus	s__unknown	o__OTU2922
k__Bacteria	p__Gemmatimonadota	c__Gemmatimonadetes	o__Gemmatimonadales	f__Gemmatimonadaceae	g__Gemmatimonas	s__unknown	o__OTU2925
k__Bacteria	p__Verrucomicrobiota	c__Verrucomicrobiae	o__Pedosphaerales	f__Pedosphaeraceae	g__unknown	s__unknown	o__OTU293
k__Bacteria	p__Gemmatimonadota	c__Gemmatimonadetes	o__Gemmatimonadales	f__Gemmatimonadaceae	g__Gemmatimonas	s__unknown	o__OTU2941
k__Bacteria	p__Proteobacteria	c__Gammaproteobacteria	o__Burkholderiales	f__Nitrosomonadaceae	g__Ellin6067	s__Betaproteobacteria bacterium	o__OTU2944
k__Bacteria	p__Bacteroidota	c__Bacteroidia	o__Sphingobacteriales	f__env.OPS 17	g__unknown	s__unknown	o__OTU2951
k__Bacteria	p__Actinobacteriota	c__Actinobacteria	o__Corynebacteriales	f__Mycobacteriaceae	g__Mycobacterium	s__unknown	o__OTU296
k__Bacteria	p__Proteobacteria	c__Alphaproteobacteria	o__Reyranellales	f__Reyranellaceae	g__Reyranella	s__unknown	o__OTU2967
k__Bacteria	p__Dependentiae	c__Babeliae	o__Babeliales	f__	g__unknown	s__unknown	o__OTU2969
k__Bacteria	p__Proteobacteria	c__Alphaproteobacteria	o__Rhodobacterales	f__Rhodobacteraceae	g__Pseudorhodobacter	s__Rhodobacter sp.	o__OTU297
k__Bacteria	p__Proteobacteria	c__Alphaproteobacteria	o__Rhizobiales	f__Xanthobacteraceae	g__Bradyrhizobium	s__unknown	o__OTU2975
k__Bacteria	p__Proteobacteria	c__Gammaproteobacteria	o__Burkholderiales	f__Comamonadaceae	g__Rhizobacter	s__unknown	o__OTU298
k__Bacteria	p__Chloroflexi	c__SL56 marine group	o__unknown	f__unknown	g__unknown	s__unknown	o__OTU2983
k__Bacteria	p__Actinobacteriota	c__Actinobacteria	o__Corynebacteriales	f__Corynebacteriaceae	g__Corynebacterium	s__unknown	o__OTU2984
k__Bacteria	p__Actinobacteriota	c__Actinobacteria	o__Micrococcales	f__Microbacteriaceae	g__unknown	s__unknown	o__OTU299
k__Bacteria	p__Gemmatimonadota	c__Gemmatimonadetes	o__Gemmatimonadales	f__Gemmatimonadaceae	g__unknown	s__unknown	o__OTU2991
k__Bacteria	p__Bacteroidota	c__Bacteroidia	o__Chitinophagales	f__Chitinophagaceae	g__Ferruginibacter	s__Ferruginibacter sp.	o__OTU3
k__Bacteria	p__Planctomycetota	c__Planctomycetes	o__Pirellulales	f__Pirellulaceae	g__unknown	s__unknown	o__OTU30
k__Bacteria	p__Nitrospirota	c__Nitrospiria	o__Nitrospirales	f__Nitrospiraceae	g__Nitrospira	s__unknown	o__OTU300
k__Bacteria	p__Proteobacteria	c__Gammaproteobacteria	o__Burkholderiales	f__Nitrosomonadaceae	g__MND1	s__unknown	o__OTU3005
k__Bacteria	p__Proteobacteria	c__Gammaproteobacteria	o__Burkholderiales	f__unknown	g__unknown	s__unknown	o__OTU3019
k__Bacteria	p__Proteobacteria	c__Alphaproteobacteria	o__Rhodobacterales	f__Rhodobacteraceae	g__unknown	s__unknown	o__OTU3020
k__Bacteria	p__Proteobacteria	c__Alphaproteobacteria	o__Sphingomonadales	f__Sphingomonadaceae	g__Sphingorhabdus	s__Sphingopyxis sp.	o__OTU3022
k__Bacteria	p__Proteobacteria	c__Alphaproteobacteria	o__Reyranellales	f__Reyranellaceae	g__unknown	s__unknown	o__OTU3024
k__Bacteria	p__Acidobacteriota	c__Acidobacteriae	o__Bryobacterales	f__Bryobacteraceae	g__Bryobacter	s__unknown	o__OTU303
k__Bacteria	p__Gemmatimonadota	c__Gemmatimonadetes	o__Gemmatimonadales	f__Gemmatimonadaceae	g__Gemmatimonas	s__unknown	o__OTU3043
k__Bacteria	p__Actinobacteriota	c__Acidimicrobiia	o__Microtrichales	f__Iamiaceae	g__Iamia	s__unknown	o__OTU305
k__Bacteria	p__Bacteroidota	c__Bacteroidia	o__Sphingobacteriales	f__NS11-12 marine group	g__unknown	s__unknown	o__OTU3056
k__Bacteria	p__Proteobacteria	c__Alphaproteobacteria	o__Sphingomonadales	f__Sphingomonadaceae	g__Sphingopyxis	s__alpha proteobacterium	o__OTU306
k__Bacteria	p__Proteobacteria	c__Alphaproteobacteria	o__Acetobacterales	f__Acetobacteraceae	g__unknown	s__unknown	o__OTU3068
k__Bacteria	p__Proteobacteria	c__Alphaproteobacteria	o__Rhodobacterales	f__Rhodobacteraceae	g__Rhodobacter	s__unknown	o__OTU307
k__Bacteria	p__Actinobacteriota	c__Actinobacteria	o__Micrococcales	f__Micrococcaceae	g__Kocuria	s__unknown	o__OTU3071
k__Bacteria	p__Bacteroidota	c__Bacteroidia	o__Chitinophagales	f__Chitinophagaceae	g__Sediminibacterium	s__	o__OTU31
k__Bacteria	p__Proteobacteria	c__Alphaproteobacteria	o__Rhizobiales	f__Beijerinckiaceae	g__Bosea	s__unknown	o__OTU311
k__Bacteria	p__Verrucomicrobiota	c__Verrucomicrobiae	o__Pedosphaerales	f__Pedosphaeraceae	g__unknown	s__unknown	o__OTU3116
k__Bacteria	p__Actinobacteriota	c__Actinobacteria	o__Micromonosporales	f__Micromonosporaceae	g__Actinoplanes	s__unknown	o__OTU3125
k__Bacteria	p__Patescibacteria	c__Gracilibacteria	o__unknown	f__unknown	g__unknown	s__unknown	o__OTU3131
k__Bacteria	p__Verrucomicrobiota	c__Verrucomicrobiae	o__Methylacidiphilales	f__Methylacidiphilaceae	g__unknown	s__unknown	o__OTU3136
k__Bacteria	p__Proteobacteria	c__Alphaproteobacteria	o__Caulobacterales	f__Caulobacteraceae	g__Caulobacter	s__Caulobacter profundus	o__OTU314
k__Bacteria	p__Proteobacteria	c__Gammaproteobacteria	o__Burkholderiales	f__Comamonadaceae	g__unknown	s__unknown	o__OTU3146
k__Bacteria	p__Chloroflexi	c__Chloroflexia	o__Thermomicrobiales	f__JG30-KF-CM45	g__unknown	s__unknown	o__OTU3159
k__Bacteria	p__Myxococcota	c__Polyangia	o__Polyangiales	f__unknown	g__unknown	s__unknown	o__OTU316
k__Bacteria	p__Proteobacteria	c__Gammaproteobacteria	o__Legionellales	f__Legionellaceae	g__Legionella	s__Legionella pneumophila	o__OTU3161
k__Bacteria	p__Actinobacteriota	c__Actinobacteria	o__Frankiales	f__Sporichthyaceae	g__unknown	s__unknown	o__OTU317
k__Bacteria	p__Firmicutes	c__Bacilli	o__Bacillales	f__Bacillaceae	g__Bacillus	s__unknown	o__OTU3175
k__Bacteria	p__Verrucomicrobiota	c__Verrucomicrobiae	o__Pedosphaerales	f__Pedosphaeraceae	g__unknown	s__unknown	o__OTU318
k__Bacteria	p__Actinobacteriota	c__Actinobacteria	o__Corynebacteriales	f__Nocardiaceae	g__Rhodococcus	s__unknown	o__OTU319
k__Bacteria	p__Bacteroidota	c__Bacteroidia	o__Flavobacteriales	f__Flavobacteriaceae	g__Flavobacterium	s__unknown	o__OTU320
k__Bacteria	p__Proteobacteria	c__Gammaproteobacteria	o__Legionellales	f__Legionellaceae	g__unknown	s__unknown	o__OTU322
k__Bacteria	p__Actinobacteriota	c__Acidimicrobiia	o__Microtrichales	f__Microtrichaceae	g__unknown	s__unknown	o__OTU3222
k__Bacteria	p__unknown	c__unknown	o__unknown	f__unknown	g__unknown	s__unknown	o__OTU3231
k__Bacteria	p__Firmicutes	c__Clostridia	o__Peptostreptococcales-Tissierellales	f__Peptostreptococcaceae	g__Romboutsia	s__Romboutsia ilealis	o__OTU3238
k__Bacteria	p__Proteobacteria	c__Gammaproteobacteria	o__Burkholderiales	f__B1-7BS	g__unknown	s__unknown	o__OTU324
k__Bacteria	p__Planctomycetota	c__Planctomycetes	o__Gemmatales	f__Gemmataceae	g__Gemmata	s__unknown	o__OTU3243
k__Bacteria	p__Bacteroidota	c__Bacteroidia	o__Chitinophagales	f__Chitinophagaceae	g__Ferruginibacter	s__unknown	o__OTU325
k__Bacteria	p__Proteobacteria	c__Alphaproteobacteria	o__Acetobacterales	f__Acetobacteraceae	g__Roseomonas	s__unknown	o__OTU3258
k__Bacteria	p__Proteobacteria	c__Gammaproteobacteria	o__Burkholderiales	f__Comamonadaceae	g__unknown	s__unknown	o__OTU326
k__Bacteria	p__Proteobacteria	c__Alphaproteobacteria	o__Rhizobiales	f__Xanthobacteraceae	g__unknown	s__unknown	o__OTU328
k__Bacteria	p__Chloroflexi	c__Chloroflexia	o__Thermomicrobiales	f__JG30-KF-CM45	g__unknown	s__unknown	o__OTU3289
k__Bacteria	p__Bacteroidota	c__Bacteroidia	o__Chitinophagales	f__Chitinophagaceae	g__unknown	s__unknown	o__OTU329
k__Bacteria	p__Bacteroidota	c__Bacteroidia	o__Flavobacteriales	f__Crocinitomicaceae	g__Fluviicola	s__unknown	o__OTU3290
k__Bacteria	p__Bacteroidota	c__Bacteroidia	o__Chitinophagales	f__Chitinophagaceae	g__Ferruginibacter	s__	o__OTU3298
k__Bacteria	p__Proteobacteria	c__Gammaproteobacteria	o__CCM19a	f__unknown	g__unknown	s__unknown	o__OTU330
k__Bacteria	p__Acidobacteriota	c__Vicinamibacteria	o__Vicinamibacterales	f__Vicinamibacteraceae	g__unknown	s__unknown	o__OTU332
k__Bacteria	p__Proteobacteria	c__Gammaproteobacteria	o__Xanthomonadales	f__Rhodanobacteraceae	g__unknown	s__unknown	o__OTU333
k__Bacteria	p__Proteobacteria	c__Alphaproteobacteria	o__Reyranellales	f__Reyranellaceae	g__unknown	s__unknown	o__OTU3337
k__Bacteria	p__Bacteroidota	c__Bacteroidia	o__Cytophagales	f__Microscillaceae	g__OLB12	s__unknown	o__OTU334
k__Bacteria	p__Proteobacteria	c__Gammaproteobacteria	o__Legionellales	f__Legionellaceae	g__Legionella	s__unknown	o__OTU3347
k__Bacteria	p__Proteobacteria	c__Gammaproteobacteria	o__Enterobacterales	f__Yersiniaceae	g__unknown	s__unknown	o__OTU3349
k__Bacteria	p__Actinobacteriota	c__Actinobacteria	o__Micrococcales	f__Microbacteriaceae	g__unknown	s__unknown	o__OTU335
k__Bacteria	p__Proteobacteria	c__Alphaproteobacteria	o__Rhodobacterales	f__Rhodobacteraceae	g__Cereibacter	s__Rhodobacter sp.	o__OTU336
k__Bacteria	p__Proteobacteria	c__Gammaproteobacteria	o__Burkholderiales	f__Comamonadaceae	g__Variovorax	s__unknown	o__OTU337
k__Bacteria	p__Proteobacteria	c__Alphaproteobacteria	o__Sphingomonadales	f__Sphingomonadaceae	g__Sphingorhabdus	s__Sphingorhabdus wooponensis	o__OTU3371
k__Bacteria	p__Bacteroidota	c__Bacteroidia	o__Chitinophagales	f__Chitinophagaceae	g__unknown	s__unknown	o__OTU338
k__Bacteria	p__Actinobacteriota	c__Thermoleophilia	o__Solirubrobacterales	f__Solirubrobacteraceae	g__Parviterribacter	s__unknown	o__OTU3386
k__Bacteria	p__Bacteroidota	c__Bacteroidia	o__Bacteroidales	f__Bacteroidaceae	g__Bacteroides	s__Bacteroides vulgatus	o__OTU3387
k__Bacteria	p__Proteobacteria	c__Alphaproteobacteria	o__Sphingomonadales	f__Sphingomonadaceae	g__Rhizorhapis	s__unknown	o__OTU339
k__Bacteria	p__Firmicutes	c__Clostridia	o__Lachnospirales	f__Lachnospiraceae	g__Blautia	s__unknown	o__OTU3392
k__Bacteria	p__Deinococcota	c__Deinococci	o__Deinococcales	f__Deinococcaceae	g__Deinococcus	s__Deinococcus radiodurans	o__OTU34
k__Bacteria	p__Bacteroidota	c__Bacteroidia	o__Chitinophagales	f__Chitinophagaceae	g__Terrimonas	s__Hypsibius dujardini	o__OTU340
k__Bacteria	p__Verrucomicrobiota	c__Verrucomicrobiae	o__Chthoniobacterales	f__Chthoniobacteraceae	g__Candidatus Udaeobacter	s__unknown	o__OTU3401
k__Bacteria	p__Patescibacteria	c__Parcubacteria	o__Candidatus Nomurabacteria	f__unknown	g__unknown	s__unknown	o__OTU3416
k__Bacteria	p__Bacteroidota	c__Bacteroidia	o__Chitinophagales	f__unknown	g__unknown	s__unknown	o__OTU342
k__Bacteria	p__Verrucomicrobiota	c__Verrucomicrobiae	o__Verrucomicrobiales	f__Verrucomicrobiaceae	g__unknown	s__unknown	o__OTU343
k__Bacteria	p__Actinobacteriota	c__Actinobacteria	o__Corynebacteriales	f__Corynebacteriaceae	g__Lawsonella	s__unknown	o__OTU3448
k__Bacteria	p__Patescibacteria	c__Saccharimonadia	o__Saccharimonadales	f__	g__unknown	s__unknown	o__OTU345
k__Bacteria	p__Proteobacteria	c__Gammaproteobacteria	o__Burkholderiales	f__Rhodocyclaceae	g__Sulfuritalea	s__unknown	o__OTU3461
k__Bacteria	p__Verrucomicrobiota	c__Verrucomicrobiae	o__Pedosphaerales	f__Pedosphaeraceae	g__unknown	s__unknown	o__OTU347
k__Bacteria	p__Proteobacteria	c__Gammaproteobacteria	o__Burkholderiales	f__unknown	g__unknown	s__unknown	o__OTU3475
k__Bacteria	p__Proteobacteria	c__Alphaproteobacteria	o__Rhizobiales	f__	g__Phreatobacter	s__unknown	o__OTU348
k__Bacteria	p__Proteobacteria	c__Alphaproteobacteria	o__Caulobacterales	f__Caulobacteraceae	g__Caulobacter	s__unknown	o__OTU3484
k__Bacteria	p__Planctomycetota	c__Planctomycetes	o__Gemmatales	f__Gemmataceae	g__unknown	s__	o__OTU3485
k__Bacteria	p__Bacteroidota	c__Bacteroidia	o__Flavobacteriales	f__Flavobacteriaceae	g__Flavobacterium	s__unknown	o__OTU3487
k__Bacteria	p__Proteobacteria	c__Gammaproteobacteria	o__Burkholderiales	f__Comamonadaceae	g__Delftia	s__unknown	o__OTU3490
k__Bacteria	p__Planctomycetota	c__Planctomycetes	o__Gemmatales	f__Gemmataceae	g__Gemmata	s__unknown	o__OTU35
k__Bacteria	p__Bacteroidota	c__Bacteroidia	o__Chitinophagales	f__Chitinophagaceae	g__unknown	s__unknown	o__OTU352
k__Bacteria	p__Bacteroidota	c__Kapabacteria	o__Kapabacteriales	f__unknown	g__unknown	s__unknown	o__OTU3523
k__Bacteria	p__Acidobacteriota	c__Acidobacteriae	o__Solibacterales	f__Solibacteraceae	g__Candidatus Solibacter	s__	o__OTU3536
k__Bacteria	p__Planctomycetota	c__Planctomycetes	o__Pirellulales	f__Pirellulaceae	g__unknown	s__unknown	o__OTU354
k__Bacteria	p__Patescibacteria	c__Gracilibacteria	o__JGI 0000069-P22	f__unknown	g__unknown	s__unknown	o__OTU3540
k__Bacteria	p__Proteobacteria	c__Alphaproteobacteria	o__Rhizobiales	f__Beijerinckiaceae	g__unknown	s__unknown	o__OTU3547
k__Bacteria	p__Proteobacteria	c__Gammaproteobacteria	o__Burkholderiales	f__Burkholderiaceae	g__Polynucleobacter	s__unknown	o__OTU355
k__Bacteria	p__Actinobacteriota	c__Thermoleophilia	o__Gaiellales	f__unknown	g__unknown	s__unknown	o__OTU356
k__Bacteria	p__Firmicutes	c__Bacilli	o__Bacillales	f__Planococcaceae	g__Lysinibacillus	s__unknown	o__OTU3587
k__Bacteria	p__Bacteroidota	c__Bacteroidia	o__Chitinophagales	f__Chitinophagaceae	g__Ferruginibacter	s__Ferruginibacter sp.	o__OTU359
k__Bacteria	p__Proteobacteria	c__Alphaproteobacteria	o__Rhizobiales	f__Xanthobacteraceae	g__Bradyrhizobium	s__unknown	o__OTU36
k__Bacteria	p__Proteobacteria	c__Alphaproteobacteria	o__Rhizobiales	f__Beijerinckiaceae	g__Methylobacterium-Methylorubrum	s__unknown	o__OTU360
k__Bacteria	p__Bacteroidota	c__Bacteroidia	o__Sphingobacteriales	f__env.OPS 17	g__unknown	s__unknown	o__OTU3603
k__Bacteria	p__Bacteroidota	c__Bacteroidia	o__Flavobacteriales	f__Flavobacteriaceae	g__Flavobacterium	s__unknown	o__OTU361
k__Bacteria	p__Actinobacteriota	c__Acidimicrobiia	o__Microtrichales	f__Microtrichaceae	g__unknown	s__unknown	o__OTU362
k__Bacteria	p__Proteobacteria	c__Gammaproteobacteria	o__Burkholderiales	f__Comamonadaceae	g__Rhodoferax	s__unknown	o__OTU363
k__Bacteria	p__Proteobacteria	c__Alphaproteobacteria	o__Rhizobiales	f__unknown	g__unknown	s__unknown	o__OTU3651
k__Bacteria	p__Proteobacteria	c__Gammaproteobacteria	o__Burkholderiales	f__Rhodocyclaceae	g__Sulfuritalea	s__unknown	o__OTU3654
k__Bacteria	p__Bacteroidota	c__Bacteroidia	o__Chitinophagales	f__Chitinophagaceae	g__Sediminibacterium	s__unknown	o__OTU3658
k__Bacteria	p__Actinobacteriota	c__Acidimicrobiia	o__Microtrichales	f__Microtrichaceae	g__unknown	s__unknown	o__OTU367
k__Bacteria	p__Myxococcota	c__Polyangia	o__Polyangiales	f__Polyangiaceae	g__Aetherobacter	s__Aetherobacter rufus	o__OTU368
k__Bacteria	p__Proteobacteria	c__Alphaproteobacteria	o__Sphingomonadales	f__Sphingomonadaceae	g__Sphingopyxis	s__alpha proteobacterium	o__OTU3680
k__Bacteria	p__Bacteroidota	c__Bacteroidia	o__Sphingobacteriales	f__unknown	g__unknown	s__unknown	o__OTU3689
k__Bacteria	p__Proteobacteria	c__Gammaproteobacteria	o__Burkholderiales	f__Sutterellaceae	g__AAP99	s__Derxia sp.	o__OTU369
k__Bacteria	p__Firmicutes	c__Bacilli	o__Bacillales	f__Planococcaceae	g__Lysinibacillus	s__unknown	o__OTU3698
k__Bacteria	p__Proteobacteria	c__Gammaproteobacteria	o__Burkholderiales	f__Nitrosomonadaceae	g__DSSD61	s__unknown	o__OTU370
k__Bacteria	p__Proteobacteria	c__Alphaproteobacteria	o__Caulobacterales	f__Caulobacteraceae	g__unknown	s__	o__OTU371
k__Bacteria	p__Bacteroidota	c__Bacteroidia	o__Chitinophagales	f__Chitinophagaceae	g__Ferruginibacter	s__unknown	o__OTU373
k__Bacteria	p__Proteobacteria	c__Gammaproteobacteria	o__Burkholderiales	f__Comamonadaceae	g__Methylibium	s__unknown	o__OTU374
k__Bacteria	p__Proteobacteria	c__Gammaproteobacteria	o__Burkholderiales	f__Methylophilaceae	g__Methylotenera	s__unknown	o__OTU375
k__Bacteria	p__Proteobacteria	c__Alphaproteobacteria	o__unknown	f__Lacibacterium aquatile	g__unknown	s__unknown	o__OTU377
k__Bacteria	p__Actinobacteriota	c__Actinobacteria	o__Micrococcales	f__Micrococcaceae	g__Micrococcus	s__unknown	o__OTU3773
k__Bacteria	p__Proteobacteria	c__Alphaproteobacteria	o__Caulobacterales	f__Hyphomonadaceae	g__SWB02	s__	o__OTU379
k__Bacteria	p__Actinobacteriota	c__Actinobacteria	o__Micrococcales	f__Microbacteriaceae	g__Candidatus Planktoluna	s__unknown	o__OTU3792
k__Bacteria	p__Bacteroidota	c__Bacteroidia	o__Chitinophagales	f__37-13	g__unknown	s__unknown	o__OTU38
k__Bacteria	p__Bacteroidota	c__Kapabacteria	o__Kapabacteriales	f__unknown	g__unknown	s__unknown	o__OTU3801
k__Bacteria	p__Proteobacteria	c__Alphaproteobacteria	o__Rhodospirillales	f__Rhodospirillaceae	g__unknown	s__unknown	o__OTU3809
k__Bacteria	p__Bacteroidota	c__Bacteroidia	o__Chitinophagales	f__Chitinophagaceae	g__Sediminibacterium	s__unknown	o__OTU381
k__Bacteria	p__Proteobacteria	c__Gammaproteobacteria	o__Burkholderiales	f__Rhodocyclaceae	g__Sulfuritalea	s__unknown	o__OTU3814
k__Bacteria	p__Bacteroidota	c__Bacteroidia	o__Chitinophagales	f__Chitinophagaceae	g__unknown	s__unknown	o__OTU3815
k__Bacteria	p__Proteobacteria	c__Alphaproteobacteria	o__unknown	f__unknown	g__unknown	s__unknown	o__OTU3816
k__Bacteria	p__Proteobacteria	c__Alphaproteobacteria	o__Sphingomonadales	f__Sphingomonadaceae	g__Sphingomonas	s__unknown	o__OTU383
k__Bacteria	p__Proteobacteria	c__Alphaproteobacteria	o__unknown	f__unknown	g__unknown	s__unknown	o__OTU3839
k__Bacteria	p__Actinobacteriota	c__Actinobacteria	o__Micrococcales	f__Microbacteriaceae	g__Candidatus Limnoluna	s__unknown	o__OTU3841
k__Bacteria	p__Proteobacteria	c__Alphaproteobacteria	o__Rhizobiales	f__Xanthobacteraceae	g__Azorhizobium	s__unknown	o__OTU385
k__Bacteria	p__Firmicutes	c__Bacilli	o__Paenibacillales	f__Paenibacillaceae	g__Paenibacillus	s__unknown	o__OTU3856
k__Bacteria	p__Verrucomicrobiota	c__Kiritimatiellae	o__WCHB1-41	f__unknown	g__unknown	s__unknown	o__OTU386
k__Bacteria	p__Acidobacteriota	c__Acidobacteriae	o__Bryobacterales	f__Bryobacteraceae	g__Bryobacter	s__unknown	o__OTU3863
k__Bacteria	p__Proteobacteria	c__Gammaproteobacteria	o__Legionellales	f__Legionellaceae	g__Legionella	s__unknown	o__OTU3882
k__Bacteria	p__Acidobacteriota	c__Acidobacteriae	o__Bryobacterales	f__Bryobacteraceae	g__Bryobacter	s__unknown	o__OTU389
k__Bacteria	p__Proteobacteria	c__Gammaproteobacteria	o__Burkholderiales	f__Methylophilaceae	g__MM1	s__unknown	o__OTU3898
k__Bacteria	p__Proteobacteria	c__Alphaproteobacteria	o__Caulobacterales	f__Caulobacteraceae	g__Brevundimonas	s__unknown	o__OTU39
k__Bacteria	p__Planctomycetota	c__Planctomycetes	o__Planctomycetales	f__Schlesneriaceae	g__Schlesneria	s__unknown	o__OTU391
k__Bacteria	p__Bacteroidota	c__Bacteroidia	o__Cytophagales	f__unknown	g__unknown	s__unknown	o__OTU392
k__Bacteria	p__Proteobacteria	c__Gammaproteobacteria	o__Burkholderiales	f__TRA3-20	g__unknown	s__unknown	o__OTU394
k__Bacteria	p__Proteobacteria	c__Alphaproteobacteria	o__Rhodobacterales	f__Rhodobacteraceae	g__Rhodobacter	s__alpha proteobacterium	o__OTU397
k__Bacteria	p__Firmicutes	c__Bacilli	o__Erysipelotrichales	f__Erysipelatoclostridiaceae	g__Erysipelatoclostridium	s__unknown	o__OTU3978
k__Bacteria	p__Proteobacteria	c__Gammaproteobacteria	o__Legionellales	f__Legionellaceae	g__Legionella	s__Legionella tucsonensis	o__OTU398
k__Bacteria	p__Proteobacteria	c__Alphaproteobacteria	o__Rickettsiales	f__unknown	g__unknown	s__unknown	o__OTU399
k__Bacteria	p__Actinobacteriota	c__Actinobacteria	o__Micrococcales	f__Microbacteriaceae	g__unknown	s__unknown	o__OTU4
k__Bacteria	p__Proteobacteria	c__Gammaproteobacteria	o__Burkholderiales	f__Neisseriaceae	g__Neisseria	s__Neisseria meningitidis	o__OTU40
k__Bacteria	p__Proteobacteria	c__Gammaproteobacteria	o__Pseudomonadales	f__Pseudomonadaceae	g__Pseudomonas	s__unknown	o__OTU400
k__Bacteria	p__Proteobacteria	c__Alphaproteobacteria	o__Defluviicoccales	f__unknown	g__unknown	s__unknown	o__OTU4000
k__Bacteria	p__Firmicutes	c__Bacilli	o__Exiguobacterales	f__Exiguobacteraceae	g__Exiguobacterium	s__unknown	o__OTU4027
k__Bacteria	p__Firmicutes	c__Bacilli	o__Lactobacillales	f__Streptococcaceae	g__Streptococcus	s__unknown	o__OTU4029
k__Bacteria	p__Verrucomicrobiota	c__Verrucomicrobiae	o__Pedosphaerales	f__Pedosphaeraceae	g__unknown	s__unknown	o__OTU403
k__Bacteria	p__Proteobacteria	c__Alphaproteobacteria	o__Rhodobacterales	f__Rhodobacteraceae	g__Rhodobacter	s__unknown	o__OTU404
k__Bacteria	p__Proteobacteria	c__Gammaproteobacteria	o__Burkholderiales	f__Nitrosomonadaceae	g__unknown	s__unknown	o__OTU405
k__Bacteria	p__Deinococcota	c__Deinococci	o__Deinococcales	f__Deinococcaceae	g__unknown	s__unknown	o__OTU4051
k__Bacteria	p__Bacteroidota	c__Bacteroidia	o__Flavobacteriales	f__Flavobacteriaceae	g__Flavobacterium	s__unknown	o__OTU406
k__Bacteria	p__Verrucomicrobiota	c__Verrucomicrobiae	o__Verrucomicrobiales	f__Verrucomicrobiaceae	g__Brevifollis	s__unknown	o__OTU4065
k__Bacteria	p__Bacteroidota	c__Bacteroidia	o__Flavobacteriales	f__Weeksellaceae	g__Chryseobacterium	s__unknown	o__OTU4074
k__Bacteria	p__Firmicutes	c__Bacilli	o__Bacillales	f__Bacillaceae	g__Bacillus	s__unknown	o__OTU4085
k__Bacteria	p__Bacteroidota	c__Bacteroidia	o__Sphingobacteriales	f__env.OPS 17	g__unknown	s__unknown	o__OTU409
k__Bacteria	p__Proteobacteria	c__Gammaproteobacteria	o__Burkholderiales	f__Oxalobacteraceae	g__Duganella	s__unknown	o__OTU4098
k__Bacteria	p__Proteobacteria	c__Gammaproteobacteria	o__Xanthomonadales	f__Xanthomonadaceae	g__Lysobacter	s__unknown	o__OTU41
k__Bacteria	p__Bacteroidota	c__Bacteroidia	o__Cytophagales	f__Microscillaceae	g__unknown	s__unknown	o__OTU410
k__Bacteria	p__Proteobacteria	c__Gammaproteobacteria	o__Pseudomonadales	f__Moraxellaceae	g__Acinetobacter	s__unknown	o__OTU4100
k__Bacteria	p__Actinobacteriota	c__Actinobacteria	o__Streptosporangiales	f__Thermomonosporaceae	g__Actinomadura	s__unknown	o__OTU4107
k__Bacteria	p__Proteobacteria	c__Gammaproteobacteria	o__Burkholderiales	f__Methylophilaceae	g__unknown	s__unknown	o__OTU411
k__Bacteria	p__Planctomycetota	c__Planctomycetes	o__Gemmatales	f__Gemmataceae	g__unknown	s__unknown	o__OTU4116
k__Bacteria	p__Proteobacteria	c__Gammaproteobacteria	o__Xanthomonadales	f__Rhodanobacteraceae	g__Ahniella	s__	o__OTU4119
k__Bacteria	p__Proteobacteria	c__Gammaproteobacteria	o__Enterobacterales	f__Yersiniaceae	g__unknown	s__unknown	o__OTU412
k__Bacteria	p__Proteobacteria	c__Gammaproteobacteria	o__Burkholderiales	f__Comamonadaceae	g__unknown	s__unknown	o__OTU413
k__Bacteria	p__Proteobacteria	c__Gammaproteobacteria	o__Burkholderiales	f__Comamonadaceae	g__Leptothrix	s__unknown	o__OTU4134
k__Bacteria	p__Verrucomicrobiota	c__Verrucomicrobiae	o__Verrucomicrobiales	f__Rubritaleaceae	g__Luteolibacter	s__unknown	o__OTU414
k__Bacteria	p__Proteobacteria	c__Gammaproteobacteria	o__Burkholderiales	f__Comamonadaceae	g__unknown	s__unknown	o__OTU4154
k__Bacteria	p__Verrucomicrobiota	c__Verrucomicrobiae	o__Opitutales	f__Opitutaceae	g__unknown	s__unknown	o__OTU4155
k__Bacteria	p__Proteobacteria	c__Gammaproteobacteria	o__Burkholderiales	f__Comamonadaceae	g__unknown	s__unknown	o__OTU416
k__Bacteria	p__Proteobacteria	c__Gammaproteobacteria	o__Pseudomonadales	f__Pseudomonadaceae	g__Pseudomonas	s__unknown	o__OTU417
k__Bacteria	p__Actinobacteriota	c__Actinobacteria	o__Frankiales	f__Sporichthyaceae	g__Longivirga	s__unknown	o__OTU418
k__Bacteria	p__Bacteroidota	c__Bacteroidia	o__Sphingobacteriales	f__Sphingobacteriaceae	g__Pedobacter	s__unknown	o__OTU419
k__Bacteria	p__Proteobacteria	c__Gammaproteobacteria	o__Methylococcales	f__Methylomonadaceae	g__Methylobacter	s__	o__OTU4192
k__Bacteria	p__Firmicutes	c__Bacilli	o__Staphylococcales	f__Staphylococcaceae	g__Staphylococcus	s__unknown	o__OTU42
k__Bacteria	p__Proteobacteria	c__Alphaproteobacteria	o__Sphingomonadales	f__Sphingomonadaceae	g__Sphingomonas	s__unknown	o__OTU420
k__Bacteria	p__Actinobacteriota	c__Actinobacteria	o__Corynebacteriales	f__Nocardiaceae	g__Williamsia	s__unknown	o__OTU421
k__Bacteria	p__Bacteroidota	c__Bacteroidia	o__Sphingobacteriales	f__NS11-12 marine group	g__unknown	s__unknown	o__OTU422
k__Bacteria	p__Proteobacteria	c__Alphaproteobacteria	o__Sphingomonadales	f__Sphingomonadaceae	g__unknown	s__unknown	o__OTU424
k__Bacteria	p__Bacteroidota	c__Ignavibacteria	o__SJA-28	f__unknown	g__unknown	s__unknown	o__OTU425
k__Bacteria	p__Proteobacteria	c__Alphaproteobacteria	o__Caulobacterales	f__Caulobacteraceae	g__unknown	s__unknown	o__OTU427
k__Bacteria	p__unknown	c__unknown	o__unknown	f__unknown	g__unknown	s__unknown	o__OTU4283
k__Bacteria	p__Firmicutes	c__Bacilli	o__Bacillales	f__Bacillaceae	g__Bacillus	s__unknown	o__OTU4287
k__Bacteria	p__Bacteroidota	c__Kapabacteria	o__Kapabacteriales	f__	g__unknown	s__unknown	o__OTU429
k__Bacteria	p__Bacteroidota	c__Bacteroidia	o__Flavobacteriales	f__Cryomorphaceae	g__unknown	s__unknown	o__OTU4294
k__Bacteria	p__Proteobacteria	c__Gammaproteobacteria	o__Burkholderiales	f__Neisseriaceae	g__Neisseria	s__Neisseria meningitidis	o__OTU4295
k__Bacteria	p__Actinobacteriota	c__Thermoleophilia	o__Gaiellales	f__Gaiellaceae	g__Gaiella	s__unknown	o__OTU4297
k__Bacteria	p__Proteobacteria	c__Alphaproteobacteria	o__Sphingomonadales	f__Sphingomonadaceae	g__Sphingomonas	s__unknown	o__OTU43
k__Bacteria	p__Cyanobacteria	c__Cyanobacteriia	o__Cyanobacteriales	f__Gloeocapsaceae	g__Gloeocapsa	s__Limnococcus limneticus	o__OTU430
k__Bacteria	p__Proteobacteria	c__Alphaproteobacteria	o__Rhizobiales	f__	g__Phreatobacter	s__	o__OTU431
k__Bacteria	p__Bacteroidota	c__Bacteroidia	o__Chitinophagales	f__Chitinophagaceae	g__unknown	s__unknown	o__OTU4315
k__Bacteria	p__Proteobacteria	c__Alphaproteobacteria	o__Reyranellales	f__Reyranellaceae	g__Reyranella	s__Reyranella soli	o__OTU434
k__Bacteria	p__Proteobacteria	c__Gammaproteobacteria	o__Burkholderiales	f__Nitrosomonadaceae	g__Ellin6067	s__unknown	o__OTU435
k__Bacteria	p__Actinobacteriota	c__Acidimicrobiia	o__IMCC26256	f__unknown	g__unknown	s__unknown	o__OTU438
k__Bacteria	p__Bacteroidota	c__Bacteroidia	o__Flavobacteriales	f__Flavobacteriaceae	g__Flavobacterium	s__Flavobacterium sp. S4	o__OTU440
k__Bacteria	p__Bacteroidota	c__Bacteroidia	o__Chitinophagales	f__37-13	g__unknown	s__unknown	o__OTU4410
k__Bacteria	p__Bacteroidota	c__Kapabacteria	o__Kapabacteriales	f__unknown	g__unknown	s__unknown	o__OTU444
k__Bacteria	p__Planctomycetota	c__Planctomycetes	o__Gemmatales	f__Gemmataceae	g__Fimbriiglobus	s__unknown	o__OTU445
k__Bacteria	p__Bacteroidota	c__Bacteroidia	o__Sphingobacteriales	f__Sphingobacteriaceae	g__Pedobacter	s__unknown	o__OTU4452
k__Bacteria	p__Proteobacteria	c__Gammaproteobacteria	o__Burkholderiales	f__Comamonadaceae	g__Leptothrix	s__unknown	o__OTU4460
k__Bacteria	p__Spirochaetota	c__Leptospirae	o__Leptospirales	f__Leptospiraceae	g__Leptospira	s__unknown	o__OTU449
k__Bacteria	p__Patescibacteria	c__Gracilibacteria	o__unknown	f__unknown	g__unknown	s__unknown	o__OTU4492
k__Bacteria	p__Actinobacteriota	c__Actinobacteria	o__Frankiales	f__Sporichthyaceae	g__unknown	s__unknown	o__OTU45
k__Bacteria	p__Verrucomicrobiota	c__Chlamydiae	o__Chlamydiales	f__Parachlamydiaceae	g__unknown	s__unknown	o__OTU451
k__Bacteria	p__Verrucomicrobiota	c__Verrucomicrobiae	o__Verrucomicrobiales	f__Rubritaleaceae	g__Luteolibacter	s__unknown	o__OTU453
k__Bacteria	p__Proteobacteria	c__Alphaproteobacteria	o__Reyranellales	f__Reyranellaceae	g__Reyranella	s__unknown	o__OTU4532
k__Bacteria	p__Proteobacteria	c__Gammaproteobacteria	o__Burkholderiales	f__Comamonadaceae	g__Limnohabitans	s__unknown	o__OTU454
k__Bacteria	p__Proteobacteria	c__Alphaproteobacteria	o__Rhodobacterales	f__Rhodobacteraceae	g__unknown	s__unknown	o__OTU4540
k__Bacteria	p__Proteobacteria	c__Alphaproteobacteria	o__Rhizobiales	f__A0839	g__unknown	s__unknown	o__OTU455
k__Bacteria	p__Bacteroidota	c__Bacteroidia	o__Sphingobacteriales	f__env.OPS 17	g__unknown	s__unknown	o__OTU4556
k__Bacteria	p__Verrucomicrobiota	c__Verrucomicrobiae	o__Pedosphaerales	f__Pedosphaeraceae	g__unknown	s__unknown	o__OTU456
k__Bacteria	p__Proteobacteria	c__Alphaproteobacteria	o__unknown	f__unknown	g__unknown	s__unknown	o__OTU457
k__Bacteria	p__Gemmatimonadota	c__Gemmatimonadetes	o__Gemmatimonadales	f__Gemmatimonadaceae	g__Gemmatimonas	s__	o__OTU4574
k__Bacteria	p__Proteobacteria	c__Alphaproteobacteria	o__Rhizobiales	f__Xanthobacteraceae	g__Bradyrhizobium	s__unknown	o__OTU458
k__Bacteria	p__Planctomycetota	c__OM190	o__	f__unknown	g__unknown	s__unknown	o__OTU461
k__Bacteria	p__Patescibacteria	c__Parcubacteria	o__Candidatus Zambryskibacteria	f__unknown	g__unknown	s__unknown	o__OTU462
k__Bacteria	p__Chloroflexi	c__KD4-96	o__	f__unknown	g__unknown	s__unknown	o__OTU4621
k__Bacteria	p__Planctomycetota	c__Phycisphaerae	o__Phycisphaerales	f__Phycisphaeraceae	g__CL500-3	s__unknown	o__OTU463
k__Bacteria	p__Actinobacteriota	c__Actinobacteria	o__Frankiales	f__Sporichthyaceae	g__Longivirga	s__unknown	o__OTU4638
k__Bacteria	p__Proteobacteria	c__Gammaproteobacteria	o__Burkholderiales	f__Rhodocyclaceae	g__Sulfuritalea	s__unknown	o__OTU4645
k__Bacteria	p__Proteobacteria	c__Gammaproteobacteria	o__Burkholderiales	f__Sutterellaceae	g__AAP99	s__unknown	o__OTU465
k__Bacteria	p__Bacteroidota	c__Bacteroidia	o__Sphingobacteriales	f__env.OPS 17	g__unknown	s__unknown	o__OTU4655
k__Bacteria	p__Patescibacteria	c__Saccharimonadia	o__Saccharimonadales	f__unknown	g__unknown	s__unknown	o__OTU466
k__Bacteria	p__Actinobacteriota	c__Actinobacteria	o__Propionibacteriales	f__Propionibacteriaceae	g__Friedmanniella	s__unknown	o__OTU4661
k__Bacteria	p__Acidobacteriota	c__Vicinamibacteria	o__Vicinamibacterales	f__unknown	g__unknown	s__unknown	o__OTU467
k__Bacteria	p__Verrucomicrobiota	c__Verrucomicrobiae	o__Opitutales	f__Opitutaceae	g__unknown	s__unknown	o__OTU4678
k__Bacteria	p__Proteobacteria	c__Gammaproteobacteria	o__Burkholderiales	f__Nitrosomonadaceae	g__Ellin6067	s__unknown	o__OTU469
k__Bacteria	p__Planctomycetota	c__Planctomycetes	o__Isosphaerales	f__Isosphaeraceae	g__unknown	s__unknown	o__OTU47
k__Bacteria	p__Planctomycetota	c__Planctomycetes	o__Planctomycetales	f__Rubinisphaeraceae	g__unknown	s__unknown	o__OTU470
k__Bacteria	p__Proteobacteria	c__Gammaproteobacteria	o__Burkholderiales	f__Comamonadaceae	g__unknown	s__unknown	o__OTU471
k__Bacteria	p__Actinobacteriota	c__Actinobacteria	o__Streptomycetales	f__Streptomycetaceae	g__Streptomyces	s__unknown	o__OTU4720
k__Bacteria	p__Bacteroidota	c__Bacteroidia	o__Flavobacteriales	f__Flavobacteriaceae	g__Flavobacterium	s__unknown	o__OTU474
k__Bacteria	p__Proteobacteria	c__Alphaproteobacteria	o__Reyranellales	f__Reyranellaceae	g__Reyranella	s__unknown	o__OTU477
k__Bacteria	p__Proteobacteria	c__Gammaproteobacteria	o__Burkholderiales	f__unknown	g__unknown	s__unknown	o__OTU478
k__Bacteria	p__Actinobacteriota	c__Acidimicrobiia	o__Microtrichales	f__Iamiaceae	g__Iamia	s__unknown	o__OTU479
k__Bacteria	p__Bacteroidota	c__Bacteroidia	o__Flavobacteriales	f__Flavobacteriaceae	g__Flavobacterium	s__Antarctic bacterium	o__OTU48
k__Bacteria	p__Bacteroidota	c__Bacteroidia	o__Chitinophagales	f__Chitinophagaceae	g__Flavihumibacter	s__unknown	o__OTU481
k__Bacteria	p__Proteobacteria	c__Alphaproteobacteria	o__Rhizobiales	f__Beijerinckiaceae	g__Methylocystis	s__unknown	o__OTU4813
k__Bacteria	p__Actinobacteriota	c__Actinobacteria	o__Streptomycetales	f__Streptomycetaceae	g__Streptomyces	s__unknown	o__OTU4823
k__Bacteria	p__Proteobacteria	c__Gammaproteobacteria	o__Burkholderiales	f__Oxalobacteraceae	g__Undibacterium	s__Undibacterium parvum	o__OTU4824
k__Bacteria	p__Proteobacteria	c__Alphaproteobacteria	o__Rhizobiales	f__	g__unknown	s__unknown	o__OTU4831
k__Bacteria	p__Proteobacteria	c__Alphaproteobacteria	o__Rhodobacterales	f__Rhodobacteraceae	g__Tabrizicola	s__unknown	o__OTU484
k__Bacteria	p__Proteobacteria	c__Alphaproteobacteria	o__Rhizobiales	f__Xanthobacteraceae	g__unknown	s__unknown	o__OTU485
k__Bacteria	p__Proteobacteria	c__Gammaproteobacteria	o__Burkholderiales	f__Comamonadaceae	g__unknown	s__unknown	o__OTU487
k__Bacteria	p__Proteobacteria	c__Alphaproteobacteria	o__Rhizobiales	f__Xanthobacteraceae	g__Bradyrhizobium	s__unknown	o__OTU488
k__Bacteria	p__Actinobacteriota	c__Actinobacteria	o__Corynebacteriales	f__Nocardiaceae	g__Rhodococcus	s__unknown	o__OTU489
k__Bacteria	p__Proteobacteria	c__Gammaproteobacteria	o__Burkholderiales	f__Oxalobacteraceae	g__Massilia	s__unknown	o__OTU49
k__Bacteria	p__Bacteroidota	c__Bacteroidia	o__Flavobacteriales	f__Flavobacteriaceae	g__Flavobacterium	s__unknown	o__OTU4903
k__Bacteria	p__Bacteroidota	c__Bacteroidia	o__Chitinophagales	f__Chitinophagaceae	g__Ferruginibacter	s__unknown	o__OTU491
k__Bacteria	p__Proteobacteria	c__Gammaproteobacteria	o__Burkholderiales	f__Comamonadaceae	g__unknown	s__unknown	o__OTU4928
k__Bacteria	p__Proteobacteria	c__Alphaproteobacteria	o__Caulobacterales	f__Caulobacteraceae	g__Brevundimonas	s__unknown	o__OTU493
k__Bacteria	p__Proteobacteria	c__Alphaproteobacteria	o__Rhizobiales	f__	g__unknown	s__unknown	o__OTU494
k__Bacteria	p__Bacteroidota	c__Bacteroidia	o__Chitinophagales	f__Chitinophagaceae	g__Ferruginibacter	s__Ferruginibacter profundus	o__OTU495
k__Bacteria	p__Proteobacteria	c__Gammaproteobacteria	o__Burkholderiales	f__Comamonadaceae	g__Limnohabitans	s__unknown	o__OTU496
k__Bacteria	p__Bacteroidota	c__Bacteroidia	o__Flavobacteriales	f__Crocinitomicaceae	g__Fluviicola	s__unknown	o__OTU497
k__Bacteria	p__Proteobacteria	c__Alphaproteobacteria	o__Paracaedibacterales	f__Paracaedibacteraceae	g__unknown	s__unknown	o__OTU4973
k__Bacteria	p__Bacteroidota	c__Bacteroidia	o__Sphingobacteriales	f__KD3-93	g__unknown	s__unknown	o__OTU5
k__Bacteria	p__Firmicutes	c__Clostridia	o__Clostridiales	f__Clostridiaceae	g__Clostridium sensu stricto 1	s__unknown	o__OTU50
k__Bacteria	p__Proteobacteria	c__Gammaproteobacteria	o__Legionellales	f__Legionellaceae	g__Legionella	s__unknown	o__OTU5018
k__Bacteria	p__Verrucomicrobiota	c__Verrucomicrobiae	o__Pedosphaerales	f__Pedosphaeraceae	g__unknown	s__unknown	o__OTU502
k__Bacteria	p__Proteobacteria	c__Alphaproteobacteria	o__Caulobacterales	f__Caulobacteraceae	g__Phenylobacterium	s__unknown	o__OTU503
k__Bacteria	p__Proteobacteria	c__Alphaproteobacteria	o__Rhizobiales	f__Rhizobiaceae	g__Allorhizobium-Neorhizobium-Pararhizobium-Rhizobium	s__unknown	o__OTU504
k__Bacteria	p__Proteobacteria	c__Alphaproteobacteria	o__Sphingomonadales	f__Sphingomonadaceae	g__Polymorphobacter	s__unknown	o__OTU506
k__Bacteria	p__Verrucomicrobiota	c__Verrucomicrobiae	o__Pedosphaerales	f__Pedosphaeraceae	g__SH3-11	s__unknown	o__OTU507
k__Bacteria	p__Bacteroidota	c__Bacteroidia	o__Sphingobacteriales	f__env.OPS 17	g__unknown	s__unknown	o__OTU5073
k__Bacteria	p__Planctomycetota	c__OM190	o__	f__unknown	g__unknown	s__unknown	o__OTU508
k__Bacteria	p__Proteobacteria	c__Gammaproteobacteria	o__Burkholderiales	f__Comamonadaceae	g__Limnohabitans	s__unknown	o__OTU509
k__Bacteria	p__Gemmatimonadota	c__Gemmatimonadetes	o__Gemmatimonadales	f__Gemmatimonadaceae	g__Gemmatimonas	s__unknown	o__OTU510
k__Bacteria	p__Bacteroidota	c__Bacteroidia	o__Flavobacteriales	f__Flavobacteriaceae	g__Flavobacterium	s__unknown	o__OTU511
k__Bacteria	p__Verrucomicrobiota	c__Verrucomicrobiae	o__Verrucomicrobiales	f__Verrucomicrobiaceae	g__Prosthecobacter	s__unknown	o__OTU513
k__Bacteria	p__Proteobacteria	c__Alphaproteobacteria	o__Holosporales	f__Holosporaceae	g__unknown	s__	o__OTU514
k__Bacteria	p__Actinobacteriota	c__Actinobacteria	o__Micrococcales	f__Microbacteriaceae	g__unknown	s__unknown	o__OTU5146
k__Bacteria	p__Bacteroidota	c__Bacteroidia	o__Chitinophagales	f__Chitinophagaceae	g__Ferruginibacter	s__unknown	o__OTU515
k__Bacteria	p__Planctomycetota	c__Planctomycetes	o__Isosphaerales	f__Isosphaeraceae	g__Tundrisphaera	s__unknown	o__OTU516
k__Bacteria	p__Bacteroidota	c__Bacteroidia	o__Sphingobacteriales	f__NS11-12 marine group	g__unknown	s__unknown	o__OTU5164
k__Bacteria	p__Verrucomicrobiota	c__Chlamydiae	o__Chlamydiales	f__cvE6	g__unknown	s__unknown	o__OTU517
k__Bacteria	p__Actinobacteriota	c__Acidimicrobiia	o__Microtrichales	f__Microtrichaceae	g__unknown	s__unknown	o__OTU5187
k__Bacteria	p__Proteobacteria	c__Gammaproteobacteria	o__Burkholderiales	f__Oxalobacteraceae	g__unknown	s__unknown	o__OTU519
k__Bacteria	p__Actinobacteriota	c__Actinobacteria	o__Pseudonocardiales	f__Pseudonocardiaceae	g__Pseudonocardia	s__unknown	o__OTU5197
k__Bacteria	p__Campylobacterota	c__Campylobacteria	o__Campylobacterales	f__Helicobacteraceae	g__Helicobacter	s__Helicobacter pylori	o__OTU52
k__Bacteria	p__Bacteroidota	c__Bacteroidia	o__Sphingobacteriales	f__NS11-12 marine group	g__Bacteroidetes bacterium UKL13-3	s__unknown	o__OTU521
k__Bacteria	p__Myxococcota	c__bacteriap25	o__	f__unknown	g__unknown	s__unknown	o__OTU5212
k__Bacteria	p__Bacteroidota	c__Bacteroidia	o__Cytophagales	f__Microscillaceae	g__unknown	s__unknown	o__OTU523
k__Bacteria	p__Proteobacteria	c__Alphaproteobacteria	o__Sphingomonadales	f__Sphingomonadaceae	g__Novosphingobium	s__unknown	o__OTU524
k__Bacteria	p__Proteobacteria	c__Alphaproteobacteria	o__Sphingomonadales	f__Sphingomonadaceae	g__Novosphingobium	s__unknown	o__OTU525
k__Bacteria	p__Proteobacteria	c__Gammaproteobacteria	o__Legionellales	f__Legionellaceae	g__unknown	s__unknown	o__OTU526
k__Bacteria	p__Proteobacteria	c__Gammaproteobacteria	o__Burkholderiales	f__Neisseriaceae	g__unknown	s__unknown	o__OTU527
k__Bacteria	p__Patescibacteria	c__Gracilibacteria	o__unknown	f__unknown	g__unknown	s__unknown	o__OTU5274
k__Bacteria	p__Bacteroidota	c__Bacteroidia	o__Cytophagales	f__Microscillaceae	g__unknown	s__unknown	o__OTU529
k__Bacteria	p__Proteobacteria	c__Gammaproteobacteria	o__Burkholderiales	f__Comamonadaceae	g__unknown	s__unknown	o__OTU5296
k__Bacteria	p__Bacteroidota	c__Bacteroidia	o__Chitinophagales	f__Chitinophagaceae	g__Sediminibacterium	s__unknown	o__OTU531
k__Bacteria	p__Actinobacteriota	c__Actinobacteria	o__Frankiales	f__Sporichthyaceae	g__unknown	s__unknown	o__OTU533
k__Bacteria	p__Acidobacteriota	c__Vicinamibacteria	o__Vicinamibacterales	f__Vicinamibacteraceae	g__unknown	s__unknown	o__OTU5343
k__Bacteria	p__Proteobacteria	c__Alphaproteobacteria	o__Sphingomonadales	f__Sphingomonadaceae	g__Novosphingobium	s__unknown	o__OTU535
k__Bacteria	p__Proteobacteria	c__Alphaproteobacteria	o__Paracaedibacterales	f__Paracaedibacteraceae	g__unknown	s__	o__OTU537
k__Bacteria	p__Bacteroidota	c__Bacteroidia	o__Sphingobacteriales	f__KD3-93	g__unknown	s__unknown	o__OTU538
k__Bacteria	p__Bdellovibrionota	c__Bdellovibrionia	o__Bacteriovoracales	f__Bacteriovoracaceae	g__Peredibacter	s__unknown	o__OTU540
k__Bacteria	p__Proteobacteria	c__Alphaproteobacteria	o__Sphingomonadales	f__Sphingomonadaceae	g__unknown	s__unknown	o__OTU541
k__Bacteria	p__Firmicutes	c__Bacilli	o__Bacillales	f__Planococcaceae	g__Sporosarcina	s__Bacillus sp.	o__OTU5422
k__Bacteria	p__Bacteroidota	c__Bacteroidia	o__Cytophagales	f__Hymenobacteraceae	g__Hymenobacter	s__unknown	o__OTU545
k__Bacteria	p__Bacteroidota	c__Bacteroidia	o__Chitinophagales	f__Chitinophagaceae	g__Terrimonas	s__Terrimonas arctica	o__OTU55
k__Bacteria	p__Verrucomicrobiota	c__Verrucomicrobiae	o__Pedosphaerales	f__Pedosphaeraceae	g__unknown	s__unknown	o__OTU550
k__Bacteria	p__Bacteroidota	c__Bacteroidia	o__Chitinophagales	f__Chitinophagaceae	g__Sediminibacterium	s__unknown	o__OTU552
k__Bacteria	p__Actinobacteriota	c__Acidimicrobiia	o__Microtrichales	f__Iamiaceae	g__Iamia	s__unknown	o__OTU553
k__Bacteria	p__Verrucomicrobiota	c__Chlamydiae	o__Chlamydiales	f__Parachlamydiaceae	g__unknown	s__unknown	o__OTU554
k__Bacteria	p__Bacteroidota	c__Bacteroidia	o__Flavobacteriales	f__Flavobacteriaceae	g__Flavobacterium	s__	o__OTU555
k__Bacteria	p__Proteobacteria	c__Gammaproteobacteria	o__Legionellales	f__Legionellaceae	g__Legionella	s__unknown	o__OTU556
k__Bacteria	p__Cyanobacteria	c__Cyanobacteriia	o__Synechococcales	f__Cyanobiaceae	g__Cyanobium PCC-6307	s__unknown	o__OTU558
k__Bacteria	p__Proteobacteria	c__Alphaproteobacteria	o__Rhodospirillales	f__Rhodospirillaceae	g__unknown	s__unknown	o__OTU559
k__Bacteria	p__Proteobacteria	c__Gammaproteobacteria	o__Pseudomonadales	f__Moraxellaceae	g__Acinetobacter	s__Acinetobacter baumannii	o__OTU56
k__Bacteria	p__Proteobacteria	c__Alphaproteobacteria	o__Acetobacterales	f__Acetobacteraceae	g__unknown	s__unknown	o__OTU560
k__Bacteria	p__Bdellovibrionota	c__Bdellovibrionia	o__Bdellovibrionales	f__Bdellovibrionaceae	g__unknown	s__unknown	o__OTU561
k__Bacteria	p__Planctomycetota	c__Phycisphaerae	o__Phycisphaerales	f__Phycisphaeraceae	g__CL500-3	s__unknown	o__OTU563
k__Bacteria	p__Proteobacteria	c__Alphaproteobacteria	o__Holosporales	f__Holosporaceae	g__unknown	s__unknown	o__OTU564
k__Bacteria	p__Bdellovibrionota	c__Oligoflexia	o__Oligoflexales	f__Oligoflexaceae	g__unknown	s__unknown	o__OTU565
k__Bacteria	p__Actinobacteriota	c__Actinobacteria	o__Corynebacteriales	f__Corynebacteriaceae	g__Corynebacterium	s__Corynebacterium kroppenstedtii	o__OTU5657
k__Bacteria	p__Proteobacteria	c__Gammaproteobacteria	o__Burkholderiales	f__Comamonadaceae	g__unknown	s__unknown	o__OTU567
k__Bacteria	p__Proteobacteria	c__Alphaproteobacteria	o__Rhodobacterales	f__Rhodobacteraceae	g__unknown	s__unknown	o__OTU568
k__Bacteria	p__Proteobacteria	c__Gammaproteobacteria	o__Burkholderiales	f__Nitrosomonadaceae	g__DSSD61	s__unknown	o__OTU569
k__Bacteria	p__Actinobacteriota	c__Acidimicrobiia	o__Microtrichales	f__Microtrichaceae	g__IMCC26207	s__unknown	o__OTU57
k__Bacteria	p__Planctomycetota	c__Planctomycetes	o__Gemmatales	f__Gemmataceae	g__Zavarzinella	s__Cymbella subturgidula	o__OTU571
k__Bacteria	p__Proteobacteria	c__Alphaproteobacteria	o__Rhizobiales	f__Hyphomicrobiaceae	g__Hyphomicrobium	s__unknown	o__OTU573
k__Bacteria	p__Patescibacteria	c__Parcubacteria	o__unknown	f__unknown	g__unknown	s__unknown	o__OTU574
k__Bacteria	p__Proteobacteria	c__Gammaproteobacteria	o__Burkholderiales	f__Comamonadaceae	g__unknown	s__unknown	o__OTU5751
k__Bacteria	p__Verrucomicrobiota	c__Verrucomicrobiae	o__Verrucomicrobiales	f__Verrucomicrobiaceae	g__unknown	s__	o__OTU577
k__Bacteria	p__Proteobacteria	c__Alphaproteobacteria	o__unknown	f__unknown	g__unknown	s__unknown	o__OTU5770
k__Bacteria	p__Proteobacteria	c__Alphaproteobacteria	o__Sphingomonadales	f__Sphingomonadaceae	g__Novosphingobium	s__unknown	o__OTU578
k__Bacteria	p__Bacteroidota	c__Bacteroidia	o__Chitinophagales	f__Chitinophagaceae	g__Rurimicrobium	s__unknown	o__OTU580
k__Bacteria	p__Actinobacteriota	c__Actinobacteria	o__Corynebacteriales	f__Mycobacteriaceae	g__Mycobacterium	s__unknown	o__OTU582
k__Bacteria	p__Proteobacteria	c__Gammaproteobacteria	o__Burkholderiales	f__Comamonadaceae	g__unknown	s__unknown	o__OTU584
k__Bacteria	p__Actinobacteriota	c__Actinobacteria	o__Frankiales	f__Sporichthyaceae	g__unknown	s__unknown	o__OTU585
k__Bacteria	p__Proteobacteria	c__Gammaproteobacteria	o__Burkholderiales	f__Comamonadaceae	g__Rhizobacter	s__unknown	o__OTU586
k__Bacteria	p__Proteobacteria	c__Alphaproteobacteria	o__Reyranellales	f__Reyranellaceae	g__Reyranella	s__unknown	o__OTU588
k__Bacteria	p__Proteobacteria	c__Gammaproteobacteria	o__Enterobacterales	f__Erwiniaceae	g__Erwinia	s__unknown	o__OTU589
k__Bacteria	p__Elusimicrobiota	c__Elusimicrobia	o__Lineage IV	f__unknown	g__unknown	s__unknown	o__OTU59
k__Bacteria	p__Bacteroidota	c__Bacteroidia	o__Cytophagales	f__Microscillaceae	g__unknown	s__unknown	o__OTU590
k__Bacteria	p__Verrucomicrobiota	c__Verrucomicrobiae	o__Verrucomicrobiales	f__Verrucomicrobiaceae	g__Prosthecobacter	s__unknown	o__OTU591
k__Bacteria	p__Proteobacteria	c__Alphaproteobacteria	o__Rhizobiales	f__Xanthobacteraceae	g__Tardiphaga	s__unknown	o__OTU592
k__Bacteria	p__Proteobacteria	c__Gammaproteobacteria	o__Burkholderiales	f__Comamonadaceae	g__unknown	s__unknown	o__OTU594
k__Bacteria	p__Proteobacteria	c__Alphaproteobacteria	o__Sphingomonadales	f__Sphingomonadaceae	g__Sphingopyxis	s__unknown	o__OTU597
k__Bacteria	p__Proteobacteria	c__Alphaproteobacteria	o__Rhodobacterales	f__Rhodobacteraceae	g__Rhodobacter	s__unknown	o__OTU598
k__Bacteria	p__Verrucomicrobiota	c__Verrucomicrobiae	o__Chthoniobacterales	f__Chthoniobacteraceae	g__LD29	s__unknown	o__OTU6
k__Bacteria	p__Acidobacteriota	c__Vicinamibacteria	o__Vicinamibacterales	f__Vicinamibacteraceae	g__unknown	s__unknown	o__OTU60
k__Bacteria	p__Proteobacteria	c__Gammaproteobacteria	o__Burkholderiales	f__Oxalobacteraceae	g__Massilia	s__unknown	o__OTU601
k__Bacteria	p__Proteobacteria	c__Alphaproteobacteria	o__Rickettsiales	f__unknown	g__unknown	s__unknown	o__OTU602
k__Bacteria	p__Proteobacteria	c__Alphaproteobacteria	o__Sphingomonadales	f__Sphingomonadaceae	g__Sphingobium	s__Sphingomonas sp.	o__OTU603
k__Bacteria	p__Proteobacteria	c__Gammaproteobacteria	o__Burkholderiales	f__Comamonadaceae	g__Polaromonas	s__unknown	o__OTU6030
k__Bacteria	p__Actinobacteriota	c__Thermoleophilia	o__Solirubrobacterales	f__Solirubrobacteraceae	g__Conexibacter	s__Solirubrobacterales bacterium	o__OTU604
k__Bacteria	p__Acidobacteriota	c__Acidobacteriae	o__Solibacterales	f__Solibacteraceae	g__Candidatus Solibacter	s__	o__OTU605
k__Bacteria	p__Firmicutes	c__Bacilli	o__Lactobacillales	f__Enterococcaceae	g__Enterococcus	s__unknown	o__OTU6050
k__Bacteria	p__Actinobacteriota	c__Actinobacteria	o__Micromonosporales	f__Micromonosporaceae	g__Actinoplanes	s__Micromonosporaceae bacterium	o__OTU6065
k__Bacteria	p__Proteobacteria	c__Gammaproteobacteria	o__Burkholderiales	f__Comamonadaceae	g__Rhodoferax	s__unknown	o__OTU607
k__Bacteria	p__Proteobacteria	c__Alphaproteobacteria	o__Rhizobiales	f__Kaistiaceae	g__Kaistia	s__unknown	o__OTU6073
k__Bacteria	p__Proteobacteria	c__Alphaproteobacteria	o__Sphingomonadales	f__Sphingomonadaceae	g__Novosphingobium	s__unknown	o__OTU608
k__Bacteria	p__Planctomycetota	c__Planctomycetes	o__Isosphaerales	f__Isosphaeraceae	g__unknown	s__unknown	o__OTU6098
k__Bacteria	p__Proteobacteria	c__Gammaproteobacteria	o__Burkholderiales	f__Comamonadaceae	g__unknown	s__unknown	o__OTU610
k__Bacteria	p__Bacteroidota	c__Bacteroidia	o__Chitinophagales	f__Chitinophagaceae	g__Flavihumibacter	s__unknown	o__OTU611
k__Bacteria	p__Proteobacteria	c__Gammaproteobacteria	o__Burkholderiales	f__unknown	g__unknown	s__unknown	o__OTU612
k__Bacteria	p__Proteobacteria	c__Gammaproteobacteria	o__Xanthomonadales	f__Xanthomonadaceae	g__Stenotrophomonas	s__unknown	o__OTU6121
k__Bacteria	p__Proteobacteria	c__Gammaproteobacteria	o__Burkholderiales	f__Nitrosomonadaceae	g__Ellin6067	s__unknown	o__OTU613
k__Bacteria	p__Actinobacteriota	c__Acidimicrobiia	o__unknown	f__unknown	g__unknown	s__unknown	o__OTU615
k__Bacteria	p__Proteobacteria	c__Gammaproteobacteria	o__Methylococcales	f__Methylomonadaceae	g__Crenothrix	s__unknown	o__OTU6159
k__Bacteria	p__Spirochaetota	c__Leptospirae	o__Leptospirales	f__Leptospiraceae	g__Turneriella	s__unknown	o__OTU616
k__Bacteria	p__Actinobacteriota	c__Actinobacteria	o__Micrococcales	f__Microbacteriaceae	g__Curtobacterium	s__unknown	o__OTU6166
k__Bacteria	p__Bacteroidota	c__Bacteroidia	o__Chitinophagales	f__Chitinophagaceae	g__Sediminibacterium	s__unknown	o__OTU617
k__Bacteria	p__Firmicutes	c__Bacilli	o__Bacillales	f__Bacillaceae	g__Bacillus	s__Bacillus cereus	o__OTU618
k__Bacteria	p__Planctomycetota	c__Phycisphaerae	o__Phycisphaerales	f__Phycisphaeraceae	g__unknown	s__unknown	o__OTU619
k__Bacteria	p__Proteobacteria	c__Alphaproteobacteria	o__Caulobacterales	f__Caulobacteraceae	g__Brevundimonas	s__unknown	o__OTU62
k__Bacteria	p__Verrucomicrobiota	c__Verrucomicrobiae	o__Verrucomicrobiales	f__Verrucomicrobiaceae	g__unknown	s__unknown	o__OTU620
k__Bacteria	p__Verrucomicrobiota	c__Verrucomicrobiae	o__Verrucomicrobiales	f__Rubritaleaceae	g__Luteolibacter	s__unknown	o__OTU622
k__Bacteria	p__Verrucomicrobiota	c__Verrucomicrobiae	o__Verrucomicrobiales	f__Verrucomicrobiaceae	g__Prosthecobacter	s__unknown	o__OTU623
k__Bacteria	p__Actinobacteriota	c__Actinobacteria	o__Propionibacteriales	f__Nocardioidaceae	g__Aeromicrobium	s__unknown	o__OTU626
k__Bacteria	p__Bacteroidota	c__Bacteroidia	o__Sphingobacteriales	f__NS11-12 marine group	g__unknown	s__unknown	o__OTU628
k__Bacteria	p__Actinobacteriota	c__Actinobacteria	o__Frankiales	f__Sporichthyaceae	g__hgcI clade	s__unknown	o__OTU6295
k__Bacteria	p__Actinobacteriota	c__Actinobacteria	o__Frankiales	f__Sporichthyaceae	g__hgcI clade	s__unknown	o__OTU630
k__Bacteria	p__Bacteroidota	c__Bacteroidia	o__Cytophagales	f__Microscillaceae	g__unknown	s__	o__OTU631
k__Bacteria	p__Verrucomicrobiota	c__Verrucomicrobiae	o__Pedosphaerales	f__unknown	g__unknown	s__unknown	o__OTU633
k__Bacteria	p__Actinobacteriota	c__Actinobacteria	o__Micrococcales	f__Microbacteriaceae	g__unknown	s__unknown	o__OTU6330
k__Bacteria	p__Firmicutes	c__Clostridia	o__Clostridiales	f__Clostridiaceae	g__Clostridium sensu stricto 1	s__unknown	o__OTU6348
k__Bacteria	p__Proteobacteria	c__Gammaproteobacteria	o__Burkholderiales	f__Comamonadaceae	g__unknown	s__unknown	o__OTU636
k__Bacteria	p__Planctomycetota	c__Planctomycetes	o__Planctomycetales	f__Schlesneriaceae	g__unknown	s__unknown	o__OTU637
k__Bacteria	p__Proteobacteria	c__Gammaproteobacteria	o__Xanthomonadales	f__Xanthomonadaceae	g__Arenimonas	s__Arenimonas subflava	o__OTU638
k__Bacteria	p__Proteobacteria	c__Gammaproteobacteria	o__Burkholderiales	f__Nitrosomonadaceae	g__Nitrosomonas	s__Nitrosomonas sp. Is79A3	o__OTU639
k__Bacteria	p__Firmicutes	c__Bacilli	o__Lactobacillales	f__Listeriaceae	g__Listeria	s__unknown	o__OTU6390
k__Bacteria	p__Proteobacteria	c__Alphaproteobacteria	o__Rhodobacterales	f__Rhodobacteraceae	g__Rhodobacter	s__Rhodobacter sphaeroides	o__OTU64
k__Bacteria	p__Proteobacteria	c__Gammaproteobacteria	o__Burkholderiales	f__Rhodocyclaceae	g__Sulfuritalea	s__unknown	o__OTU640
k__Bacteria	p__Proteobacteria	c__Gammaproteobacteria	o__Burkholderiales	f__Comamonadaceae	g__unknown	s__unknown	o__OTU641
k__Bacteria	p__Bacteroidota	c__Bacteroidia	o__Sphingobacteriales	f__NS11-12 marine group	g__unknown	s__unknown	o__OTU642
k__Bacteria	p__Proteobacteria	c__Alphaproteobacteria	o__Rhizobiales	f__	g__Nordella	s__unknown	o__OTU6421
k__Bacteria	p__Firmicutes	c__Bacilli	o__Exiguobacterales	f__Exiguobacteraceae	g__Exiguobacterium	s__unknown	o__OTU643
k__Bacteria	p__Myxococcota	c__Polyangia	o__Haliangiales	f__Haliangiaceae	g__Haliangium	s__myxobacterium AT3-03	o__OTU6447
k__Bacteria	p__Actinobacteriota	c__Acidimicrobiia	o__IMCC26256	f__	g__unknown	s__unknown	o__OTU647
k__Bacteria	p__Proteobacteria	c__Gammaproteobacteria	o__Burkholderiales	f__Comamonadaceae	g__unknown	s__Danio rerio	o__OTU649
k__Bacteria	p__Proteobacteria	c__Alphaproteobacteria	o__Rhodobacterales	f__Rhodobacteraceae	g__unknown	s__unknown	o__OTU65
k__Bacteria	p__Bacteroidota	c__Bacteroidia	o__Chitinophagales	f__Saprospiraceae	g__unknown	s__unknown	o__OTU650
k__Bacteria	p__Actinobacteriota	c__Actinobacteria	o__PeM15	f__unknown	g__unknown	s__unknown	o__OTU652
k__Bacteria	p__Actinobacteriota	c__Actinobacteria	o__Frankiales	f__Sporichthyaceae	g__unknown	s__unknown	o__OTU653
k__Bacteria	p__Proteobacteria	c__Gammaproteobacteria	o__Burkholderiales	f__Rhodocyclaceae	g__Sulfuritalea	s__unknown	o__OTU6546
k__Bacteria	p__Proteobacteria	c__Gammaproteobacteria	o__Burkholderiales	f__Rhodocyclaceae	g__unknown	s__unknown	o__OTU6549
k__Bacteria	p__Bacteroidota	c__Bacteroidia	o__Chitinophagales	f__Saprospiraceae	g__Haliscomenobacter	s__unknown	o__OTU656
k__Bacteria	p__Bacteroidota	c__Bacteroidia	o__Chitinophagales	f__Saprospiraceae	g__unknown	s__unknown	o__OTU657
k__Bacteria	p__Actinobacteriota	c__Acidimicrobiia	o__Microtrichales	f__Ilumatobacteraceae	g__Ilumatobacter	s__unknown	o__OTU658
k__Bacteria	p__Proteobacteria	c__Gammaproteobacteria	o__Burkholderiales	f__unknown	g__unknown	s__unknown	o__OTU6593
k__Bacteria	p__Verrucomicrobiota	c__Verrucomicrobiae	o__Methylacidiphilales	f__Methylacidiphilaceae	g__unknown	s__unknown	o__OTU66
k__Bacteria	p__Actinobacteriota	c__Actinobacteria	o__Micrococcales	f__Micrococcaceae	g__Paenarthrobacter	s__unknown	o__OTU660
k__Bacteria	p__Proteobacteria	c__Gammaproteobacteria	o__Burkholderiales	f__Nitrosomonadaceae	g__DSSD61	s__unknown	o__OTU661
k__Bacteria	p__Desulfobacterota	c__unknown	o__unknown	f__unknown	g__unknown	s__unknown	o__OTU662
k__Bacteria	p__Bacteroidota	c__Bacteroidia	o__Bacteroidales	f__Porphyromonadaceae	g__Porphyromonas	s__Porphyromonas pasteri	o__OTU6628
k__Bacteria	p__Acidobacteriota	c__Vicinamibacteria	o__Vicinamibacterales	f__Vicinamibacteraceae	g__unknown	s__unknown	o__OTU663
k__Bacteria	p__Proteobacteria	c__Gammaproteobacteria	o__Burkholderiales	f__Oxalobacteraceae	g__Undibacterium	s__unknown	o__OTU664
k__Bacteria	p__Actinobacteriota	c__Acidimicrobiia	o__Microtrichales	f__Microtrichaceae	g__unknown	s__unknown	o__OTU6662
k__Bacteria	p__Proteobacteria	c__Alphaproteobacteria	o__Caulobacterales	f__Caulobacteraceae	g__Phenylobacterium	s__Phenylobacterium aquaticum	o__OTU668
k__Bacteria	p__Firmicutes	c__Bacilli	o__Bacillales	f__unknown	g__unknown	s__unknown	o__OTU669
k__Bacteria	p__Proteobacteria	c__Gammaproteobacteria	o__Burkholderiales	f__Rhodocyclaceae	g__Sulfuritalea	s__unknown	o__OTU6697
k__Bacteria	p__Proteobacteria	c__Alphaproteobacteria	o__Sphingomonadales	f__Sphingomonadaceae	g__Novosphingobium	s__Novosphingobium stygium	o__OTU672
k__Bacteria	p__Actinobacteriota	c__Actinobacteria	o__Frankiales	f__Sporichthyaceae	g__hgcI clade	s__unknown	o__OTU6726
k__Bacteria	p__Actinobacteriota	c__Actinobacteria	o__Frankiales	f__Sporichthyaceae	g__Longivirga	s__Longivirga aurantiaca	o__OTU673
k__Bacteria	p__Planctomycetota	c__Planctomycetes	o__Pirellulales	f__Pirellulaceae	g__unknown	s__unknown	o__OTU674
k__Bacteria	p__Proteobacteria	c__Gammaproteobacteria	o__Burkholderiales	f__Comamonadaceae	g__unknown	s__unknown	o__OTU676
k__Bacteria	p__Proteobacteria	c__Gammaproteobacteria	o__Burkholderiales	f__Rhodocyclaceae	g__Sulfuritalea	s__unknown	o__OTU6767
k__Bacteria	p__Planctomycetota	c__Planctomycetes	o__Planctomycetales	f__Schlesneriaceae	g__Schlesneria	s__unknown	o__OTU677
k__Bacteria	p__Bacteroidota	c__Bacteroidia	o__Chitinophagales	f__37-13	g__unknown	s__unknown	o__OTU678
k__Bacteria	p__Proteobacteria	c__Alphaproteobacteria	o__Rhodospirillales	f__Rhodospirillaceae	g__unknown	s__unknown	o__OTU68
k__Bacteria	p__Myxococcota	c__Polyangia	o__Polyangiales	f__Polyangiaceae	g__unknown	s__unknown	o__OTU680
k__Bacteria	p__Proteobacteria	c__Gammaproteobacteria	o__Burkholderiales	f__Comamonadaceae	g__Rhizobacter	s__unknown	o__OTU682
k__Bacteria	p__Proteobacteria	c__Gammaproteobacteria	o__Coxiellales	f__Coxiellaceae	g__Coxiella	s__unknown	o__OTU683
k__Bacteria	p__Actinobacteriota	c__Acidimicrobiia	o__Microtrichales	f__Ilumatobacteraceae	g__Ilumatobacter	s__unknown	o__OTU684
k__Bacteria	p__Proteobacteria	c__Alphaproteobacteria	o__Sphingomonadales	f__Sphingomonadaceae	g__Novosphingobium	s__Novosphingobium stygium	o__OTU686
k__Bacteria	p__Actinobacteriota	c__Actinobacteria	o__Micrococcales	f__Micrococcaceae	g__unknown	s__unknown	o__OTU687
k__Bacteria	p__Verrucomicrobiota	c__Verrucomicrobiae	o__Pedosphaerales	f__Pedosphaeraceae	g__Ellin517	s__unknown	o__OTU69
k__Bacteria	p__Proteobacteria	c__Alphaproteobacteria	o__Rhizobiales	f__	g__unknown	s__unknown	o__OTU691
k__Bacteria	p__Bacteroidota	c__Bacteroidia	o__Chitinophagales	f__Chitinophagaceae	g__Sediminibacterium	s__Candidatus Jacksonbacteria	o__OTU692
k__Bacteria	p__Actinobacteriota	c__Actinobacteria	o__Propionibacteriales	f__Nocardioidaceae	g__Nocardioides	s__unknown	o__OTU6938
k__Bacteria	p__Elusimicrobiota	c__Elusimicrobia	o__Lineage IV	f__unknown	g__unknown	s__unknown	o__OTU697
k__Bacteria	p__Verrucomicrobiota	c__Verrucomicrobiae	o__Verrucomicrobiales	f__Rubritaleaceae	g__Luteolibacter	s__unknown	o__OTU701
k__Bacteria	p__Proteobacteria	c__Gammaproteobacteria	o__Burkholderiales	f__Comamonadaceae	g__Polaromonas	s__unknown	o__OTU702
k__Bacteria	p__Proteobacteria	c__Alphaproteobacteria	o__Rhodobacterales	f__Rhodobacteraceae	g__Gemmobacter	s__unknown	o__OTU705
k__Bacteria	p__Actinobacteriota	c__Rubrobacteria	o__Rubrobacterales	f__Rubrobacteriaceae	g__Rubrobacter	s__unknown	o__OTU7055
k__Bacteria	p__Bacteroidota	c__Bacteroidia	o__unknown	f__unknown	g__unknown	s__unknown	o__OTU706
k__Bacteria	p__Proteobacteria	c__Alphaproteobacteria	o__Rhizobiales	f__Xanthobacteraceae	g__unknown	s__unknown	o__OTU707
k__Bacteria	p__Proteobacteria	c__Gammaproteobacteria	o__Xanthomonadales	f__Xanthomonadaceae	g__Arenimonas	s__unknown	o__OTU709
k__Bacteria	p__Proteobacteria	c__Gammaproteobacteria	o__Burkholderiales	f__Comamonadaceae	g__Rhodoferax	s__unknown	o__OTU71
k__Bacteria	p__Patescibacteria	c__Parcubacteria	o__Candidatus Nomurabacteria	f__unknown	g__unknown	s__unknown	o__OTU710
k__Bacteria	p__Myxococcota	c__Polyangia	o__Polyangiales	f__Sandaracinaceae	g__unknown	s__unknown	o__OTU711
k__Bacteria	p__Actinobacteriota	c__Actinobacteria	o__Frankiales	f__Sporichthyaceae	g__hgcI clade	s__unknown	o__OTU712
k__Bacteria	p__Myxococcota	c__Polyangia	o__Polyangiales	f__Polyangiaceae	g__Pajaroellobacter	s__	o__OTU7129
k__Bacteria	p__Proteobacteria	c__Alphaproteobacteria	o__unknown	f__unknown	g__unknown	s__unknown	o__OTU715
k__Bacteria	p__Verrucomicrobiota	c__Verrucomicrobiae	o__Verrucomicrobiales	f__Verrucomicrobiaceae	g__Brevifollis	s__Brevifollis gellanilyticus	o__OTU716
k__Bacteria	p__Acidobacteriota	c__Acidobacteriae	o__Subgroup 2	f__	g__unknown	s__unknown	o__OTU7166
k__Bacteria	p__Bacteroidota	c__Bacteroidia	o__Sphingobacteriales	f__AKYH767	g__unknown	s__unknown	o__OTU717
k__Bacteria	p__Proteobacteria	c__Alphaproteobacteria	o__Sphingomonadales	f__Sphingomonadaceae	g__Novosphingobium	s__unknown	o__OTU718
k__Bacteria	p__Proteobacteria	c__Gammaproteobacteria	o__Burkholderiales	f__Oxalobacteraceae	g__Massilia	s__unknown	o__OTU719
k__Bacteria	p__Firmicutes	c__Bacilli	o__Lactobacillales	f__Lactobacillaceae	g__unknown	s__unknown	o__OTU72
k__Bacteria	p__Patescibacteria	c__Saccharimonadia	o__Saccharimonadales	f__unknown	g__unknown	s__unknown	o__OTU722
k__Bacteria	p__Planctomycetota	c__Planctomycetes	o__Gemmatales	f__Gemmataceae	g__Fimbriiglobus	s__unknown	o__OTU723
k__Bacteria	p__Bacteroidota	c__Bacteroidia	o__Flavobacteriales	f__Flavobacteriaceae	g__Flavobacterium	s__unknown	o__OTU724
k__Bacteria	p__Proteobacteria	c__Alphaproteobacteria	o__Rhizobiales	f__Beijerinckiaceae	g__Methylobacterium-Methylorubrum	s__unknown	o__OTU726
k__Bacteria	p__Planctomycetota	c__Pla4 lineage	o__unknown	f__unknown	g__unknown	s__unknown	o__OTU728
k__Bacteria	p__Actinobacteriota	c__Actinobacteria	o__Actinomycetales	f__Actinomycetaceae	g__Actinomyces	s__unknown	o__OTU73
k__Bacteria	p__Myxococcota	c__Polyangia	o__Polyangiales	f__Polyangiaceae	g__unknown	s__unknown	o__OTU732
k__Bacteria	p__Proteobacteria	c__Alphaproteobacteria	o__Sphingomonadales	f__Sphingomonadaceae	g__Novosphingobium	s__	o__OTU734
k__Bacteria	p__Proteobacteria	c__Gammaproteobacteria	o__Enterobacterales	f__Morganellaceae	g__Proteus	s__unknown	o__OTU736
k__Bacteria	p__Chloroflexi	c__Ktedonobacteria	o__Ktedonobacterales	f__Ktedonobacteraceae	g__HSB OF53-F07	s__	o__OTU7367
k__Bacteria	p__Bacteroidota	c__Bacteroidia	o__Chitinophagales	f__Chitinophagaceae	g__Sediminibacterium	s__unknown	o__OTU737
k__Bacteria	p__Verrucomicrobiota	c__Verrucomicrobiae	o__Verrucomicrobiales	f__Rubritaleaceae	g__Luteolibacter	s__unknown	o__OTU740
k__Bacteria	p__Bdellovibrionota	c__Bdellovibrionia	o__Bacteriovoracales	f__Bacteriovoracaceae	g__Bacteriovorax	s__unknown	o__OTU741
k__Bacteria	p__Proteobacteria	c__Alphaproteobacteria	o__Rhodobacterales	f__Rhodobacteraceae	g__unknown	s__unknown	o__OTU742
k__Bacteria	p__Proteobacteria	c__Alphaproteobacteria	o__Sphingomonadales	f__Sphingomonadaceae	g__unknown	s__unknown	o__OTU746
k__Bacteria	p__Bacteroidota	c__Bacteroidia	o__Chitinophagales	f__Chitinophagaceae	g__Ferruginibacter	s__unknown	o__OTU749
k__Bacteria	p__Proteobacteria	c__Gammaproteobacteria	o__Pseudomonadales	f__Pseudomonadaceae	g__Pseudomonas	s__Pseudomonas aeruginosa	o__OTU75
k__Bacteria	p__Bacteroidota	c__Bacteroidia	o__Chitinophagales	f__Chitinophagaceae	g__Ferruginibacter	s__unknown	o__OTU750
k__Bacteria	p__Firmicutes	c__Clostridia	o__Peptostreptococcales-Tissierellales	f__Peptostreptococcaceae	g__Clostridioides	s__Clostridioides difficile	o__OTU7539
k__Bacteria	p__Actinobacteriota	c__Acidimicrobiia	o__Microtrichales	f__Ilumatobacteraceae	g__CL500-29 marine group	s__unknown	o__OTU755
k__Bacteria	p__Nitrospirota	c__Nitrospiria	o__Nitrospirales	f__Nitrospiraceae	g__Nitrospira	s__unknown	o__OTU757
k__Bacteria	p__Verrucomicrobiota	c__Verrucomicrobiae	o__Verrucomicrobiales	f__Verrucomicrobiaceae	g__unknown	s__unknown	o__OTU758
k__Bacteria	p__Proteobacteria	c__Gammaproteobacteria	o__Pseudomonadales	f__unknown	g__unknown	s__unknown	o__OTU759
k__Bacteria	p__Proteobacteria	c__Alphaproteobacteria	o__Rhizobiales	f__	g__unknown	s__unknown	o__OTU76
k__Bacteria	p__Actinobacteriota	c__Thermoleophilia	o__Gaiellales	f__Gaiellaceae	g__Gaiella	s__unknown	o__OTU760
k__Bacteria	p__Bacteroidota	c__Bacteroidia	o__Chitinophagales	f__Chitinophagaceae	g__Sediminibacterium	s__unknown	o__OTU761
k__Bacteria	p__Proteobacteria	c__Alphaproteobacteria	o__Rhodobacterales	f__Rhodobacteraceae	g__unknown	s__unknown	o__OTU762
k__Bacteria	p__Chloroflexi	c__KD4-96	o__unknown	f__unknown	g__unknown	s__unknown	o__OTU7633
k__Bacteria	p__Firmicutes	c__Limnochordia	o__M55-D21	f__unknown	g__unknown	s__unknown	o__OTU765
k__Bacteria	p__Bacteroidota	c__Bacteroidia	o__Chitinophagales	f__Chitinophagaceae	g__Sediminibacterium	s__Candidatus Jacksonbacteria	o__OTU766
k__Bacteria	p__Bacteroidota	c__Bacteroidia	o__Chitinophagales	f__Chitinophagaceae	g__Sediminibacterium	s__unknown	o__OTU768
k__Bacteria	p__Bacteroidota	c__Bacteroidia	o__Chitinophagales	f__Chitinophagaceae	g__Ferruginibacter	s__unknown	o__OTU769
k__Bacteria	p__Proteobacteria	c__Gammaproteobacteria	o__Enterobacterales	f__Enterobacteriaceae	g__Escherichia-Shigella	s__unknown	o__OTU77
k__Bacteria	p__Proteobacteria	c__Gammaproteobacteria	o__Burkholderiales	f__Comamonadaceae	g__Limnohabitans	s__unknown	o__OTU771
k__Bacteria	p__Bacteroidota	c__Bacteroidia	o__Chitinophagales	f__Saprospiraceae	g__unknown	s__unknown	o__OTU773
k__Bacteria	p__Bacteroidota	c__Bacteroidia	o__Chitinophagales	f__Chitinophagaceae	g__Sediminibacterium	s__unknown	o__OTU775
k__Bacteria	p__Planctomycetota	c__OM190	o__	f__unknown	g__unknown	s__unknown	o__OTU777
k__Bacteria	p__Planctomycetota	c__Phycisphaerae	o__Phycisphaerales	f__Phycisphaeraceae	g__CL500-3	s__unknown	o__OTU778
k__Bacteria	p__Actinobacteriota	c__Thermoleophilia	o__Solirubrobacterales	f__67-14	g__unknown	s__unknown	o__OTU78
k__Bacteria	p__Proteobacteria	c__Alphaproteobacteria	o__Rhizobiales	f__Xanthobacteraceae	g__unknown	s__unknown	o__OTU781
k__Bacteria	p__Verrucomicrobiota	c__Verrucomicrobiae	o__Verrucomicrobiales	f__Verrucomicrobiaceae	g__Verrucomicrobium	s__unknown	o__OTU782
k__Bacteria	p__Proteobacteria	c__Alphaproteobacteria	o__Holosporales	f__Holosporaceae	g__unknown	s__	o__OTU788
k__Bacteria	p__Proteobacteria	c__Gammaproteobacteria	o__Burkholderiales	f__Comamonadaceae	g__unknown	s__unknown	o__OTU789
k__Bacteria	p__Bacteroidota	c__Bacteroidia	o__Sphingobacteriales	f__env.OPS 17	g__unknown	s__unknown	o__OTU79
k__Bacteria	p__Proteobacteria	c__Gammaproteobacteria	o__Burkholderiales	f__Comamonadaceae	g__Rhizobacter	s__unknown	o__OTU790
k__Bacteria	p__Proteobacteria	c__Gammaproteobacteria	o__Burkholderiales	f__Comamonadaceae	g__Rhodoferax	s__unknown	o__OTU792
k__Bacteria	p__Proteobacteria	c__Gammaproteobacteria	o__Burkholderiales	f__Comamonadaceae	g__Rhizobacter	s__unknown	o__OTU793
k__Bacteria	p__Actinobacteriota	c__Actinobacteria	o__Frankiales	f__Frankiaceae	g__Jatrophihabitans	s__unknown	o__OTU7949
k__Bacteria	p__Bacteroidota	c__Bacteroidia	o__Chitinophagales	f__37-13	g__unknown	s__unknown	o__OTU795
k__Bacteria	p__Actinobacteriota	c__Actinobacteria	o__Corynebacteriales	f__Nocardiaceae	g__Nocardia	s__unknown	o__OTU796
k__Bacteria	p__Actinobacteriota	c__Acidimicrobiia	o__Microtrichales	f__Ilumatobacteraceae	g__CL500-29 marine group	s__unknown	o__OTU797
k__Bacteria	p__Proteobacteria	c__Alphaproteobacteria	o__Rhodobacterales	f__Rhodobacteraceae	g__unknown	s__unknown	o__OTU799
k__Bacteria	p__Firmicutes	c__Bacilli	o__Lactobacillales	f__Enterococcaceae	g__Enterococcus	s__unknown	o__OTU80
k__Bacteria	p__Armatimonadota	c__Armatimonadia	o__Armatimonadales	f__Armatimonadaceae	g__Armatimonas	s__unknown	o__OTU800
k__Bacteria	p__Verrucomicrobiota	c__Chlamydiae	o__Chlamydiales	f__Parachlamydiaceae	g__unknown	s__unknown	o__OTU8009
k__Bacteria	p__Proteobacteria	c__Alphaproteobacteria	o__Rhizobiales	f__Xanthobacteraceae	g__unknown	s__unknown	o__OTU8010
k__Bacteria	p__Actinobacteriota	c__Actinobacteria	o__Micrococcales	f__Intrasporangiaceae	g__Pedococcus-Phycicoccus	s__unknown	o__OTU805
k__Bacteria	p__Verrucomicrobiota	c__Verrucomicrobiae	o__Pedosphaerales	f__Pedosphaeraceae	g__unknown	s__unknown	o__OTU806
k__Bacteria	p__Proteobacteria	c__Gammaproteobacteria	o__Burkholderiales	f__Comamonadaceae	g__Rhodoferax	s__Rhodoferax sp.	o__OTU808
k__Bacteria	p__Proteobacteria	c__Gammaproteobacteria	o__Methylococcales	f__Methylomonadaceae	g__Crenothrix	s__unknown	o__OTU8081
k__Bacteria	p__Proteobacteria	c__Gammaproteobacteria	o__Legionellales	f__Legionellaceae	g__Legionella	s__unknown	o__OTU81
k__Bacteria	p__Verrucomicrobiota	c__Verrucomicrobiae	o__Chthoniobacterales	f__Chthoniobacteraceae	g__Chthoniobacter	s__unknown	o__OTU810
k__Bacteria	p__Actinobacteriota	c__Actinobacteria	o__Micrococcales	f__Microbacteriaceae	g__unknown	s__unknown	o__OTU8117
k__Bacteria	p__Patescibacteria	c__Saccharimonadia	o__Saccharimonadales	f__unknown	g__unknown	s__unknown	o__OTU812
k__Bacteria	p__Proteobacteria	c__Gammaproteobacteria	o__Burkholderiales	f__Comamonadaceae	g__Polaromonas	s__unknown	o__OTU813
k__Bacteria	p__Actinobacteriota	c__MB-A2-108	o__unknown	f__unknown	g__unknown	s__unknown	o__OTU815
k__Bacteria	p__Bacteroidota	c__Bacteroidia	o__Chitinophagales	f__Chitinophagaceae	g__Ferruginibacter	s__unknown	o__OTU8154
k__Bacteria	p__Proteobacteria	c__Alphaproteobacteria	o__Reyranellales	f__Reyranellaceae	g__Reyranella	s__unknown	o__OTU816
k__Bacteria	p__Proteobacteria	c__Gammaproteobacteria	o__Burkholderiales	f__TRA3-20	g__unknown	s__unknown	o__OTU818
k__Bacteria	p__Proteobacteria	c__Gammaproteobacteria	o__Legionellales	f__Legionellaceae	g__Legionella	s__unknown	o__OTU819
k__Bacteria	p__Planctomycetota	c__Planctomycetes	o__Gemmatales	f__Gemmataceae	g__unknown	s__unknown	o__OTU82
k__Bacteria	p__Proteobacteria	c__Alphaproteobacteria	o__Sphingomonadales	f__Sphingomonadaceae	g__Sphingorhabdus	s__Sphingorhabdus wooponensis	o__OTU821
k__Bacteria	p__unknown	c__unknown	o__unknown	f__unknown	g__unknown	s__unknown	o__OTU822
k__Bacteria	p__Proteobacteria	c__Gammaproteobacteria	o__Enterobacterales	f__Erwiniaceae	g__unknown	s__unknown	o__OTU823
k__Bacteria	p__Acidobacteriota	c__Acidobacteriae	o__Bryobacterales	f__Bryobacteraceae	g__Bryobacter	s__unknown	o__OTU824
k__Bacteria	p__Proteobacteria	c__Gammaproteobacteria	o__Burkholderiales	f__Nitrosomonadaceae	g__unknown	s__unknown	o__OTU825
k__Bacteria	p__Bacteroidota	c__Bacteroidia	o__Chitinophagales	f__Chitinophagaceae	g__Sediminibacterium	s__unknown	o__OTU826
k__Bacteria	p__Gemmatimonadota	c__Gemmatimonadetes	o__Gemmatimonadales	f__Gemmatimonadaceae	g__unknown	s__unknown	o__OTU828
k__Bacteria	p__Proteobacteria	c__Gammaproteobacteria	o__PLTA13	f__unknown	g__unknown	s__unknown	o__OTU829
k__Archaea	p__Crenarchaeota	c__Nitrososphaeria	o__Nitrososphaerales	f__Nitrososphaeraceae	g__unknown	s__unknown	o__OTU8299
k__Bacteria	p__Proteobacteria	c__Gammaproteobacteria	o__Burkholderiales	f__Nitrosomonadaceae	g__DSSD61	s__unknown	o__OTU83
k__Bacteria	p__Verrucomicrobiota	c__Verrucomicrobiae	o__Opitutales	f__Opitutaceae	g__Lacunisphaera	s__unknown	o__OTU831
k__Bacteria	p__Bacteroidota	c__Bacteroidia	o__Flavobacteriales	f__Flavobacteriaceae	g__Flavobacterium	s__unknown	o__OTU832
k__Bacteria	p__Bacteroidota	c__Bacteroidia	o__Chitinophagales	f__unknown	g__unknown	s__unknown	o__OTU836
k__Bacteria	p__Actinobacteriota	c__Acidimicrobiia	o__Microtrichales	f__Iamiaceae	g__unknown	s__unknown	o__OTU839
k__Bacteria	p__Verrucomicrobiota	c__Verrucomicrobiae	o__Verrucomicrobiales	f__Verrucomicrobiaceae	g__unknown	s__unknown	o__OTU84
k__Bacteria	p__Proteobacteria	c__Gammaproteobacteria	o__Burkholderiales	f__Oxalobacteraceae	g__Noviherbaspirillum	s__unknown	o__OTU840
k__Bacteria	p__Proteobacteria	c__Alphaproteobacteria	o__Caulobacterales	f__Hyphomonadaceae	g__SWB02	s__unknown	o__OTU841
k__Bacteria	p__Actinobacteriota	c__Acidimicrobiia	o__Microtrichales	f__Ilumatobacteraceae	g__CL500-29 marine group	s__Iamia sp.	o__OTU842
k__Bacteria	p__Planctomycetota	c__Planctomycetes	o__Isosphaerales	f__Isosphaeraceae	g__unknown	s__unknown	o__OTU843
k__Bacteria	p__Spirochaetota	c__Leptospirae	o__Leptospirales	f__Leptospiraceae	g__Leptospira	s__Leptospira idonii	o__OTU846
k__Bacteria	p__Actinobacteriota	c__Actinobacteria	o__Corynebacteriales	f__Mycobacteriaceae	g__Mycobacterium	s__unknown	o__OTU847
k__Bacteria	p__Proteobacteria	c__Gammaproteobacteria	o__Xanthomonadales	f__Xanthomonadaceae	g__Arenimonas	s__unknown	o__OTU85
k__Bacteria	p__Bacteroidota	c__Bacteroidia	o__Sphingobacteriales	f__AKYH767	g__unknown	s__unknown	o__OTU850
k__Bacteria	p__Bacteroidota	c__Bacteroidia	o__Chitinophagales	f__Chitinophagaceae	g__Terrimonas	s__Terrimonas lutea	o__OTU851
k__Bacteria	p__Proteobacteria	c__Gammaproteobacteria	o__unknown	f__symbiont of Cochliopodium minus	g__unknown	s__unknown	o__OTU854
k__Bacteria	p__Proteobacteria	c__Gammaproteobacteria	o__Xanthomonadales	f__Xanthomonadaceae	g__Stenotrophomonas	s__unknown	o__OTU8559
k__Bacteria	p__Planctomycetota	c__Planctomycetes	o__Gemmatales	f__Gemmataceae	g__Zavarzinella	s__unknown	o__OTU857
k__Bacteria	p__Verrucomicrobiota	c__Verrucomicrobiae	o__Verrucomicrobiales	f__Verrucomicrobiaceae	g__unknown	s__unknown	o__OTU858
k__Bacteria	p__Actinobacteriota	c__Acidimicrobiia	o__Microtrichales	f__Iamiaceae	g__Iamia	s__unknown	o__OTU859
k__Bacteria	p__Bacteroidota	c__Bacteroidia	o__Cytophagales	f__Microscillaceae	g__unknown	s__unknown	o__OTU862
k__Bacteria	p__Bacteroidota	c__Bacteroidia	o__Sphingobacteriales	f__env.OPS 17	g__unknown	s__unknown	o__OTU863
k__Bacteria	p__Proteobacteria	c__Gammaproteobacteria	o__Burkholderiales	f__Rhodocyclaceae	g__Sulfuritalea	s__unknown	o__OTU864
k__Bacteria	p__Proteobacteria	c__Alphaproteobacteria	o__Sphingomonadales	f__Sphingomonadaceae	g__Novosphingobium	s__drinking water	o__OTU865
k__Bacteria	p__unknown	c__unknown	o__unknown	f__unknown	g__unknown	s__unknown	o__OTU866
k__Bacteria	p__Gemmatimonadota	c__Gemmatimonadetes	o__Gemmatimonadales	f__Gemmatimonadaceae	g__unknown	s__unknown	o__OTU87
k__Bacteria	p__Proteobacteria	c__Alphaproteobacteria	o__Rhizobiales	f__Xanthobacteraceae	g__Bradyrhizobium	s__	o__OTU870
k__Bacteria	p__Proteobacteria	c__Alphaproteobacteria	o__Rickettsiales	f__unknown	g__unknown	s__unknown	o__OTU872
k__Bacteria	p__Firmicutes	c__Bacilli	o__Staphylococcales	f__Staphylococcaceae	g__Staphylococcus	s__unknown	o__OTU874
k__Bacteria	p__Proteobacteria	c__Alphaproteobacteria	o__Reyranellales	f__Reyranellaceae	g__unknown	s__unknown	o__OTU876
k__Bacteria	p__Bacteroidota	c__Bacteroidia	o__Cytophagales	f__unknown	g__unknown	s__unknown	o__OTU878
k__Bacteria	p__Bacteroidota	c__Bacteroidia	o__Bacteroidales	f__Barnesiellaceae	g__unknown	s__unknown	o__OTU879
k__Bacteria	p__Proteobacteria	c__Alphaproteobacteria	o__Sphingomonadales	f__Sphingomonadaceae	g__Sphingorhabdus	s__Sphingorhabdus wooponensis	o__OTU88
k__Bacteria	p__Actinobacteriota	c__Actinobacteria	o__Propionibacteriales	f__Nocardioidaceae	g__Nocardioides	s__unknown	o__OTU884
k__Bacteria	p__Proteobacteria	c__Gammaproteobacteria	o__Burkholderiales	f__Comamonadaceae	g__Rhizobacter	s__unknown	o__OTU885
k__Bacteria	p__Proteobacteria	c__Gammaproteobacteria	o__Burkholderiales	f__Comamonadaceae	g__unknown	s__unknown	o__OTU886
k__Bacteria	p__Planctomycetota	c__Planctomycetes	o__Pirellulales	f__Pirellulaceae	g__unknown	s__unknown	o__OTU888
k__Bacteria	p__Firmicutes	c__Bacilli	o__Lactobacillales	f__Streptococcaceae	g__Streptococcus	s__Streptococcus pneumoniae	o__OTU89
k__Bacteria	p__Bacteroidota	c__Bacteroidia	o__Chitinophagales	f__Chitinophagaceae	g__Sediminibacterium	s__unknown	o__OTU890
k__Bacteria	p__Proteobacteria	c__Gammaproteobacteria	o__Enterobacterales	f__Yersiniaceae	g__Serratia	s__unknown	o__OTU891
k__Bacteria	p__Proteobacteria	c__Alphaproteobacteria	o__Sphingomonadales	f__Sphingomonadaceae	g__Sphingorhabdus	s__Sphingorhabdus wooponensis	o__OTU896
k__Bacteria	p__Bacteroidota	c__Bacteroidia	o__Sphingobacteriales	f__env.OPS 17	g__unknown	s__unknown	o__OTU899
k__Bacteria	p__Firmicutes	c__Bacilli	o__Lactobacillales	f__Streptococcaceae	g__Streptococcus	s__Streptococcus mutans	o__OTU90
k__Bacteria	p__Myxococcota	c__Myxococcia	o__Myxococcales	f__Myxococcaceae	g__Myxococcus	s__unknown	o__OTU900
k__Bacteria	p__Bacteroidota	c__Bacteroidia	o__Chitinophagales	f__Chitinophagaceae	g__Ferruginibacter	s__	o__OTU903
k__Bacteria	p__Bacteroidota	c__Bacteroidia	o__Chitinophagales	f__Chitinophagaceae	g__Sediminibacterium	s__unknown	o__OTU906
k__Bacteria	p__Planctomycetota	c__OM190	o__unknown	f__unknown	g__unknown	s__unknown	o__OTU907
k__Bacteria	p__Proteobacteria	c__Gammaproteobacteria	o__PLTA13	f__unknown	g__unknown	s__unknown	o__OTU909
k__Bacteria	p__Firmicutes	c__Bacilli	o__Lactobacillales	f__Streptococcaceae	g__Streptococcus	s__Streptococcus pneumoniae	o__OTU9094
k__Bacteria	p__Firmicutes	c__Bacilli	o__Lactobacillales	f__Streptococcaceae	g__Streptococcus	s__Streptococcus agalactiae	o__OTU91
k__Bacteria	p__Actinobacteriota	c__Actinobacteria	o__Micrococcales	f__Microbacteriaceae	g__unknown	s__unknown	o__OTU912
k__Bacteria	p__Chloroflexi	c__TK10	o__	f__unknown	g__unknown	s__unknown	o__OTU9120
k__Bacteria	p__Bacteroidota	c__Bacteroidia	o__Chitinophagales	f__Chitinophagaceae	g__Sediminibacterium	s__Candidatus Jacksonbacteria	o__OTU916
k__Bacteria	p__Proteobacteria	c__Alphaproteobacteria	o__unknown	f__unknown	g__unknown	s__unknown	o__OTU918
k__Bacteria	p__Planctomycetota	c__vadinHA49	o__unknown	f__unknown	g__unknown	s__unknown	o__OTU919
k__Bacteria	p__Chloroflexi	c__KD4-96	o__unknown	f__unknown	g__unknown	s__unknown	o__OTU922
k__Bacteria	p__Proteobacteria	c__Gammaproteobacteria	o__Burkholderiales	f__Comamonadaceae	g__Limnohabitans	s__unknown	o__OTU924
k__Bacteria	p__Proteobacteria	c__Alphaproteobacteria	o__Rhodobacterales	f__Rhodobacteraceae	g__unknown	s__unknown	o__OTU925
k__Bacteria	p__Bacteroidota	c__Bacteroidia	o__Chitinophagales	f__Saprospiraceae	g__unknown	s__	o__OTU926
k__Bacteria	p__Chloroflexi	c__AD3	o__	f__unknown	g__unknown	s__unknown	o__OTU9262
k__Bacteria	p__Bacteroidota	c__Bacteroidia	o__Sphingobacteriales	f__NS11-12 marine group	g__unknown	s__unknown	o__OTU927
k__Bacteria	p__Actinobacteriota	c__Actinobacteria	o__Micrococcales	f__Microbacteriaceae	g__Microbacterium	s__unknown	o__OTU929
k__Bacteria	p__Proteobacteria	c__Alphaproteobacteria	o__Dongiales	f__Dongiaceae	g__Dongia	s__unknown	o__OTU9297
k__Bacteria	p__Deinococcota	c__Deinococci	o__Deinococcales	f__Deinococcaceae	g__Deinococcus	s__Deinococcus aquatilis	o__OTU93
k__Bacteria	p__Proteobacteria	c__Alphaproteobacteria	o__Azospirillales	f__Azospirillaceae	g__Azospirillum	s__unknown	o__OTU933
k__Bacteria	p__Verrucomicrobiota	c__Lentisphaeria	o__unknown	f__unknown	g__unknown	s__unknown	o__OTU934
k__Bacteria	p__Planctomycetota	c__Planctomycetes	o__Planctomycetales	f__Rubinisphaeraceae	g__Rubinisphaera	s__unknown	o__OTU936
k__Bacteria	p__Firmicutes	c__Bacilli	o__Lactobacillales	f__Streptococcaceae	g__Lactococcus	s__Lactococcus garvieae	o__OTU937
k__Bacteria	p__Bacteroidota	c__Bacteroidia	o__Cytophagales	f__unknown	g__unknown	s__unknown	o__OTU938
k__Bacteria	p__Firmicutes	c__Bacilli	o__Bacillales	f__Bacillaceae	g__Bacillus	s__Bacillus cereus	o__OTU9386
k__Bacteria	p__Proteobacteria	c__Alphaproteobacteria	o__Rhizobiales	f__Xanthobacteraceae	g__Rhodopseudomonas	s__unknown	o__OTU939
k__Bacteria	p__Proteobacteria	c__Gammaproteobacteria	o__Burkholderiales	f__Nitrosomonadaceae	g__Ellin6067	s__unknown	o__OTU940
k__Bacteria	p__Actinobacteriota	c__MB-A2-108	o__unknown	f__unknown	g__unknown	s__unknown	o__OTU941
k__Bacteria	p__Cyanobacteria	c__Cyanobacteriia	o__Cyanobacteriales	f__Microcystaceae	g__Snowella 0TU37S04	s__Snowella sp.	o__OTU9411
k__Bacteria	p__Proteobacteria	c__Alphaproteobacteria	o__Sphingomonadales	f__Sphingomonadaceae	g__Sphingomonas	s__unknown	o__OTU944
k__Bacteria	p__Proteobacteria	c__Alphaproteobacteria	o__Sphingomonadales	f__Sphingomonadaceae	g__Novosphingobium	s__Novosphingobium stygium	o__OTU946
k__Bacteria	p__Bacteroidota	c__Bacteroidia	o__Cytophagales	f__Microscillaceae	g__unknown	s__	o__OTU948
k__Bacteria	p__Gemmatimonadota	c__Gemmatimonadetes	o__Gemmatimonadales	f__Gemmatimonadaceae	g__Gemmatimonas	s__unknown	o__OTU949
k__Bacteria	p__Bacteroidota	c__Bacteroidia	o__Chitinophagales	f__Chitinophagaceae	g__Sediminibacterium	s__unknown	o__OTU95
k__Bacteria	p__Myxococcota	c__Polyangia	o__FFCH16767	f__unknown	g__unknown	s__unknown	o__OTU950
k__Bacteria	p__Bacteroidota	c__Bacteroidia	o__Cytophagales	f__Hymenobacteraceae	g__unknown	s__unknown	o__OTU952
k__Bacteria	p__Planctomycetota	c__vadinHA49	o__unknown	f__unknown	g__unknown	s__unknown	o__OTU953
k__Bacteria	p__Actinobacteriota	c__Actinobacteria	o__Frankiales	f__Sporichthyaceae	g__Longivirga	s__unknown	o__OTU958
k__Bacteria	p__Proteobacteria	c__Alphaproteobacteria	o__Sphingomonadales	f__Sphingomonadaceae	g__Sphingorhabdus	s__Sphingopyxis sp.	o__OTU96
k__Bacteria	p__Proteobacteria	c__Alphaproteobacteria	o__Rhodobacterales	f__Rhodobacteraceae	g__unknown	s__unknown	o__OTU960
k__Bacteria	p__Proteobacteria	c__Alphaproteobacteria	o__Rhizobiales	f__	g__unknown	s__unknown	o__OTU961
k__Bacteria	p__Proteobacteria	c__Alphaproteobacteria	o__Caulobacterales	f__Caulobacteraceae	g__Brevundimonas	s__unknown	o__OTU962
k__Bacteria	p__Verrucomicrobiota	c__Verrucomicrobiae	o__Pedosphaerales	f__Pedosphaeraceae	g__unknown	s__unknown	o__OTU965
k__Bacteria	p__Bacteroidota	c__Bacteroidia	o__Chitinophagales	f__Chitinophagaceae	g__Terrimonas	s__unknown	o__OTU966
k__Bacteria	p__Bacteroidota	c__Kapabacteria	o__Kapabacteriales	f__unknown	g__unknown	s__unknown	o__OTU967
k__Bacteria	p__Bacteroidota	c__Bacteroidia	o__Chitinophagales	f__Chitinophagaceae	g__Ferruginibacter	s__Ferruginibacter sp.	o__OTU972
k__Bacteria	p__Actinobacteriota	c__Actinobacteria	o__Frankiales	f__Geodermatophilaceae	g__Modestobacter	s__unknown	o__OTU9767
k__Bacteria	p__Bacteroidota	c__Bacteroidia	o__Flavobacteriales	f__Crocinitomicaceae	g__Fluviicola	s__unknown	o__OTU977
k__Bacteria	p__Bacteroidota	c__Bacteroidia	o__Chitinophagales	f__unknown	g__unknown	s__unknown	o__OTU978
k__Bacteria	p__Proteobacteria	c__Alphaproteobacteria	o__Rhodobacterales	f__Rhodobacteraceae	g__Rhodobacter	s__unknown	o__OTU980
k__Bacteria	p__Myxococcota	c__Polyangia	o__Polyangiales	f__Polyangiaceae	g__Sorangium	s__unknown	o__OTU981
k__Bacteria	p__Proteobacteria	c__Alphaproteobacteria	o__Rhodobacterales	f__Rhodobacteraceae	g__Cereibacter	s__Cereibacter changlensis	o__OTU983
k__Bacteria	p__Proteobacteria	c__Gammaproteobacteria	o__Burkholderiales	f__Comamonadaceae	g__unknown	s__unknown	o__OTU984
k__Bacteria	p__Proteobacteria	c__Alphaproteobacteria	o__Rickettsiales	f__unknown	g__unknown	s__unknown	o__OTU987
k__Bacteria	p__Actinobacteriota	c__Actinobacteria	o__Frankiales	f__Sporichthyaceae	g__Longivirga	s__Longivirga aurantiaca	o__OTU988
k__Bacteria	p__Planctomycetota	c__Planctomycetes	o__Planctomycetales	f__Rubinisphaeraceae	g__unknown	s__unknown	o__OTU99
k__Archaea	p__Crenarchaeota	c__Nitrososphaeria	o__Group 1.1c	f__	g__unknown	s__unknown	o__OTU9929
k__Bacteria	p__Proteobacteria	c__Gammaproteobacteria	o__Burkholderiales	f__SC-I-84	g__unknown	s__unknown	o__OTU993
k__Bacteria	p__Proteobacteria	c__Alphaproteobacteria	o__Rickettsiales	f__Rickettsiaceae	g__Rickettsia	s__unknown	o__OTU995
k__Bacteria	p__Proteobacteria	c__Alphaproteobacteria	o__Rhizobiales	f__Xanthobacteraceae	g__unknown	s__unknown	o__OTU9953
k__Bacteria	p__Proteobacteria	c__Alphaproteobacteria	o__Elsterales	f__Elsteraceae	g__unknown	s__unknown	o__OTU996
k__Bacteria	p__Proteobacteria	c__Alphaproteobacteria	o__Sphingomonadales	f__Sphingomonadaceae	g__Novosphingobium	s__Novosphingobium stygium	o__OTU997
k__Bacteria	p__Chloroflexi	c__Ktedonobacteria	o__Ktedonobacterales	f__Ktedonobacteraceae	g__HSB OF53-F07	s__	o__OTU9990
k__Bacteria	p__Firmicutes	c__Bacilli	o__Bacillales	f__Planococcaceae	g__unknown	s__unknown	o__OTU9996
