sample	genome	completeness	contamination	d	p	c	o	f	g	s	closest_genome_reference	closest_genome_reference_radius	closest_genome_taxonomy	closest_genome_ani	closest_genome_af	closest_placement_reference	closest_placement_radius	closest_placement_taxonomy	closest_placement_ani	closest_placement_af	pplacer_taxonomy	classification_method	note	other_related_references(genome_id,species_name,radius,ANI,AF)	msa_percent	translation_table	red_value	warnings	completeness_model_used	translation_table_used	coding_density	contig_n50	average_gene_length	genome_size	gc_content	total_coding_sequences	total_contigs	max_contig_length	additional_notes
WM17	WM17_S12_001	100	0.51	d__Bacteria	p__Bacteroidota	c__Bacteroidia	o__2-12-FULL-35-15	f__2-12-FULL-35-15	g__2-12-FULL-35-15	s__	NA	NA	NA	NA	NA	NA	NA	NA	NA	NA	d__Bacteria;p__Bacteroidota;c__Bacteroidia;o__2-12-FULL-35-15;f__2-12-FULL-35-15;g__2-12-FULL-35-15;s__	taxonomic classification fully defined by topology	classification based on placement in class-level tree	NA	97.04	11	0.96569	NA	Gradient Boost (General Model)	11	0.916	246511	377.7172140694153	5303688	0.39	4293	48	578799	None
WM17	WM17_S12_002	99.79	0.66	d__Bacteria	p__Bacteroidota	c__Bacteroidia	o__Chitinophagales	f__Chitinophagaceae	g__Ferruginibacter	s__	NA	NA	NA	NA	NA	NA	NA	NA	NA	NA	d__Bacteria;p__Bacteroidota;c__Bacteroidia;o__Chitinophagales;f__Chitinophagaceae;g__Ferruginibacter;s__	taxonomic classification fully defined by topology	classification based on placement in class-level tree	NA	97.76	11	0.9763	NA	Gradient Boost (General Model)	11	0.892	342161	358.686797752809	6004772	0.4	4984	62	637787	None
WM17	WM17_S12_003	99.91	0.16	d__Bacteria	p__Bacteroidota	c__Bacteroidia	o__NS11-12g	f__UKL13-3	g__UKL13-3	s__	NA	NA	NA	NA	NA	NA	NA	NA	NA	NA	d__Bacteria;p__Bacteroidota;c__Bacteroidia;o__NS11-12g;f__UKL13-3;g__UKL13-3;s__	taxonomic classification fully defined by topology	classification based on placement in class-level tree	NA	96.54	11	0.97036	NA	Neural Network (Specific Model)	11	0.916	221220	361.6886622675465	3944150	0.42	3334	30	510618	None
WM17	WM17_S12_004	100	3.73	d__Bacteria	p__Bacteroidota	c__Bacteroidia	o__Chitinophagales	f__Chitinophagaceae	g__Sediminibacterium	s__	NA	NA	NA	NA	NA	NA	NA	NA	NA	NA	d__Bacteria;p__Bacteroidota;c__Bacteroidia;o__Chitinophagales;f__Chitinophagaceae;g__Sediminibacterium;s__	taxonomic classification fully defined by topology	classification based on placement in class-level tree	NA	97.02	11	0.98425	NA	Gradient Boost (General Model)	11	0.896	162978	340.5200729927007	5613630	0.45	4932	54	508838	None
WM17	WM17_S12_005	100	1.77	d__Bacteria	p__Bacteroidota	c__Bacteroidia	o__B-17B0	f__B-17BO	g__UBA4416	s__	NA	NA	NA	NA	NA	NA	NA	NA	NA	NA	d__Bacteria;p__Bacteroidota;c__Bacteroidia;o__B-17B0;f__B-17BO;g__UBA4416;s__	taxonomic classification fully defined by topology	classification based on placement in class-level tree	NA	97.2	11	0.97421	NA	Neural Network (Specific Model)	11	0.927	70717	359.6778036778037	4490419	0.34	3861	95	251132	None
WM17	WM17_S12_006	100	2.2	d__Bacteria	p__Bacteroidota	c__Bacteroidia	o__Chitinophagales	f__LD1	g__Bog-950	s__	NA	NA	NA	NA	NA	NA	NA	NA	NA	NA	d__Bacteria;p__Bacteroidota;c__Bacteroidia;o__Chitinophagales;f__LD1;g__Bog-950;s__	taxonomic classification fully defined by topology	classification based on placement in class-level tree	NA	97.86	11	0.94139	NA	Gradient Boost (General Model)	11	0.913	80914	345.4498529018454	4237685	0.4	3739	113	189666	None
WM17	WM17_S12_007	99.79	0.07	d__Bacteria	p__Bacteroidota	c__Kapaibacteriia	o__Kapaibacteriales	f__UBA2268	g__JAPLFM01	s__	NA	NA	NA	NA	NA	NA	NA	NA	NA	NA	d__Bacteria;p__Bacteroidota;c__Kapaibacteriia;o__Kapaibacteriales;f__UBA2268;g__JAPLFM01;s__	taxonomic novelty determined using RED	classification based on placement in class-level tree	NA	97.2	11	0.85952	NA	Gradient Boost (General Model)	11	0.91	99247	360.15355285961874	3421284	0.34	2885	57	513355	None
WM17	WM17_S12_008	96.69	0.1	d__Bacteria	p__Pseudomonadota	c__Alphaproteobacteria	o__Rhizobiales	f__Aestuariivirgaceae	g__Aestuariivirga	s__	NA	NA	NA	NA	NA	NA	NA	NA	NA	NA	d__Bacteria;p__Pseudomonadota;c__Alphaproteobacteria;o__Rhizobiales;f__Aestuariivirgaceae;g__Aestuariivirga;s__	taxonomic classification fully defined by topology	classification based on placement in class-level tree	NA	92.35	11	0.99222	NA	Gradient Boost (General Model)	11	0.926	28740	298.47981917985146	2987432	0.51	3097	178	124185	None
WM17	WM17_S12_009	89.67	1.64	d__Bacteria	p__Pseudomonadota	c__Gammaproteobacteria	o__Pseudomonadales	f__Pseudomonadaceae	g__Pseudomonas_E	s__Pseudomonas_E parakoreensis	GCF_021602155.1	95	d__Bacteria;p__Pseudomonadota;c__Gammaproteobacteria;o__Pseudomonadales;f__Pseudomonadaceae;g__Pseudomonas_E;s__Pseudomonas_E parakoreensis	96.29	0.809	GCF_021602155.1	95	d__Bacteria;p__Pseudomonadota;c__Gammaproteobacteria;o__Pseudomonadales;f__Pseudomonadaceae;g__Pseudomonas_E;s__Pseudomonas_E parakoreensis	96.29	0.809	d__Bacteria;p__Pseudomonadota;c__Gammaproteobacteria;o__Pseudomonadales;f__Pseudomonadaceae;g__Pseudomonas_E;s__	taxonomic classification defined by topology and ANI	topological placement and ANI have congruent species assignments	GCF_004683905.1, s__Pseudomonas_E putida_A, 95.0, 93.65, 0.735; GCF_000282275.2, s__Pseudomonas_E sp000282275, 95.0, 93.07, 0.714; GCF_011605305.1, s__Pseudomonas_E koreensis_G, 95.0, 93.05, 0.715; GCF_000631985.1, s__Pseudomonas_E sp000631985, 95.0, 92.96, 0.707; GCF_000292795.1, s__Pseudomonas_E fluorescens_H, 95.0, 92.4, 0.667; GCF_003061005.1, s__Pseudomonas_E sp003061005, 95.0, 91.81, 0.625; GCF_012986595.1, s__Pseudomonas_E koreensis, 95.0, 91.66, 0.643; GCF_002878485.1, s__Pseudomonas_E sp002878485, 95.0, 91.25, 0.625; GCF_028830055.1, s__Pseudomonas_E serboccidentalis, 95.0, 91.25, 0.624; GCF_000633255.1, s__Pseudomonas_E sp000633255, 95.0, 90.9, 0.602; GCF_003732425.1, s__Pseudomonas_E fluorescens_BE, 95.0, 89.64, 0.467; GCF_030209175.1, s__Pseudomonas_E sp030209175, 95.0, 89.59, 0.444; GCF_016651305.1, s__Pseudomonas_E sp016651305, 95.0, 89.57, 0.484; GCF_018326005.1, s__Pseudomonas_E sp002901475, 95.0, 89.55, 0.469; GCF_018336155.1, s__Pseudomonas_E rustica, 95.0, 89.52, 0.414; GCF_014268445.2, s__Pseudomonas_E tensinigenes, 95.0, 89.49, 0.452; GCF_900182985.1, s__Pseudomonas_E helmanticensis, 95.0, 89.48, 0.454; GCF_015461835.1, s__Pseudomonas_E neuropathica, 95.0, 89.48, 0.452; GCF_014268495.2, s__Pseudomonas_E monsensis, 95.0, 89.47, 0.492; GCF_023634765.1, s__Pseudomonas_E sp023634765, 95.0, 89.41, 0.439; GCF_002813455.1, s__Pseudomonas_E baetica, 95.0, 89.38, 0.444; GCF_004011755.1, s__Pseudomonas_E sp004011755, 95.0, 89.37, 0.445; GCF_000282515.1, s__Pseudomonas_E sp000282515, 95.0, 89.34, 0.441; GCF_003352185.1, s__Pseudomonas_E kribbensis, 95.0, 89.34, 0.414; GCF_011369485.1, s__Pseudomonas_E atagonensis, 95.0, 89.33, 0.452; GCF_017498465.1, s__Pseudomonas_E fluorescens_CA, 95.0, 89.3, 0.417; GCF_021602345.1, s__Pseudomonas_E pharyngis, 95.0, 89.3, 0.41; GCF_022662375.1, s__Pseudomonas_E sp022662375, 95.0, 89.29, 0.449; GCF_013433315.1, s__Pseudomonas_E crudilactis, 95.0, 89.29, 0.444; GCF_029543085.1, s__Pseudomonas_E sp029543085, 95.0, 89.28, 0.455; GCF_001648775.1, s__Pseudomonas_E fluorescens_M, 95.0, 89.28, 0.451; GCF_018138145.1, s__Pseudomonas_E koreensis_A, 95.0, 89.28, 0.444; GCA_900582195.1, s__Pseudomonas_E sp900582195, 95.0, 89.27, 0.437; GCF_000802985.1, s__Pseudomonas_E fluorescens_BZ, 95.0, 89.26, 0.457; GCF_028656995.1, s__Pseudomonas_E sp028656995, 95.0, 89.25, 0.452; GCF_001297015.1, s__Pseudomonas_E sp001297015, 95.0, 89.25, 0.449; GCF_014863585.1, s__Pseudomonas_E gozinkensis, 95.0, 89.25, 0.44; GCF_002113125.1, s__Pseudomonas_E sp002113125, 95.0, 89.25, 0.426; GCF_014863605.1, s__Pseudomonas_E allokribbensis, 95.0, 89.25, 0.399; GCF_023375815.1, s__Pseudomonas_E sp023375815, 95.0, 89.24, 0.405; GCA_900580865.1, s__Pseudomonas_E sp900580865, 95.0, 89.22, 0.444; GCF_025447595.1, s__Pseudomonas_E koreensis_H, 95.0, 89.21, 0.428; GCA_000783395.1, s__Pseudomonas_E chlororaphis_H, 95.0, 89.2, 0.449; GCF_900187605.1, s__Pseudomonas_E sp900187605, 95.0, 89.17, 0.448; GCF_009834515.1, s__Pseudomonas_E sp009834515, 95.0, 89.17, 0.443; GCF_020544405.1, s__Pseudomonas_E sp002113045, 95.0, 89.17, 0.395; GCF_005938625.1, s__Pseudomonas_E fluorescens_BD, 95.0, 89.15, 0.442; GCF_902497745.1, s__Pseudomonas_E fluorescens_BM, 95.0, 89.14, 0.449; GCF_021601625.1, s__Pseudomonas_E paraglycinae, 95.0, 89.11, 0.409; GCF_016650635.1, s__Pseudomonas_E sp016650635, 95.0, 89.09, 0.432; GCF_030344995.1, s__Pseudomonas_E fluorescens_BF, 95.0, 89.08, 0.418; GCF_021018765.1, s__Pseudomonas_E fitomaticsae, 95.0, 89.08, 0.415; GCF_030687715.1, s__Pseudomonas_E sp030687715, 95.0, 89.06, 0.441; GCF_021603585.1, s__Pseudomonas_E sputi, 95.0, 89.02, 0.382; GCF_001594225.2, s__Pseudomonas_E glycinae, 95.0, 88.96, 0.41; GCF_009764645.1, s__Pseudomonas_E sp009764645, 95.0, 88.95, 0.419; GCF_017976235.1, s__Pseudomonas_E anatoliensis, 95.0, 88.94, 0.414; GCF_025397885.1, s__Pseudomonas_E iridis, 95.0, 88.91, 0.418; GCF_014472415.1, s__Pseudomonas_E sp014472415, 95.0, 88.89, 0.427; GCF_012974785.1, s__Pseudomonas_E fluorescens_BT, 95.0, 88.87, 0.42; GCA_902825215.1, s__Pseudomonas_E fluorescens_G, 95.0, 88.86, 0.384; GCF_019733355.1, s__Pseudomonas_E baetica_A, 95.0, 88.78, 0.399; GCF_002112385.1, s__Pseudomonas_E sp002112385, 95.0, 88.78, 0.394; GCF_019145475.1, s__Pseudomonas_E botevensis, 95.0, 88.7, 0.396; GCA_030544685.1, s__Pseudomonas_E fluorescens_AO, 95.0, 88.68, 0.378; GCF_019145195.1, s__Pseudomonas_E siliginis, 95.52, 88.65, 0.372; GCF_025706525.1, s__Pseudomonas_E mercuritolerans, 95.24, 88.64, 0.371; GCF_014268585.2, s__Pseudomonas_E iranensis, 95.0, 88.6, 0.377; GCF_004801935.1, s__Pseudomonas_E atacamensis, 96.51, 88.59, 0.38; GCF_900105485.1, s__Pseudomonas_E granadensis, 95.0, 88.58, 0.374; GCF_019145375.1, s__Pseudomonas_E triticicola, 96.22, 88.54, 0.366; GCF_014268595.2, s__Pseudomonas_E hamedanensis, 95.0, 88.46, 0.37; GCF_016651255.1, s__Pseudomonas_E sp016651255, 95.0, 88.43, 0.25; GCF_002836515.1, s__Pseudomonas_E sp002836515, 95.0, 88.39, 0.344; GCF_024169245.1, s__Pseudomonas_E koreensis_F, 95.0, 88.35, 0.369; GCF_001679645.1, s__Pseudomonas_E bananamidigenes, 95.0, 88.3, 0.375; GCF_900105805.1, s__Pseudomonas_E moraviensis_A, 95.0, 88.3, 0.36; GCF_014268505.2, s__Pseudomonas_E khorasanensis, 95.0, 88.26, 0.351; GCF_900636825.1, s__Pseudomonas_E fluorescens_BG, 95.0, 88.24, 0.35; GCA_030856525.1, s__Pseudomonas_E sp030856525, 95.0, 87.88, 0.157; GCA_021605415.1, s__Pseudomonas_E syringae_S, 95.0, 87.82, 0.301; GCF_019145435.1, s__Pseudomonas_E ekonensis, 95.0, 87.81, 0.338; GCF_000282195.1, s__Pseudomonas_E sp000282195, 95.0, 87.71, 0.237; GCF_001427125.1, s__Pseudomonas_E sp001427125, 95.0, 87.63, 0.217; GCF_001655615.1, s__Pseudomonas_E sp001655615, 95.0, 87.54, 0.247; GCF_028682635.1, s__Pseudomonas_E putida_AE, 95.0, 87.53, 0.229; GCF_002934665.1, s__Pseudomonas_E laurylsulfatiphila, 95.0, 87.5, 0.245; GCF_900187565.1, s__Pseudomonas_E sp900187565, 95.0, 87.5, 0.241; GCF_003151075.1, s__Pseudomonas_E sp003151075, 95.0, 87.49, 0.269; GCF_024970185.1, s__Pseudomonas_E sp024970185, 95.0, 87.48, 0.269; GCF_002236115.1, s__Pseudomonas_E jessenii, 95.0, 87.48, 0.253; GCF_902498135.1, s__Pseudomonas_E fluorescens_BH, 95.0, 87.44, 0.251; GCF_009764265.1, s__Pseudomonas_E sp009764265, 95.0, 87.43, 0.266; GCF_019956575.1, s__Pseudomonas_E sp019956575, 95.0, 87.42, 0.255; GCF_000802965.1, s__Pseudomonas_E fluorescens_A, 95.0, 87.42, 0.243; GCF_012935755.1, s__Pseudomonas_E sp012935755, 95.0, 87.39, 0.289; GCF_002906155.1, s__Pseudomonas_E laurylsulfativorans, 95.0, 87.39, 0.242; GCF_001429045.1, s__Pseudomonas_E sp001429045, 95.0, 87.39, 0.241; GCF_024296925.1, s__Pseudomonas_E nunensis, 95.0, 87.38, 0.292; GCF_002236105.1, s__Pseudomonas_E umsongensis, 95.0, 87.37, 0.213; GCF_000282495.1, s__Pseudomonas_E sp000282495, 95.0, 87.36, 0.244; GCF_000282335.1, s__Pseudomonas_E sp000282335, 95.0, 87.35, 0.238; GCF_019145495.1, s__Pseudomonas_E azerbaijanoccidentalis, 95.0, 87.35, 0.237; GCF_003732665.1, s__Pseudomonas_E frederiksbergensis_G, 95.0, 87.33, 0.285; GCF_001297125.1, s__Pseudomonas_E sp001297125, 95.0, 87.33, 0.244; GCF_030687145.1, s__Pseudomonas_E frederiksbergensis_D, 95.0, 87.32, 0.26; GCF_003732705.1, s__Pseudomonas_E frederiksbergensis_F, 95.0, 87.31, 0.279; GCF_024809425.1, s__Pseudomonas_E sp024809425, 95.0, 87.31, 0.244; GCF_003258965.1, s__Pseudomonas_E fluorescens_CC, 95.0, 87.3, 0.246; GCF_006438915.1, s__Pseudomonas_E arsenicoxydans_A, 95.0, 87.29, 0.258; GCF_018502625.1, s__Pseudomonas_E fluorescens_BW, 95.0, 87.29, 0.258; GCF_900187615.1, s__Pseudomonas_E sp900187615, 95.0, 87.29, 0.218; GCF_002091715.1, s__Pseudomonas_E migulae, 95.0, 87.28, 0.246; GCF_019956555.1, s__Pseudomonas_E sp019956555, 95.0, 87.28, 0.238; GCF_020423045.1, s__Pseudomonas_E sp000282415, 95.0, 87.27, 0.266; GCF_019955895.1, s__Pseudomonas_E sp019955895, 95.0, 87.27, 0.249; GCF_003050925.1, s__Pseudomonas_E sp003050925, 95.0, 87.27, 0.237; GCF_001317545.1, s__Pseudomonas_E fluorescens_CD, 95.0, 87.27, 0.237; GCF_001945365.1, s__Pseudomonas_E reinekei, 95.0, 87.27, 0.234; GCF_028471945.1, s__Pseudomonas_E sp000282475, 95.0, 87.27, 0.231; GCF_002277815.1, s__Pseudomonas_E sp002277815, 95.0, 87.27, 0.209; GCF_902498195.1, s__Pseudomonas_E fluorescens_BU, 95.0, 87.26, 0.244; GCF_024168645.1, s__Pseudomonas_E sp024168645, 95.0, 87.26, 0.239; GCF_001421885.1, s__Pseudomonas_E sp001421885, 95.0, 87.25, 0.206; GCF_018449725.1, s__Pseudomonas_E sp018449725, 95.0, 87.24, 0.302; GCF_000967965.1, s__Pseudomonas_E fluorescens_O, 95.0, 87.24, 0.25; GCF_025466085.1, s__Pseudomonas_E sp025466085, 95.0, 87.24, 0.24; GCF_009761815.1, s__Pseudomonas_E sp009761815, 95.0, 87.24, 0.233; GCF_008801475.1, s__Pseudomonas_E moorei, 95.0, 87.24, 0.223; GCF_015461845.1, s__Pseudomonas_E mucoides, 95.0, 87.23, 0.266; GCF_004348895.1, s__Pseudomonas_E vancouverensis, 95.0, 87.23, 0.238; GCF_028823535.1, s__Pseudomonas_E serbica, 95.0, 87.22, 0.223; GCF_000282375.1, s__Pseudomonas_E sp000282375, 95.0, 87.21, 0.252; GCF_024749285.1, s__Pseudomonas_E sp024749285, 95.0, 87.21, 0.252; GCF_003732275.1, s__Pseudomonas_E frederiksbergensis_H, 95.0, 87.21, 0.241; GCF_019145235.1, s__Pseudomonas_E farris, 95.0, 87.18, 0.243; GCF_013359595.1, s__Pseudomonas_E sp013359595, 95.0, 87.18, 0.241; GCF_003228315.1, s__Pseudomonas_E putida_S, 95.0, 87.18, 0.239; GCF_001042905.1, s__Pseudomonas_E lini, 95.0, 87.18, 0.239; GCF_000293885.2, s__Pseudomonas_E fluorescens_B, 95.0, 87.17, 0.262; GCF_024169315.1, s__Pseudomonas_E migulae_B, 95.0, 87.16, 0.262; GCF_003732265.1, s__Pseudomonas_E brassicacearum_D, 95.0, 87.16, 0.259; GCF_013359695.1, s__Pseudomonas_E sp013359695, 95.0, 87.16, 0.235; GCF_016651105.1, s__Pseudomonas_E sp016651105, 95.0, 87.15, 0.301; GCF_002303925.1, s__Pseudomonas_E sp002303925, 95.0, 87.15, 0.247; GCF_004310295.1, s__Pseudomonas_E sp004310295, 95.0, 87.15, 0.238; GCF_000282355.1, s__Pseudomonas_E sp000282355, 95.0, 87.14, 0.231; GCF_002113375.1, s__Pseudomonas_E sp002113375, 95.0, 87.14, 0.229; GCF_030053115.1, s__Pseudomonas_E sp030053115, 95.0, 87.12, 0.229; GCF_000282455.1, s__Pseudomonas_E sp000282455, 95.0, 87.11, 0.236; GCA_023612115.1, s__Pseudomonas_E frederiksbergensis_K, 95.0, 87.11, 0.235; GCF_002113025.1, s__Pseudomonas_E sp002113025, 95.0, 87.11, 0.232; GCF_900105115.1, s__Pseudomonas_E mohnii, 95.0, 87.11, 0.22; GCF_900103875.1, s__Pseudomonas_E arsenicoxydans, 95.0, 87.1, 0.252; GCF_902497855.1, s__Pseudomonas_E fluorescens_BI, 95.0, 87.1, 0.216; GCF_004136015.1, s__Pseudomonas_E sp004136015, 95.0, 87.07, 0.246; GCF_029963765.1, s__Pseudomonas_E sp029963765, 95.0, 87.07, 0.231; GCF_026241895.1, s__Pseudomonas_E mandelii_F, 95.0, 87.07, 0.19; GCF_902498065.1, s__Pseudomonas_E fluorescens_BJ, 95.0, 87.06, 0.247; GCF_024138395.1, s__Pseudomonas_E mandelii_E, 95.0, 87.06, 0.234; GCF_024748615.1, s__Pseudomonas_E sp024748615, 95.0, 87.05, 0.217; GCF_000282315.2, s__Pseudomonas_E sp000282315, 95.0, 87.03, 0.244; GCF_902497785.1, s__Pseudomonas_E fluorescens_BO, 95.0, 87.03, 0.237; GCF_900106065.1, s__Pseudomonas_E mandelii, 95.0, 87.02, 0.275; GCF_006438925.1, s__Pseudomonas_E mandelii_C, 95.0, 87.02, 0.253; GCF_009861505.1, s__Pseudomonas_E izuensis, 95.0, 87.02, 0.233; GCF_001984065.1, s__Pseudomonas_E sp001984065, 95.0, 87.02, 0.233; GCF_024748695.1, s__Pseudomonas_E sp002000165, 95.0, 87.0, 0.235; GCF_902497995.1, s__Pseudomonas_E fluorescens_BK, 95.0, 86.99, 0.207; GCF_020164475.1, s__Pseudomonas_E sp020164475, 95.0, 86.97, 0.229; GCF_008370045.1, s__Pseudomonas_E sp008370045, 95.0, 86.96, 0.277; GCF_000968015.1, s__Pseudomonas_E fluorescens_W, 95.0, 86.96, 0.253; GCF_014851765.1, s__Pseudomonas_E sp014851765, 95.0, 86.96, 0.233; GCF_000512695.2, s__Pseudomonas_E sp000512695, 95.0, 86.96, 0.228; GCF_001269805.1, s__Pseudomonas_E sp001269805, 95.0, 86.96, 0.211; GCF_016650815.1, s__Pseudomonas_E sp016650815, 95.0, 86.91, 0.255; GCF_030687415.1, s__Pseudomonas_E sp030687415, 95.0, 86.9, 0.239; GCF_019212185.1, s__Pseudomonas_E sp002980155, 95.0, 86.9, 0.159; GCF_017114915.1, s__Pseudomonas_E frederiksbergensis_I, 95.0, 86.89, 0.236; GCF_001661075.1, s__Pseudomonas_E silesiensis, 95.0, 86.89, 0.211; GCF_900105155.1, s__Pseudomonas_E prosekii, 95.0, 86.88, 0.236; GCF_019200975.1, s__Pseudomonas_E sp019200975, 95.0, 86.86, 0.227; GCF_900187425.1, s__Pseudomonas_E sp900187425, 95.0, 86.83, 0.238; GCF_016650695.1, s__Pseudomonas_E sp016650695, 95.0, 86.83, 0.217; GCF_002286815.1, s__Pseudomonas_E sp002286815, 95.0, 86.78, 0.215; GCF_014236655.1, s__Pseudomonas_E kielensis, 95.0, 86.78, 0.169; GCF_029960815.1, s__Pseudomonas_E sp029960815, 95.0, 86.77, 0.209; GCF_900105495.1, s__Pseudomonas_E frederiksbergensis, 95.0, 86.76, 0.234; GCF_006094435.1, s__Pseudomonas_E sp002029345, 95.0, 86.76, 0.219; GCF_008801605.1, s__Pseudomonas_E brassicacearum, 95.0, 86.76, 0.171; GCF_010095445.2, s__Pseudomonas_E sp010095445, 95.0, 86.73, 0.187; GCF_900187445.1, s__Pseudomonas_E sp900187445, 95.0, 86.7, 0.222; GCF_019956415.1, s__Pseudomonas_E sp019956415, 95.0, 86.69, 0.218; GCF_017968885.1, s__Pseudomonas_E sp017968885, 95.0, 86.69, 0.159; GCF_008369325.1, s__Pseudomonas_E sp008369325, 95.0, 86.67, 0.227; GCF_000217955.3, s__Pseudomonas_E fluorescens_AQ, 95.0, 86.65, 0.173; GCF_003945765.1, s__Pseudomonas_E chlororaphis, 95.0, 86.62, 0.184; GCF_000282215.1, s__Pseudomonas_E sp000282215, 95.0, 86.61, 0.199; GCF_000690905.1, s__Pseudomonas_E sp000690905, 95.0, 86.59, 0.176; GCF_003732225.1, s__Pseudomonas_E brassicacearum_E, 95.0, 86.58, 0.187; GCF_902497625.1, s__Pseudomonas_E fluorescens_BQ, 95.0, 86.58, 0.167; GCF_001269885.1, s__Pseudomonas_E kilonensis, 95.0, 86.58, 0.159; GCF_030687875.1, s__Pseudomonas_E sp900581005, 95.0, 86.58, 0.157; GCF_025465945.1, s__Pseudomonas_E sp025465945, 95.0, 86.56, 0.176; GCF_013347965.1, s__Pseudomonas_E bijieensis, 95.0, 86.51, 0.167; GCF_017114825.1, s__Pseudomonas_E gregormendelii, 95.0, 86.48, 0.186; GCF_023072615.1, s__Pseudomonas_E sp023072615, 95.0, 86.47, 0.169; GCF_900107395.1, s__Pseudomonas_E sp900107395, 95.0, 86.45, 0.178; GCF_001307275.1, s__Pseudomonas_E fluorescens_AA, 95.0, 86.43, 0.171; GCF_004786035.1, s__Pseudomonas_E viciae, 95.0, 86.43, 0.161; GCF_018325905.1, s__Pseudomonas_E sp018325905, 95.0, 86.42, 0.154; GCF_014268745.2, s__Pseudomonas_E zanjanensis, 95.0, 86.42, 0.154; GCF_900109995.1, s__Pseudomonas_E sp900109995, 95.0, 86.41, 0.176; GCF_007713465.1, s__Pseudomonas_E sp007713465, 95.0, 86.41, 0.175; GCF_001307155.1, s__Pseudomonas_E fluorescens_E, 95.0, 86.4, 0.188; GCF_900187505.1, s__Pseudomonas_E sp900187505, 95.0, 86.4, 0.176; GCF_009834545.1, s__Pseudomonas_E sp900187635, 95.0, 86.4, 0.159; GCF_003850345.1, s__Pseudomonas_E piscium, 95.0, 86.37, 0.189; GCF_030687895.1, s__Pseudomonas_E sp030687895, 95.0, 86.37, 0.154; GCF_030812475.1, s__Pseudomonas_E lini_A, 95.0, 86.35, 0.199; GCF_003033885.1, s__Pseudomonas_E rhizophila, 95.0, 86.35, 0.154; GCF_001874645.1, s__Pseudomonas_E frederiksbergensis_B, 95.0, 86.34, 0.171; GCF_918698105.1, s__Pseudomonas_E brassicacearum_F, 95.0, 86.29, 0.163; GCF_000585995.1, s__Pseudomonas_E brassicacearum_A, 95.0, 86.28, 0.157; GCF_003732175.1, s__Pseudomonas_E brassicacearum_G, 95.0, 86.27, 0.183; GCF_013466605.1, s__Pseudomonas_E chlororaphis_I, 95.0, 86.26, 0.184; GCF_001269655.1, s__Pseudomonas_E thivervalensis, 95.0, 86.23, 0.159; GCF_013608025.1, s__Pseudomonas_E neoaurantiaca, 95.0, 86.22, 0.15; GCF_018614775.1, s__Pseudomonas_E fluorescens_BY, 95.0, 86.2, 0.16; GCF_030064125.1, s__Pseudomonas_E sp030064125, 95.0, 86.18, 0.156; GCF_001623525.1, s__Pseudomonas_E fluorescens_Q, 95.0, 86.17, 0.158; GCF_030580855.1, s__Pseudomonas_E sp030580855, 95.0, 86.16, 0.157; GCF_002018875.1, s__Pseudomonas_E sp002018875, 95.0, 86.14, 0.164; GCF_009601685.2, s__Pseudomonas_E kilonensis_B, 95.0, 86.12, 0.157; GCF_022952855.1, s__Pseudomonas_E sp022952855, 95.0, 86.11, 0.155; GCF_002251635.1, s__Pseudomonas_E mandelii_B, 95.0, 86.05, 0.2; GCF_000397205.1, s__Pseudomonas_E protegens, 95.0, 85.99, 0.15; GCF_001921865.1, s__Pseudomonas_E chlororaphis_D, 95.0, 85.97, 0.179; GCF_021341665.1, s__Pseudomonas_E sp021341665, 95.0, 85.97, 0.155; GCA_001023535.1, s__Pseudomonas_E chlororaphis_E, 95.0, 85.96, 0.15; GCF_000931465.1, s__Pseudomonas_E sp000931465, 95.0, 85.95, 0.176; GCF_013407925.2, s__Pseudomonas_E fluorescens_AP, 95.0, 85.75, 0.152; GCF_001547895.1, s__Pseudomonas_E sp001547895, 95.0, 85.52, 0.156	90.55	11	NA	NA	Neural Network (Specific Model)	11	0.88	9498	302.9267872523686	5983266	0.6	5805	765	110363	None
WM17	WM17_S12_010	94.93	4.2	d__Bacteria	p__Actinomycetota	c__Actinomycetes	o__Actinomycetales	f__Microbacteriaceae	g__Rhodoglobus	s__	NA	NA	NA	NA	NA	GCA_020160915.1	95	d__Bacteria;p__Actinomycetota;c__Actinomycetes;o__Actinomycetales;f__Microbacteriaceae;g__Rhodoglobus;s__Rhodoglobus sp020160915	92.94	0.708	d__Bacteria;p__Actinomycetota;c__Actinomycetes;o__Actinomycetales;f__Microbacteriaceae;g__Rhodoglobus;s__	taxonomic classification defined by topology and ANI	classification based on placement in class-level tree	NA	91.6	11	0.99649	Genome not assigned to closest species as it falls outside its pre-defined ANI radius	Gradient Boost (General Model)	11	0.933	22658	291.1342578931838	3164447	0.67	3389	204	76731	None
WM17	WM17_S12_011	96.6	2.65	d__Bacteria	p__Pseudomonadota	c__Alphaproteobacteria	o__Sphingomonadales	f__Sphingomonadaceae	g__Sphingomonas_O	s__	NA	NA	NA	NA	NA	NA	NA	NA	NA	NA	d__Bacteria;p__Pseudomonadota;c__Alphaproteobacteria;o__Sphingomonadales;f__Sphingomonadaceae;g__Sphingomonas_O;s__	taxonomic classification fully defined by topology	classification based on placement in class-level tree	NA	92.12	11	0.97884	NA	Neural Network (Specific Model)	11	0.924	46842	311.1228579726982	3469796	0.63	3443	112	220781	None
WM17	WM17_S12_012	100	0.16	d__Bacteria	p__Pseudomonadota	c__Alphaproteobacteria	o__Paracaedibacterales	f__UBA11393	g__JAGOTX01	s__	NA	NA	NA	NA	NA	NA	NA	NA	NA	NA	d__Bacteria;p__Pseudomonadota;c__Alphaproteobacteria;o__Paracaedibacterales;f__UBA11393;g__JAGOTX01;s__	taxonomic novelty determined using RED	classification based on placement in class-level tree	NA	92.25	11	0.90435	NA	Gradient Boost (General Model)	11	0.873	22244	313.7870182555781	1591424	0.34	1479	116	84109	None
WM17	WM17_S12_013	100	4.13	d__Bacteria	p__Bacteroidota	c__Bacteroidia	o__Chitinophagales	f__Chitinophagaceae	g__CAIVPM01	s__	NA	NA	NA	NA	NA	NA	NA	NA	NA	NA	d__Bacteria;p__Bacteroidota;c__Bacteroidia;o__Chitinophagales;f__Chitinophagaceae;g__CAIVPM01;s__	taxonomic classification fully defined by topology	classification based on placement in class-level tree	NA	90.07	11	0.98482	NA	Gradient Boost (General Model)	11	0.91	18934	362.89568599717114	3379469	0.33	2828	247	90344	None
WM17	WM17_S12_014	99.36	3.09	d__Bacteria	p__Bacteroidota	c__Bacteroidia	o__Chitinophagales	f__Chitinophagaceae	g__Sediminibacterium	s__Sediminibacterium sp017996795	GCA_017996795.1	95	d__Bacteria;p__Bacteroidota;c__Bacteroidia;o__Chitinophagales;f__Chitinophagaceae;g__Sediminibacterium;s__Sediminibacterium sp017996795	95.82	0.836	GCA_017996795.1	95	d__Bacteria;p__Bacteroidota;c__Bacteroidia;o__Chitinophagales;f__Chitinophagaceae;g__Sediminibacterium;s__Sediminibacterium sp017996795	95.82	0.836	d__Bacteria;p__Bacteroidota;c__Bacteroidia;o__Chitinophagales;f__Chitinophagaceae;g__Sediminibacterium;s__	taxonomic classification defined by topology and ANI	topological placement and ANI have congruent species assignments	GCA_002281875.1, s__Sediminibacterium sp002281875, 95.0, 90.02, 0.637; GCA_001829005.1, s__Sediminibacterium sp001829005, 95.0, 89.9, 0.621; GCF_030695065.1, s__Sediminibacterium sp030695065, 95.0, 87.61, 0.489; GCA_002281575.1, s__Sediminibacterium sp002281575, 95.0, 87.06, 0.467; GCA_002786355.1, s__Sediminibacterium sp002786355, 95.0, 84.74, 0.297	87.92	11	NA	NA	Gradient Boost (General Model)	11	0.943	60125	341.6869173899068	3377437	0.36	3111	140	190020	None
WM17	WM17_S12_015	91.87	2.01	d__Bacteria	p__Bacteroidota	c__Bacteroidia	o__Chitinophagales	f__Chitinophagaceae	g__Sediminibacterium	s__	NA	NA	NA	NA	NA	NA	NA	NA	NA	NA	d__Bacteria;p__Bacteroidota;c__Bacteroidia;o__Chitinophagales;f__Chitinophagaceae;g__Sediminibacterium;s__	taxonomic classification fully defined by topology	classification based on placement in class-level tree	NA	89.61	11	0.96224	NA	Neural Network (Specific Model)	11	0.894	51750	334.5693112467306	3860532	0.45	3441	142	131578	None
WM17	WM17_S12_016	96.18	1.45	d__Bacteria	p__Bacteroidota	c__Kapaibacteriia	o__Kapaibacteriales	f__Kapaibacteriaceae	g__Kapaibacterium	s__	NA	NA	NA	NA	NA	GCA_018266735.1	95	d__Bacteria;p__Bacteroidota;c__Kapaibacteriia;o__Kapaibacteriales;f__Kapaibacteriaceae;g__Kapaibacterium;s__Kapaibacterium sp018266735	89.48	0.594	d__Bacteria;p__Bacteroidota;c__Kapaibacteriia;o__Kapaibacteriales;f__Kapaibacteriaceae;g__Kapaibacterium;s__	taxonomic classification defined by topology and ANI	classification based on placement in class-level tree	NA	90.9	11	0.99516	Genome not assigned to closest species as it falls outside its pre-defined ANI radius	Gradient Boost (General Model)	11	0.948	16326	349.4244372990354	3429030	0.55	3110	281	74353	None
WM17	WM17_S12_017	97.93	8.22	d__Bacteria	p__Pseudomonadota	c__Gammaproteobacteria	o__Burkholderiales	f__Burkholderiaceae	g__LMDS01	s__	NA	NA	NA	NA	NA	GCA_025359585.1	95	d__Bacteria;p__Pseudomonadota;c__Gammaproteobacteria;o__Burkholderiales;f__Burkholderiaceae;g__LMDS01;s__LMDS01 sp025359585	88.69	0.329	d__Bacteria;p__Pseudomonadota;c__Gammaproteobacteria;o__Burkholderiales;f__Burkholderiaceae;g__LMDS01;s__	taxonomic classification defined by topology and ANI	classification based on placement in class-level tree	NA	87.65	11	0.98694	NA	Gradient Boost (General Model)	11	0.919	24333	309.87993138936537	5889468	0.67	5830	360	127019	None
WM17	WM17_S12_018	99.88	2.49	d__Bacteria	p__Spirochaetota	c__Leptospirae	o__Leptospirales	f__Leptospiraceae	g__Leptospira_A	s__	NA	NA	NA	NA	NA	NA	NA	NA	NA	NA	d__Bacteria;p__Spirochaetota;c__Leptospirae;o__Leptospirales;f__Leptospiraceae;g__Leptospira_A;s__	taxonomic classification defined by topology and ANI	classification based on placement in class-level tree	GCF_016918735.1, s__Leptospira_A abararensis, 95.0, 90.65, 0.654; GCF_000332455.1, s__Leptospira_A vanthielii, 95.0, 90.63, 0.648; GCF_000332515.2, s__Leptospira_A wolbachii, 95.0, 88.55, 0.568; GCF_000332495.1, s__Leptospira_A terpstrae, 95.0, 87.45, 0.523; GCF_016919165.1, s__Leptospira_A chreensis, 95.0, 86.84, 0.448; GCF_004769575.1, s__Leptospira_A perdikensis, 95.0, 85.59, 0.389; GCF_004770765.1, s__Leptospira_A noumeaensis, 95.0, 84.99, 0.294; GCF_004770265.1, s__Leptospira_A congkakensis, 95.0, 84.95, 0.339; GCF_004770145.1, s__Leptospira_A bourretii, 95.0, 84.86, 0.31; GCF_004769235.1, s__Leptospira_A kanakyensis, 95.0, 84.81, 0.313; GCF_004770905.1, s__Leptospira_A bandrabouensis, 95.0, 84.73, 0.309; GCF_004770045.1, s__Leptospira_A montravelensis, 95.0, 84.56, 0.284; GCF_004770475.1, s__Leptospira_A mtsangambouensis, 95.0, 84.42, 0.307; GCF_002811945.1, s__Leptospira_A harrisiae, 95.0, 84.35, 0.296; GCF_004368965.1, s__Leptospira_A meyeri, 95.0, 84.23, 0.294; GCF_002812125.1, s__Leptospira_A brenneri, 95.0, 84.23, 0.294; GCF_026151655.1, s__Leptospira_A sp026151655, 95.0, 84.17, 0.27	89.04	11	0.99587	Genome not assigned to closest species as it falls outside its pre-defined ANI radius	Neural Network (Specific Model)	11	0.936	44441	322.85977954370674	4026112	0.39	3901	158	132291	None
WM17	WM17_S12_019	95.57	11.37	d__Bacteria	p__Pseudomonadota	c__Alphaproteobacteria	o__Rhizobiales	f__Xanthobacteraceae	g__Afipia	s__	NA	NA	NA	NA	NA	NA	NA	NA	NA	NA	d__Bacteria;p__Pseudomonadota;c__Alphaproteobacteria;o__Rhizobiales;f__Xanthobacteraceae;g__Afipia;s__	taxonomic classification defined by topology and ANI	classification based on placement in class-level tree	GCA_024707075.1, s__Afipia sp024707075, 95.0, 86.06, 0.279; GCA_017474385.1, s__Afipia sp017474385, 95.0, 85.66, 0.241; GCF_000314675.2, s__Afipia broomeae, 95.0, 85.57, 0.245; GCF_021502575.1, s__Afipia sp021502575, 95.0, 85.0, 0.26; GCF_000497575.1, s__Afipia sp000497575, 95.0, 84.77, 0.224; GCA_030652315.1, s__Afipia sp030652315, 95.0, 84.75, 0.225; GCF_001006325.2, s__Afipia massiliensis_A, 95.0, 84.51, 0.24; GCF_014203115.1, s__Afipia massiliensis, 95.0, 84.44, 0.209; GCF_000308295.2, s__Afipia birgiae, 95.0, 84.14, 0.203; GCF_000336555.1, s__Afipia clevelandensis, 95.0, 83.55, 0.158; GCA_017308575.1, s__Afipia sp001897905, 95.0, 82.93, 0.171	81.93	11	0.98	Genome has more than 10.0% of markers with multiple hits	Neural Network (Specific Model)	11	0.868	35555	288.35516234950745	5454492	0.61	5482	261	134239	None
WM17	WM17_S12_020	97.03	1.03	d__Bacteria	p__Bacteroidota	c__Bacteroidia	o__B-17B0	f__B-17BO	g__UBA2475	s__	NA	NA	NA	NA	NA	GCA_013816615.1	95	d__Bacteria;p__Bacteroidota;c__Bacteroidia;o__B-17B0;f__B-17BO;g__UBA2475;s__UBA2475 sp013816615	84.52	0.25	d__Bacteria;p__Bacteroidota;c__Bacteroidia;o__B-17B0;f__B-17BO;g__UBA2475;s__	taxonomic classification defined by topology and ANI	classification based on placement in class-level tree	GCA_016787705.1, s__UBA2475 sp016787705, 95.0, 83.21, 0.245	86.57	11	0.98977	NA	Neural Network (Specific Model)	11	0.928	132291	349.9906966190152	4982129	0.34	4407	68	293821	None
WM17	WM17_S12_021	93.53	6.81	d__Bacteria	p__Pseudomonadota	c__Gammaproteobacteria	o__Burkholderiales	f__Burkholderiaceae	g__JACMQX01	s__	NA	NA	NA	NA	NA	NA	NA	NA	NA	NA	d__Bacteria;p__Pseudomonadota;c__Gammaproteobacteria;o__Burkholderiales;f__Burkholderiaceae;g__JACMQX01;s__	taxonomic novelty determined using RED	classification based on placement in class-level tree	NA	82.5	11	0.95521	NA	Gradient Boost (General Model)	11	0.916	11755	309.90607950116913	5201306	0.68	5132	570	42282	None
WM17	WM17_S12_022	95.09	4.9	d__Bacteria	p__Actinomycetota	c__Actinomycetes	o__Actinomycetales	f__Microbacteriaceae	g__Rhodoglobus	s__Rhodoglobus sp903920435	GCA_903920435.1	95	d__Bacteria;p__Actinomycetota;c__Actinomycetes;o__Actinomycetales;f__Microbacteriaceae;g__Rhodoglobus;s__Rhodoglobus sp903920435	98.14	0.867	GCA_903920435.1	95	d__Bacteria;p__Actinomycetota;c__Actinomycetes;o__Actinomycetales;f__Microbacteriaceae;g__Rhodoglobus;s__Rhodoglobus sp903920435	98.14	0.867	d__Bacteria;p__Actinomycetota;c__Actinomycetes;o__Actinomycetales;f__Microbacteriaceae;g__Rhodoglobus;s__	taxonomic classification defined by topology and ANI	topological placement and ANI have congruent species assignments	GCA_001725325.1, s__Rhodoglobus sp001725325, 95.0, 86.44, 0.348; GCA_025463515.1, s__Rhodoglobus sp025463515, 95.0, 85.75, 0.255	82.64	11	NA	NA	Neural Network (Specific Model)	11	0.939	17357	289.6249282021827	3211316	0.69	3482	269	51698	None
WM17	WM17_S12_023	93.92	4.49	d__Bacteria	p__Bacteroidota	c__Bacteroidia	o__NS11-12g	f__UBA9320	g__JABWCE01	s__	NA	NA	NA	NA	NA	NA	NA	NA	NA	NA	d__Bacteria;p__Bacteroidota;c__Bacteroidia;o__NS11-12g;f__UBA9320;g__JABWCE01;s__	taxonomic classification fully defined by topology	classification based on placement in class-level tree	NA	80.36	11	0.9517	NA	Gradient Boost (General Model)	11	0.914	9602	317.1146763392857	3724131	0.36	3584	482	36511	None
WM17	WM17_S12_024	92.47	14.61	d__Bacteria	p__Pseudomonadota	c__Alphaproteobacteria	o__Sphingomonadales	f__Sphingomonadaceae	g__Sphingorhabdus_B	s__	NA	NA	NA	NA	NA	NA	NA	NA	NA	NA	d__Bacteria;p__Pseudomonadota;c__Alphaproteobacteria;o__Sphingomonadales;f__Sphingomonadaceae;g__Sphingorhabdus_B;s__	taxonomic classification fully defined by topology	classification based on placement in class-level tree	NA	77.78	11	0.98847	Genome has more than 12.5% of markers with multiple hits	Neural Network (Specific Model)	11	0.916	16615	296.07342266890004	3464706	0.56	3582	279	109162	None
WM17	WM17_S12_025	89.71	2.57	d__Bacteria	p__Actinomycetota	c__Acidimicrobiia	o__Acidimicrobiales	f__Iamiaceae	g__JAGQSI01	s__	NA	NA	NA	NA	NA	GCA_025463265.1	95	d__Bacteria;p__Actinomycetota;c__Acidimicrobiia;o__Acidimicrobiales;f__Iamiaceae;g__JAGQSI01;s__JAGQSI01 sp025463265	85.46	0.163	d__Bacteria;p__Actinomycetota;c__Acidimicrobiia;o__Acidimicrobiales;f__Iamiaceae;g__JAGQSI01;s__	taxonomic classification defined by topology and ANI	classification based on placement in class-level tree	NA	78.39	11	0.97695	NA	Gradient Boost (General Model)	11	0.917	10276	295.5535003512058	4120933	0.7	4271	508	62325	None
WM17	WM17_S12_026	87.24	1.73	d__Bacteria	p__Pseudomonadota	c__Alphaproteobacteria	o__Rickettsiales	f__Rickettsiaceae	g__GCA-2402195	s__GCA-2402195 sp945865485	GCA_945865485.1	95	d__Bacteria;p__Pseudomonadota;c__Alphaproteobacteria;o__Rickettsiales;f__Rickettsiaceae;g__GCA-2402195;s__GCA-2402195 sp945865485	97.47	0.816	GCA_945865485.1	95	d__Bacteria;p__Pseudomonadota;c__Alphaproteobacteria;o__Rickettsiales;f__Rickettsiaceae;g__GCA-2402195;s__GCA-2402195 sp945865485	97.47	0.816	d__Bacteria;p__Pseudomonadota;c__Alphaproteobacteria;o__Rickettsiales;f__Rickettsiaceae;g__GCA-2402195;s__	taxonomic classification defined by topology and ANI	topological placement and ANI have congruent species assignments	NA	78.89	11	NA	NA	Neural Network (Specific Model)	11	0.869	8109	281.83620689655174	1464826	0.35	1508	220	35423	None
WM17	WM17_S12_027	82.18	2.22	d__Bacteria	p__Bacteroidota	c__Bacteroidia	o__Chitinophagales	f__LD1	g__Bog-950	s__	NA	NA	NA	NA	NA	NA	NA	NA	NA	NA	d__Bacteria;p__Bacteroidota;c__Bacteroidia;o__Chitinophagales;f__LD1;g__Bog-950;s__	taxonomic classification fully defined by topology	classification based on placement in class-level tree	NA	73.78	11	0.95372	NA	Gradient Boost (General Model)	11	0.908	10379	332.9543369890329	5506295	0.43	5015	669	74766	None
WM17	WM17_S12_028	94.38	10.1	d__Bacteria	p__Pseudomonadota	c__Alphaproteobacteria	o__Rhizobiales	f__Xanthobacteraceae	g__Bradyrhizobium	s__	NA	NA	NA	NA	NA	GCA_029946075.1	95	d__Bacteria;p__Pseudomonadota;c__Alphaproteobacteria;o__Rhizobiales;f__Xanthobacteraceae;g__Bradyrhizobium;s__Bradyrhizobium sp029946075	92.21	0.529	d__Bacteria;p__Pseudomonadota;c__Alphaproteobacteria;o__Rhizobiales;f__Xanthobacteraceae;g__Bradyrhizobium;s__	taxonomic classification defined by topology and ANI	classification based on placement in class-level tree	GCA_902826195.1, s__Bradyrhizobium sp902826195, 95.0, 85.38, 0.159; GCF_023101085.1, s__Bradyrhizobium sp023101085, 95.0, 84.84, 0.206; GCF_030413175.1, s__Bradyrhizobium sp030413175, 95.0, 84.75, 0.208; GCF_018596315.1, s__Bradyrhizobium sp018596315, 95.0, 84.5, 0.207; GCF_003062295.1, s__Bradyrhizobium algeriense, 95.0, 84.5, 0.203; GCF_023073415.1, s__Bradyrhizobium sp023073415, 95.0, 84.44, 0.191; GCF_023100945.1, s__Bradyrhizobium sp023100945, 95.0, 84.43, 0.194; GCF_900103365.1, s__Bradyrhizobium sp900103365, 95.0, 84.42, 0.169; GCA_023387735.1, s__Bradyrhizobium sp023387735, 95.0, 84.41, 0.202; GCF_018130385.1, s__Bradyrhizobium sp018130385, 95.0, 84.35, 0.202; GCF_001440395.1, s__Bradyrhizobium jicamae, 95.0, 84.33, 0.187; GCF_900099825.1, s__Bradyrhizobium ottawaense_A, 95.0, 84.33, 0.174; GCF_001440475.1, s__Bradyrhizobium lablabi, 95.0, 84.26, 0.19; GCF_029051645.1, s__Bradyrhizobium sp029051645, 95.0, 84.24, 0.172; GCA_023422775.1, s__Bradyrhizobium sp023422775, 95.0, 84.2, 0.191; GCF_009930815.1, s__Bradyrhizobium sp009930815, 95.0, 84.19, 0.189; GCF_005937885.2, s__Bradyrhizobium sp005937885, 95.0, 84.17, 0.17; GCF_001693515.2, s__Bradyrhizobium paxllaeri, 95.0, 84.12, 0.203; GCF_001440405.1, s__Bradyrhizobium valentinum, 95.0, 83.96, 0.162; GCF_018131065.1, s__Bradyrhizobium sp018131065, 95.0, 83.95, 0.159; GCF_001693385.1, s__Bradyrhizobium icense, 95.0, 83.91, 0.171; GCF_029714305.1, s__Bradyrhizobium sp029714305, 95.0, 83.91, 0.169; GCF_018130065.1, s__Bradyrhizobium sp018130065, 95.0, 83.87, 0.16; GCF_000472965.1, s__Bradyrhizobium murdochi, 95.0, 83.8, 0.161; GCF_018131075.1, s__Bradyrhizobium sp018131075, 95.0, 83.77, 0.155; GCF_018398875.1, s__Bradyrhizobium sp018398875, 95.0, 83.76, 0.155; GCF_018130145.1, s__Bradyrhizobium sp018130145, 95.0, 83.69, 0.152; GCA_017305715.1, s__Bradyrhizobium sp017305715, 95.0, 83.65, 0.155; GCF_001693485.1, s__Bradyrhizobium sp001693485, 95.0, 83.62, 0.161; GCF_018398895.1, s__Bradyrhizobium sp018398895, 95.0, 83.6, 0.152; GCF_001440415.1, s__Bradyrhizobium retamae, 95.0, 83.52, 0.16; GCF_013114825.1, s__Bradyrhizobium australiense, 95.0, 83.48, 0.15; GCF_013114835.1, s__Bradyrhizobium archetypum, 95.0, 83.46, 0.153; GCF_022844465.1, s__Bradyrhizobium sp022844465, 95.0, 83.29, 0.187	72.29	11	0.99742	Genome not assigned to closest species as it falls outside its pre-defined ANI radius;Genome has more than 10.8% of markers with multiple hits	Neural Network (Specific Model)	11	0.867	24572	291.09861932938855	6627047	0.63	6591	403	122579	None
WM17	WM17_S12_029	84.14	3.78	d__Bacteria	p__Pseudomonadota	c__Alphaproteobacteria	o__Caulobacterales	f__Caulobacteraceae	g__Brevundimonas	s__	NA	NA	NA	NA	NA	GCA_030693575.1	95	d__Bacteria;p__Pseudomonadota;c__Alphaproteobacteria;o__Caulobacterales;f__Caulobacteraceae;g__Brevundimonas;s__Brevundimonas sp030693575	92.3	0.569	d__Bacteria;p__Pseudomonadota;c__Alphaproteobacteria;o__Caulobacterales;f__Caulobacteraceae;g__Brevundimonas;s__	taxonomic classification defined by topology and ANI	classification based on placement in class-level tree	GCA_030285985.1, s__Brevundimonas sp030285985, 95.0, 91.32, 0.589; GCF_030160755.1, s__Brevundimonas denitrificans, 95.0, 89.96, 0.461; GCF_937982535.1, s__Brevundimonas sp002343425, 95.0, 89.95, 0.473; GCA_006515835.1, s__Brevundimonas sp006515835, 95.0, 89.93, 0.405; GCF_002483305.1, s__Brevundimonas sp002483305, 95.0, 89.4, 0.363; GCF_004296955.1, s__Brevundimonas sp004296955, 95.0, 88.99, 0.387; GCA_018826515.1, s__Brevundimonas sp018826515, 95.0, 88.93, 0.388; GCA_030856285.1, s__Brevundimonas sp030856285, 95.0, 88.58, 0.304; GCF_030704825.1, s__Brevundimonas sp030704825, 95.0, 88.18, 0.286; GCA_019746095.1, s__Brevundimonas sp019746095, 95.0, 88.01, 0.308; GCF_027487935.1, s__Brevundimonas sp027487935, 95.0, 88.0, 0.289; GCF_030682035.1, s__Brevundimonas sp030682035, 95.0, 87.99, 0.3; GCF_001427825.1, s__Brevundimonas sp001427825, 95.0, 87.4, 0.274; GCA_947501315.1, s__Brevundimonas sp947501315, 95.0, 87.32, 0.259; GCF_029946145.1, s__Brevundimonas sp029946145, 95.0, 86.78, 0.247	70.29	11	0.99716	Genome not assigned to closest species as it falls outside its pre-defined ANI radius	Neural Network (Specific Model)	11	0.904	8481	271.5889167188478	2873656	0.68	3194	410	41829	None
WM17	WM17_S12_030	84.4	4.7	d__Bacteria	p__Pseudomonadota	c__Alphaproteobacteria	o__Rhizobiales	f__Xanthobacteraceae	g__Afipia	s__Afipia broomeae	GCF_000314675.2	95	d__Bacteria;p__Pseudomonadota;c__Alphaproteobacteria;o__Rhizobiales;f__Xanthobacteraceae;g__Afipia;s__Afipia broomeae	97.79	0.833	GCF_000314675.2	95	d__Bacteria;p__Pseudomonadota;c__Alphaproteobacteria;o__Rhizobiales;f__Xanthobacteraceae;g__Afipia;s__Afipia broomeae	97.79	0.833	d__Bacteria;p__Pseudomonadota;c__Alphaproteobacteria;o__Rhizobiales;f__Xanthobacteraceae;g__Afipia;s__	taxonomic classification defined by topology and ANI	topological placement and ANI have congruent species assignments	GCF_000497575.1, s__Afipia sp000497575, 95.0, 90.58, 0.537; GCA_017474385.1, s__Afipia sp017474385, 95.0, 89.32, 0.418; GCF_014203115.1, s__Afipia massiliensis, 95.0, 86.08, 0.263; GCF_000308295.2, s__Afipia birgiae, 95.0, 85.67, 0.25; GCA_030652315.1, s__Afipia sp030652315, 95.0, 85.53, 0.224; GCF_000336555.1, s__Afipia clevelandensis, 95.0, 85.43, 0.211; GCF_001006325.2, s__Afipia massiliensis_A, 95.0, 85.37, 0.262; GCA_024707075.1, s__Afipia sp024707075, 95.0, 84.85, 0.184; GCA_024508675.1, s__Afipia sp024508675, 95.0, 84.34, 0.197; GCA_017308595.1, s__Afipia sp017308595, 95.0, 84.26, 0.163; GCF_021502575.1, s__Afipia sp021502575, 95.0, 83.93, 0.155	70.59	11	NA	NA	Neural Network (Specific Model)	11	0.883	15126	283.10783711888683	4693795	0.61	4887	431	131752	None
WM17	WM17_S12_031	80.15	3.82	d__Bacteria	p__Bacteroidota	c__Bacteroidia	o__Chitinophagales	f__Chitinophagaceae	g__Ferruginibacter	s__	NA	NA	NA	NA	NA	NA	NA	NA	NA	NA	d__Bacteria;p__Bacteroidota;c__Bacteroidia;o__Chitinophagales;f__Chitinophagaceae;g__Ferruginibacter;s__	taxonomic classification defined by topology and ANI	classification based on placement in class-level tree	GCA_030157685.1, s__Ferruginibacter sp030157685, 95.0, 87.2, 0.264; GCA_016715365.1, s__Ferruginibacter sp016715365, 95.0, 86.82, 0.256; GCA_016710935.1, s__Ferruginibacter sp016710935, 95.0, 85.71, 0.198	68.84	11	0.98376	NA	Gradient Boost (General Model)	11	0.895	8144	300.987012987013	3567428	0.39	3542	519	33026	None
WM17	WM17_S12_032	83.92	4.77	d__Bacteria	p__Pseudomonadota	c__Gammaproteobacteria	o__Xanthomonadales	f__Xanthomonadaceae	g__SCMT01	s__	NA	NA	NA	NA	NA	GCA_020692565.1	95	d__Bacteria;p__Pseudomonadota;c__Gammaproteobacteria;o__Xanthomonadales;f__Xanthomonadaceae;g__SCMT01;s__SCMT01 sp020692565	89.54	0.397	d__Bacteria;p__Pseudomonadota;c__Gammaproteobacteria;o__Xanthomonadales;f__Xanthomonadaceae;g__SCMT01;s__	taxonomic classification defined by topology and ANI	classification based on placement in class-level tree	NA	69.65	11	0.98777	NA	Gradient Boost (General Model)	11	0.874	6891	295.9846475924634	4360656	0.65	4299	717	70246	None
WM17	WM17_S12_033	87.48	2.24	d__Bacteria	p__Pseudomonadota	c__Gammaproteobacteria	o__Burkholderiales	f__Burkholderiaceae	g__Acidovorax	s__Acidovorax sp001428665	GCF_001428665.1	95	d__Bacteria;p__Pseudomonadota;c__Gammaproteobacteria;o__Burkholderiales;f__Burkholderiaceae;g__Acidovorax;s__Acidovorax sp001428665	97.39	0.877	GCF_001428665.1	95	d__Bacteria;p__Pseudomonadota;c__Gammaproteobacteria;o__Burkholderiales;f__Burkholderiaceae;g__Acidovorax;s__Acidovorax sp001428665	97.39	0.877	d__Bacteria;p__Pseudomonadota;c__Gammaproteobacteria;o__Burkholderiales;f__Burkholderiaceae;g__Acidovorax;s__	taxonomic classification defined by topology and ANI	topological placement and ANI have congruent species assignments	GCF_030704685.1, s__Acidovorax sp030704685, 95.0, 94.47, 0.759; GCF_000276605.1, s__Acidovorax sp000276605, 95.0, 90.97, 0.603; GCF_014207955.1, s__Acidovorax soli_A, 95.0, 89.95, 0.523; GCF_019218755.1, s__Acidovorax sp019218755, 95.0, 86.2, 0.17; GCF_003852545.1, s__Acidovorax sp003852545, 95.0, 85.8, 0.176	69.43	11	NA	NA	Neural Network (Specific Model)	11	0.906	9711	294.3725720026792	5812912	0.67	5972	724	54624	None
WM17	WM17_S12_034	80.96	0.56	d__Bacteria	p__Bacteroidota	c__Bacteroidia	o__NS11-12g	f__UKL13-3	g__RGVD01	s__	NA	NA	NA	NA	NA	GCA_010027395.1	95	d__Bacteria;p__Bacteroidota;c__Bacteroidia;o__NS11-12g;f__UKL13-3;g__RGVD01;s__RGVD01 sp010027395	87.54	0.243	d__Bacteria;p__Bacteroidota;c__Bacteroidia;o__NS11-12g;f__UKL13-3;g__RGVD01;s__	taxonomic classification defined by topology and ANI	classification based on placement in class-level tree	GCA_945870425.1, s__RGVD01 sp945870425, 95.0, 86.8, 0.26; GCA_947460565.1, s__RGVD01 sp947460565, 95.0, 86.05, 0.203	67.83	11	0.98652	NA	Neural Network (Specific Model)	11	0.909	6667	310.41953663118346	3266310	0.35	3194	549	27136	None
WM17	WM17_S12_035	76.06	2.83	d__Bacteria	p__Pseudomonadota	c__Gammaproteobacteria	o__Xanthomonadales	f__Xanthomonadaceae	g__Arenimonas	s__	NA	NA	NA	NA	NA	NA	NA	NA	NA	NA	d__Bacteria;p__Pseudomonadota;c__Gammaproteobacteria;o__Xanthomonadales;f__Xanthomonadaceae;g__Arenimonas;s__	taxonomic classification fully defined by topology	classification based on placement in class-level tree	NA	64.33	11	0.97316	NA	Gradient Boost (General Model)	11	0.935	5312	268.9525934188511	1543446	0.47	1793	306	21556	None
WM17	WM17_S12_036	72.84	1.65	d__Bacteria	p__Gemmatimonadota	c__Gemmatimonadetes	o__Gemmatimonadales	f__Gemmatimonadaceae	g__Gemmatimonas	s__	NA	NA	NA	NA	NA	GCF_013004105.1	95	d__Bacteria;p__Gemmatimonadota;c__Gemmatimonadetes;o__Gemmatimonadales;f__Gemmatimonadaceae;g__Gemmatimonas;s__Gemmatimonas groenlandica	89.19	0.461	d__Bacteria;p__Gemmatimonadota;c__Gemmatimonadetes;o__Gemmatimonadales;f__Gemmatimonadaceae;g__Gemmatimonas;s__	taxonomic classification defined by topology and ANI	classification based on placement in class-level tree	GCA_947461225.1, s__Gemmatimonas sp947461225, 95.0, 87.01, 0.187; GCA_903900795.1, s__Gemmatimonas sp903900795, 95.0, 86.61, 0.153; GCA_947462095.1, s__Gemmatimonas sp947462095, 95.0, 86.53, 0.154; GCA_002737115.1, s__Gemmatimonas sp002737115, 95.0, 86.29, 0.178; GCA_945870175.1, s__Gemmatimonas phototrophica_A, 95.0, 85.94, 0.172	64.63	11	0.98732	NA	Neural Network (Specific Model)	11	0.919	6593	294.17549504950495	3870139	0.65	4040	661	22309	None
WM17	WM17_S12_037	96.55	13.56	d__Bacteria	p__Patescibacteria	c__Paceibacteria	o__UBA9973	f__UBA2100	g__UBA10103	s__	NA	NA	NA	NA	NA	NA	NA	NA	NA	NA	d__Bacteria;p__Patescibacteria;c__Paceibacteria;o__UBA9973;f__UBA2100;g__UBA10103;s__	taxonomic classification fully defined by topology	classification based on placement in class-level tree	NA	56.94	11	0.98455	Genome has more than 14.2% of markers with multiple hits	Gradient Boost (General Model)	11	0.903	372498	297.48113933795224	1280936	0.54	1299	6	638352	None
WM17	WM17_S12_038	64.41	3.44	d__Bacteria	p__Pseudomonadota	c__Alphaproteobacteria	o__Rhizobiales	f__Devosiaceae	g__Devosia_A	s__	NA	NA	NA	NA	NA	NA	NA	NA	NA	NA	d__Bacteria;p__Pseudomonadota;c__Alphaproteobacteria;o__Rhizobiales;f__Devosiaceae;g__Devosia_A;s__	taxonomic classification defined by topology and ANI	classification based on placement in class-level tree	GCF_001425235.1, s__Devosia_A sp001425235, 95.0, 89.61, 0.362; GCF_000970465.2, s__Devosia_A insulae, 95.0, 89.55, 0.339; GCF_001899085.1, s__Devosia_A sp001899085, 95.0, 89.49, 0.29; GCF_001402915.1, s__Devosia_A sp001402915, 95.0, 89.04, 0.249; GCA_016793415.1, s__Devosia_A sp016793415, 95.0, 88.78, 0.212	55.73	11	0.9931	NA	Neural Network (Specific Model)	11	0.887	5290	252.92371925073343	3781279	0.65	4431	756	36122	None
WM17	WM17_S12_039	82.26	3.65	d__Bacteria	p__Pseudomonadota	c__Gammaproteobacteria	o__Burkholderiales	f__Burkholderiaceae	g__Polaromonas	s__	NA	NA	NA	NA	NA	GCF_016185115.1	95	d__Bacteria;p__Pseudomonadota;c__Gammaproteobacteria;o__Burkholderiales;f__Burkholderiaceae;g__Polaromonas;s__Polaromonas sp016185115	88.54	0.462	d__Bacteria;p__Pseudomonadota;c__Gammaproteobacteria;o__Burkholderiales;f__Burkholderiaceae;g__Polaromonas;s__	taxonomic classification defined by topology and ANI	classification based on placement in class-level tree	NA	56.96	11	0.9947	NA	Gradient Boost (General Model)	11	0.908	9097	288.2316118935837	3644882	0.6	3834	500	49347	None
WM17	WM17_S12_040	83.85	0.06	d__Bacteria	p__Patescibacteria	c__Paceibacteria	o__UBA9973	f__UBA2100	g__UBA10103	s__	NA	NA	NA	NA	NA	NA	NA	NA	NA	NA	d__Bacteria;p__Patescibacteria;c__Paceibacteria;o__UBA9973;f__UBA2100;g__UBA10103;s__	taxonomic classification fully defined by topology	classification based on placement in class-level tree	NA	57.04	11	0.94772	NA	Gradient Boost (General Model)	11	0.918	177572	269.52307692307693	685392	0.53	780	5	198762	None
WM17	WM17_S12_041	66.94	0.53	d__Bacteria	p__Pseudomonadota	c__Alphaproteobacteria	o__Rhodospirillales	f__Rhodospirillaceae	g__GCA-2737725	s__	NA	NA	NA	NA	NA	NA	NA	NA	NA	NA	d__Bacteria;p__Pseudomonadota;c__Alphaproteobacteria;o__Rhodospirillales;f__Rhodospirillaceae;g__GCA-2737725;s__	taxonomic classification fully defined by topology	classification based on placement in class-level tree	NA	53.94	11	0.9502	NA	Gradient Boost (General Model)	11	0.902	5461	261.9569993722536	2771110	0.6	3186	542	20089	None
WM17	WM17_S12_042	81.91	0.86	d__Bacteria	p__Pseudomonadota	c__Gammaproteobacteria	o__Burkholderiales	f__Burkholderiaceae	g__JACPVY01	s__	NA	NA	NA	NA	NA	NA	NA	NA	NA	NA	d__Bacteria;p__Pseudomonadota;c__Gammaproteobacteria;o__Burkholderiales;f__Burkholderiaceae;g__JACPVY01;s__	taxonomic novelty determined using RED	classification based on placement in class-level tree	NA	54.3	11	0.963	NA	Gradient Boost (General Model)	11	0.873	14151	308.31199489578904	4974756	0.51	4702	419	72233	None
WM17	WM17_S12_043	67.35	0.45	d__Bacteria	p__Pseudomonadota	c__Alphaproteobacteria	o__Rhizobiales	f__Xanthobacteraceae	g__Bradyrhizobium	s__	NA	NA	NA	NA	NA	GCF_900103365.1	95	d__Bacteria;p__Pseudomonadota;c__Alphaproteobacteria;o__Rhizobiales;f__Xanthobacteraceae;g__Bradyrhizobium;s__Bradyrhizobium sp900103365	89.36	0.323	d__Bacteria;p__Pseudomonadota;c__Alphaproteobacteria;o__Rhizobiales;f__Xanthobacteraceae;g__Bradyrhizobium;s__	taxonomic classification defined by topology and ANI	classification based on placement in class-level tree	GCF_900099825.1, s__Bradyrhizobium ottawaense_A, 95.0, 88.83, 0.289; GCF_005937885.2, s__Bradyrhizobium sp005937885, 95.0, 88.39, 0.265; GCA_019748335.1, s__Bradyrhizobium sp019748335, 95.0, 87.51, 0.179	45.38	11	0.99639	NA	Neural Network (Specific Model)	11	0.866	7617	263.1987708516242	5181636	0.63	5695	799	63254	None
WM17	WM17_S12_044	49.6	1.19	d__Bacteria	p__Bacteroidota	c__Bacteroidia	o__Cytophagales	f__Cytophagaceae	g__JANYCO01	s__	NA	NA	NA	NA	NA	NA	NA	NA	NA	NA	d__Bacteria;p__Bacteroidota;c__Bacteroidia;o__Cytophagales;f__Cytophagaceae;g__JANYCO01;s__	taxonomic novelty determined using RED	classification based on placement in class-level tree	NA	48.08	11	0.95169	NA	Neural Network (Specific Model)	11	0.896	4258	291.05835635359114	2816389	0.4	2896	682	16179	None
WM17	WM17_S12_045	63.51	0.2	d__Bacteria	p__Planctomycetota	c__Planctomycetia	o__Gemmatales	f__Gemmataceae	g__Gemmata	s__	NA	NA	NA	NA	NA	NA	NA	NA	NA	NA	d__Bacteria;p__Planctomycetota;c__Planctomycetia;o__Gemmatales;f__Gemmataceae;g__Gemmata;s__	taxonomic classification fully defined by topology	classification based on placement in class-level tree	NA	43.32	11	0.98799	NA	Gradient Boost (General Model)	11	0.891	5517	316.4996988556515	5300238	0.61	4981	1034	30724	None
WM18	WM18_S13_001	100	2.21	d__Bacteria	p__Bacteroidota	c__Bacteroidia	o__Chitinophagales	f__LD1	g__Bog-950	s__	NA	NA	NA	NA	NA	NA	NA	NA	NA	NA	d__Bacteria;p__Bacteroidota;c__Bacteroidia;o__Chitinophagales;f__LD1;g__Bog-950;s__	taxonomic classification fully defined by topology	classification based on placement in class-level tree	NA	98.67	11	0.94136	NA	Gradient Boost (General Model)	11	0.913	78655	346.4168449197861	4252018	0.4	3740	107	272063	None
WM18	WM18_S13_002	99.98	2.05	d__Bacteria	p__Bacteroidota	c__Bacteroidia	o__B-17B0	f__B-17BO	g__UBA2475	s__	NA	NA	NA	NA	NA	NA	NA	NA	NA	NA	d__Bacteria;p__Bacteroidota;c__Bacteroidia;o__B-17B0;f__B-17BO;g__UBA2475;s__	taxonomic classification defined by topology and ANI	classification based on placement in class-level tree	GCA_013816615.1, s__UBA2475 sp013816615, 95.0, 84.65, 0.259; GCA_016787705.1, s__UBA2475 sp016787705, 95.0, 83.42, 0.249	96.37	11	0.98463	NA	Neural Network (Specific Model)	11	0.928	349788	350.8360507246377	5005280	0.34	4416	37	521957	None
WM18	WM18_S13_003	99.91	0.17	d__Bacteria	p__Bacteroidota	c__Bacteroidia	o__NS11-12g	f__UKL13-3	g__UKL13-3	s__	NA	NA	NA	NA	NA	NA	NA	NA	NA	NA	d__Bacteria;p__Bacteroidota;c__Bacteroidia;o__NS11-12g;f__UKL13-3;g__UKL13-3;s__	taxonomic classification fully defined by topology	classification based on placement in class-level tree	NA	96.54	11	0.97036	NA	Neural Network (Specific Model)	11	0.916	316649	362.3137019230769	3942657	0.42	3328	33	510827	None
WM18	WM18_S13_004	99.79	0.47	d__Bacteria	p__Bacteroidota	c__Bacteroidia	o__Chitinophagales	f__Chitinophagaceae	g__Ferruginibacter	s__	NA	NA	NA	NA	NA	NA	NA	NA	NA	NA	d__Bacteria;p__Bacteroidota;c__Bacteroidia;o__Chitinophagales;f__Chitinophagaceae;g__Ferruginibacter;s__	taxonomic classification fully defined by topology	classification based on placement in class-level tree	NA	96.09	11	0.97618	NA	Gradient Boost (General Model)	11	0.893	457129	358.77013791724966	6025370	0.41	5003	56	1408550	None
WM18	WM18_S13_005	100	3.71	d__Bacteria	p__Pseudomonadota	c__Alphaproteobacteria	o__Sphingomonadales	f__Sphingomonadaceae	g__Novosphingobium	s__	NA	NA	NA	NA	NA	GCF_025938155.1	95	d__Bacteria;p__Pseudomonadota;c__Alphaproteobacteria;o__Sphingomonadales;f__Sphingomonadaceae;g__Novosphingobium;s__Novosphingobium sp025938155	83.33	0.176	d__Bacteria;p__Pseudomonadota;c__Alphaproteobacteria;o__Sphingomonadales;f__Sphingomonadaceae;g__Novosphingobium;s__	taxonomic classification defined by topology and ANI	classification based on placement in class-level tree	GCF_020179425.1, s__Novosphingobium percolationis, 95.0, 83.49, 0.182	95.49	11	0.98792	NA	Neural Network (Specific Model)	11	0.908	136224	320.74167709637044	4224642	0.64	3995	72	464093	None
WM18	WM18_S13_006	100	0.93	d__Bacteria	p__Bacteroidota	c__Bacteroidia	o__SXHM01	f__SXHM01	g__SXHM01	s__	NA	NA	NA	NA	NA	GCA_947478465.1	95	d__Bacteria;p__Bacteroidota;c__Bacteroidia;o__SXHM01;f__SXHM01;g__SXHM01;s__SXHM01 sp947478465	90.79	0.677	d__Bacteria;p__Bacteroidota;c__Bacteroidia;o__SXHM01;f__SXHM01;g__SXHM01;s__	taxonomic classification defined by topology and ANI	classification based on placement in class-level tree	GCA_945870105.1, s__SXHM01 sp945870105, 95.0, 87.29, 0.425; GCA_945861685.1, s__SXHM01 sp945861685, 95.0, 87.29, 0.419; GCA_947479755.1, s__SXHM01 sp947479755, 95.0, 86.82, 0.441; GCA_005773695.1, s__SXHM01 sp005773695, 95.0, 86.46, 0.189; GCA_020054035.1, s__SXHM01 sp020054035, 95.0, 84.83, 0.224	95.73	11	0.98565	Genome not assigned to closest species as it falls outside its pre-defined ANI radius	Gradient Boost (General Model)	11	0.933	140351	367.0509040333797	4238804	0.39	3595	59	598189	None
WM18	WM18_S13_007	98.77	0.43	d__Bacteria	p__Bacteroidota	c__Bacteroidia	o__NS11-12g	f__UBA9320	g__JABWCE01	s__	NA	NA	NA	NA	NA	NA	NA	NA	NA	NA	d__Bacteria;p__Bacteroidota;c__Bacteroidia;o__NS11-12g;f__UBA9320;g__JABWCE01;s__	taxonomic classification fully defined by topology	classification based on placement in class-level tree	NA	94.82	11	0.95267	NA	Neural Network (Specific Model)	11	0.916	31773	345.4417750141323	3995976	0.36	3538	193	97832	None
WM18	WM18_S13_008	99.33	1.74	d__Bacteria	p__Pseudomonadota	c__Gammaproteobacteria	o__Burkholderiales	f__Nitrosomonadaceae	g__Nitrosospira	s__	NA	NA	NA	NA	NA	GCF_900103165.1	95	d__Bacteria;p__Pseudomonadota;c__Gammaproteobacteria;o__Burkholderiales;f__Nitrosomonadaceae;g__Nitrosospira;s__Nitrosospira multiformis_D	94.6	0.749	d__Bacteria;p__Pseudomonadota;c__Gammaproteobacteria;o__Burkholderiales;f__Nitrosomonadaceae;g__Nitrosospira;s__	taxonomic classification defined by topology and ANI	classification based on placement in class-level tree	GCF_000355765.4, s__Nitrosospira lacus, 95.0, 86.49, 0.382; GCF_000832065.1, s__Nitrosospira sp000832065, 95.0, 85.64, 0.309	94.72	11	0.98889	Genome not assigned to closest species as it falls outside its pre-defined ANI radius	Neural Network (Specific Model)	11	0.852	30943	288.6495176848875	3469543	0.52	3421	186	109305	None
WM18	WM18_S13_009	100	3.77	d__Bacteria	p__Bacteroidota	c__Bacteroidia	o__Chitinophagales	f__Chitinophagaceae	g__Sediminibacterium	s__	NA	NA	NA	NA	NA	NA	NA	NA	NA	NA	d__Bacteria;p__Bacteroidota;c__Bacteroidia;o__Chitinophagales;f__Chitinophagaceae;g__Sediminibacterium;s__	taxonomic classification fully defined by topology	classification based on placement in class-level tree	NA	92.95	11	0.98369	NA	Gradient Boost (General Model)	11	0.896	189299	339.6659865333605	5566602	0.45	4901	56	308415	None
WM18	WM18_S13_010	98.97	2.85	d__Bacteria	p__Bacteroidota	c__Bacteroidia	o__Chitinophagales	f__Chitinophagaceae	g__Sediminibacterium	s__Sediminibacterium sp017996795	GCA_017996795.1	95	d__Bacteria;p__Bacteroidota;c__Bacteroidia;o__Chitinophagales;f__Chitinophagaceae;g__Sediminibacterium;s__Sediminibacterium sp017996795	95.79	0.828	GCA_017996795.1	95	d__Bacteria;p__Bacteroidota;c__Bacteroidia;o__Chitinophagales;f__Chitinophagaceae;g__Sediminibacterium;s__Sediminibacterium sp017996795	95.79	0.828	d__Bacteria;p__Bacteroidota;c__Bacteroidia;o__Chitinophagales;f__Chitinophagaceae;g__Sediminibacterium;s__	taxonomic classification defined by topology and ANI	topological placement and ANI have congruent species assignments	GCA_002281875.1, s__Sediminibacterium sp002281875, 95.0, 89.99, 0.622; GCA_001829005.1, s__Sediminibacterium sp001829005, 95.0, 89.9, 0.629; GCF_030695065.1, s__Sediminibacterium sp030695065, 95.0, 87.49, 0.493; GCA_002281575.1, s__Sediminibacterium sp002281575, 95.0, 87.24, 0.475; GCA_002786355.1, s__Sediminibacterium sp002786355, 95.0, 84.48, 0.287	94.34	11	NA	NA	Gradient Boost (General Model)	11	0.945	54973	349.60421545667447	3313990	0.37	2989	126	164916	None
WM18	WM18_S13_011	100	8.4	d__Bacteria	p__Pseudomonadota	c__Gammaproteobacteria	o__Burkholderiales	f__Burkholderiaceae	g__Polaromonas	s__	NA	NA	NA	NA	NA	GCF_016185115.1	95	d__Bacteria;p__Pseudomonadota;c__Gammaproteobacteria;o__Burkholderiales;f__Burkholderiaceae;g__Polaromonas;s__Polaromonas sp016185115	88.02	0.495	d__Bacteria;p__Pseudomonadota;c__Gammaproteobacteria;o__Burkholderiales;f__Burkholderiaceae;g__Polaromonas;s__	taxonomic classification defined by topology and ANI	classification based on placement in class-level tree	NA	91.72	11	0.99293	NA	Gradient Boost (General Model)	11	0.909	74897	312.0371142618849	4932501	0.6	4796	102	312669	None
WM18	WM18_S13_012	100	1	d__Bacteria	p__Bacteroidota	c__Bacteroidia	o__Cytophagales	f__Cyclobacteriaceae	g__JAEUUG01	s__	NA	NA	NA	NA	NA	NA	NA	NA	NA	NA	d__Bacteria;p__Bacteroidota;c__Bacteroidia;o__Cytophagales;f__Cyclobacteriaceae;g__JAEUUG01;s__	taxonomic novelty determined using RED	classification based on placement in class-level tree	NA	91.72	11	0.92382	NA	Gradient Boost (General Model)	11	0.905	25213	352.4641949152542	5509688	0.4	4720	316	97876	None
WM18	WM18_S13_013	96.97	2.64	d__Bacteria	p__Bacteroidota	c__Bacteroidia	o__B-17B0	f__B-17BO	g__UBA4416	s__	NA	NA	NA	NA	NA	NA	NA	NA	NA	NA	d__Bacteria;p__Bacteroidota;c__Bacteroidia;o__B-17B0;f__B-17BO;g__UBA4416;s__	taxonomic classification fully defined by topology	classification based on placement in class-level tree	NA	92.59	11	0.97721	NA	Neural Network (Specific Model)	11	0.935	29880	360.67874396135267	4309631	0.36	3726	213	158167	None
WM18	WM18_S13_014	96.85	2.81	d__Bacteria	p__Bacteroidota	c__Kapaibacteriia	o__Kapaibacteriales	f__Kapaibacteriaceae	g__Kapaibacterium	s__	NA	NA	NA	NA	NA	GCA_018266735.1	95	d__Bacteria;p__Bacteroidota;c__Kapaibacteriia;o__Kapaibacteriales;f__Kapaibacteriaceae;g__Kapaibacterium;s__Kapaibacterium sp018266735	89.48	0.61	d__Bacteria;p__Bacteroidota;c__Kapaibacteriia;o__Kapaibacteriales;f__Kapaibacteriaceae;g__Kapaibacterium;s__	taxonomic classification defined by topology and ANI	classification based on placement in class-level tree	NA	93.58	11	0.99439	Genome not assigned to closest species as it falls outside its pre-defined ANI radius	Gradient Boost (General Model)	11	0.951	30226	360.23343323343323	3403250	0.56	3003	187	99021	None
WM18	WM18_S13_015	99.41	4.05	d__Bacteria	p__Pseudomonadota	c__Gammaproteobacteria	o__Burkholderiales	f__Burkholderiaceae	g__LMDS01	s__	NA	NA	NA	NA	NA	GCA_025355545.1	95	d__Bacteria;p__Pseudomonadota;c__Gammaproteobacteria;o__Burkholderiales;f__Burkholderiaceae;g__LMDS01;s__LMDS01 sp025355545	86.15	0.217	d__Bacteria;p__Pseudomonadota;c__Gammaproteobacteria;o__Burkholderiales;f__Burkholderiaceae;g__LMDS01;s__	taxonomic classification defined by topology and ANI	classification based on placement in class-level tree	GCF_001425865.1, s__LMDS01 sp001425865, 95.0, 85.75, 0.157	90.21	11	0.98196	NA	Gradient Boost (General Model)	11	0.907	17209	297.58750492707924	4984335	0.68	5074	406	235912	None
WM18	WM18_S13_016	100	0.08	d__Bacteria	p__Pseudomonadota	c__Alphaproteobacteria	o__Paracaedibacterales	f__UBA11393	g__JAGOTX01	s__	NA	NA	NA	NA	NA	NA	NA	NA	NA	NA	d__Bacteria;p__Pseudomonadota;c__Alphaproteobacteria;o__Paracaedibacterales;f__UBA11393;g__JAGOTX01;s__	taxonomic novelty determined using RED	classification based on placement in class-level tree	NA	91.34	11	0.9043	NA	Gradient Boost (General Model)	11	0.876	9747	311.03573931324456	1516612	0.34	1427	195	32224	None
WM18	WM18_S13_017	96.52	3.93	d__Bacteria	p__Pseudomonadota	c__Alphaproteobacteria	o__Reyranellales	f__Reyranellaceae	g__Reyranella	s__	NA	NA	NA	NA	NA	GCA_947474005.1	95	d__Bacteria;p__Pseudomonadota;c__Alphaproteobacteria;o__Reyranellales;f__Reyranellaceae;g__Reyranella;s__Reyranella sp947474005	92.7	0.677	d__Bacteria;p__Pseudomonadota;c__Alphaproteobacteria;o__Reyranellales;f__Reyranellaceae;g__Reyranella;s__	taxonomic classification defined by topology and ANI	classification based on placement in class-level tree	GCA_945903635.1, s__Reyranella sp945903635, 95.0, 90.91, 0.529; GCA_030679805.1, s__Reyranella sp030679805, 95.0, 89.59, 0.425; GCA_029946105.1, s__Reyranella sp029946105, 95.0, 88.58, 0.465; GCA_030681635.1, s__Reyranella sp030681635, 95.0, 87.83, 0.272; GCA_945860205.1, s__Reyranella massiliensis_B, 95.0, 87.08, 0.359; GCF_004296935.1, s__Reyranella sp004296935, 95.0, 86.71, 0.341; GCA_010032545.1, s__Reyranella sp010032545, 95.0, 86.58, 0.303; GCA_945862125.1, s__Reyranella massiliensis_A, 95.0, 86.29, 0.32; GCA_016191685.1, s__Reyranella sp016191685, 95.0, 86.21, 0.277; GCA_030684475.1, s__Reyranella sp030684475, 95.0, 85.73, 0.228; GCA_004296815.1, s__Reyranella sp004296815, 95.0, 85.2, 0.158; GCA_001767945.1, s__Reyranella sp001767945, 95.0, 85.14, 0.287; GCA_019745575.1, s__Reyranella sp019745575, 95.0, 84.67, 0.197; GCA_937915145.1, s__Reyranella sp937915145, 95.0, 84.12, 0.169; GCA_937919085.1, s__Reyranella sp937919085, 95.0, 84.06, 0.167	87.94	11	0.99297	Genome not assigned to closest species as it falls outside its pre-defined ANI radius	Gradient Boost (General Model)	11	0.913	15536	290.76538291279326	6466144	0.65	6777	577	76730	None
WM18	WM18_S13_018	96	1.13	d__Bacteria	p__Elusimicrobiota	c__Elusimicrobia	o__UBA1565	f__UBA9628	g__GWA2-66-18	s__	NA	NA	NA	NA	NA	NA	NA	NA	NA	NA	d__Bacteria;p__Elusimicrobiota;c__Elusimicrobia;o__UBA1565;f__UBA9628;g__GWA2-66-18;s__	taxonomic classification defined by topology and ANI	classification based on placement in class-level tree	GCA_016191335.1, s__GWA2-66-18 sp016191335, 95.0, 83.97, 0.172	86	11	0.97822	NA	Gradient Boost (General Model)	11	0.95	26725	335.5755766621438	3895369	0.66	3685	209	82912	None
WM18	WM18_S13_019	100	28.8	d__Bacteria	p__Bacteroidota	c__Bacteroidia	o__2-12-FULL-35-15	f__2-12-FULL-35-15	g__2-12-FULL-35-15	s__	NA	NA	NA	NA	NA	NA	NA	NA	NA	NA	d__Bacteria;p__Bacteroidota;c__Bacteroidia;o__2-12-FULL-35-15;f__2-12-FULL-35-15;g__2-12-FULL-35-15;s__	taxonomic classification fully defined by topology	classification based on placement in class-level tree	NA	63.14	11	0.96435	Genome has more than 35.8% of markers with multiple hits	Gradient Boost (General Model)	11	0.922	530342	380.3747986396993	6905714	0.4	5587	28	2510750	None
WM18	WM18_S13_020	92.92	0.35	d__Bacteria	p__Pseudomonadota	c__Alphaproteobacteria	o__Rhodobacterales	f__Rhodobacteraceae	g__Tabrizicola	s__	NA	NA	NA	NA	NA	GCA_947504705.1	95	d__Bacteria;p__Pseudomonadota;c__Alphaproteobacteria;o__Rhodobacterales;f__Rhodobacteraceae;g__Tabrizicola;s__Tabrizicola sp947504705	86.74	0.302	d__Bacteria;p__Pseudomonadota;c__Alphaproteobacteria;o__Rhodobacterales;f__Rhodobacteraceae;g__Tabrizicola;s__	taxonomic classification defined by topology and ANI	classification based on placement in class-level tree	GCA_963205235.1, s__Tabrizicola sp963205235, 95.0, 86.75, 0.315	82.38	11	0.99291	NA	Gradient Boost (General Model)	11	0.902	8002	267.02241594022416	2846574	0.64	3212	434	30854	None
WM18	WM18_S13_021	98.43	0.25	d__Bacteria	p__Pseudomonadota	c__Alphaproteobacteria	o__Sphingomonadales	f__Sphingomonadaceae	g__Sphingomonas_O	s__	NA	NA	NA	NA	NA	NA	NA	NA	NA	NA	d__Bacteria;p__Pseudomonadota;c__Alphaproteobacteria;o__Sphingomonadales;f__Sphingomonadaceae;g__Sphingomonas_O;s__	taxonomic classification fully defined by topology	classification based on placement in class-level tree	NA	82.98	11	0.97855	NA	Gradient Boost (General Model)	11	0.922	11611	286.1093117408907	3211627	0.63	3458	358	53771	None
WM18	WM18_S13_022	92.28	5.54	d__Bacteria	p__Pseudomonadota	c__Alphaproteobacteria	o__Rhizobiales	f__Xanthobacteraceae	g__Bradyrhizobium	s__	NA	NA	NA	NA	NA	GCA_029946075.1	95	d__Bacteria;p__Pseudomonadota;c__Alphaproteobacteria;o__Rhizobiales;f__Xanthobacteraceae;g__Bradyrhizobium;s__Bradyrhizobium sp029946075	92.16	0.504	d__Bacteria;p__Pseudomonadota;c__Alphaproteobacteria;o__Rhizobiales;f__Xanthobacteraceae;g__Bradyrhizobium;s__	taxonomic classification defined by topology and ANI	classification based on placement in class-level tree	GCA_902826195.1, s__Bradyrhizobium sp902826195, 95.0, 85.4, 0.169; GCF_030413175.1, s__Bradyrhizobium sp030413175, 95.0, 84.73, 0.223; GCF_018596315.1, s__Bradyrhizobium sp018596315, 95.0, 84.73, 0.221; GCF_023101085.1, s__Bradyrhizobium sp023101085, 95.0, 84.72, 0.214; GCF_018130385.1, s__Bradyrhizobium sp018130385, 95.0, 84.5, 0.211; GCA_023387735.1, s__Bradyrhizobium sp023387735, 95.0, 84.44, 0.207; GCF_003062295.1, s__Bradyrhizobium algeriense, 95.0, 84.43, 0.216; GCF_023073415.1, s__Bradyrhizobium sp023073415, 95.0, 84.4, 0.211; GCF_023100945.1, s__Bradyrhizobium sp023100945, 95.0, 84.39, 0.203; GCF_001440395.1, s__Bradyrhizobium jicamae, 95.0, 84.35, 0.199; GCF_001693515.2, s__Bradyrhizobium paxllaeri, 95.0, 84.25, 0.207; GCF_900103365.1, s__Bradyrhizobium sp900103365, 95.0, 84.25, 0.173; GCF_009930815.1, s__Bradyrhizobium sp009930815, 95.0, 84.24, 0.207; GCF_900099825.1, s__Bradyrhizobium ottawaense_A, 95.0, 84.24, 0.18; GCF_001440475.1, s__Bradyrhizobium lablabi, 95.0, 84.23, 0.206; GCA_023422775.1, s__Bradyrhizobium sp023422775, 95.0, 84.23, 0.19; GCF_005937885.2, s__Bradyrhizobium sp005937885, 95.0, 83.94, 0.172; GCF_029051645.1, s__Bradyrhizobium sp029051645, 95.0, 83.9, 0.189; GCF_001693485.1, s__Bradyrhizobium sp001693485, 95.0, 83.8, 0.175; GCF_018130065.1, s__Bradyrhizobium sp018130065, 95.0, 83.7, 0.169; GCF_001693385.1, s__Bradyrhizobium icense, 95.0, 83.69, 0.186; GCF_018398875.1, s__Bradyrhizobium sp018398875, 95.0, 83.67, 0.163; GCF_029714305.1, s__Bradyrhizobium sp029714305, 95.0, 83.66, 0.174; GCF_001440405.1, s__Bradyrhizobium valentinum, 95.0, 83.66, 0.172; GCF_018131075.1, s__Bradyrhizobium sp018131075, 95.0, 83.66, 0.163; GCA_017305715.1, s__Bradyrhizobium sp017305715, 95.0, 83.58, 0.163; GCF_018130145.1, s__Bradyrhizobium sp018130145, 95.0, 83.58, 0.162; GCF_013114825.1, s__Bradyrhizobium australiense, 95.0, 83.54, 0.163; GCF_000472965.1, s__Bradyrhizobium murdochi, 95.0, 83.53, 0.177; GCF_013114835.1, s__Bradyrhizobium archetypum, 95.0, 83.53, 0.171; GCF_018130165.1, s__Bradyrhizobium sp018130165, 95.0, 83.52, 0.16; GCF_018398895.1, s__Bradyrhizobium sp018398895, 95.0, 83.46, 0.163; GCF_022844465.1, s__Bradyrhizobium sp022844465, 95.0, 83.44, 0.178; GCF_001440415.1, s__Bradyrhizobium retamae, 95.0, 83.43, 0.167; GCF_018131065.1, s__Bradyrhizobium sp018131065, 95.0, 83.43, 0.166; GCF_020329435.1, s__Bradyrhizobium hereditatis, 95.0, 83.38, 0.158	81.69	11	0.99592	Genome not assigned to closest species as it falls outside its pre-defined ANI radius	Neural Network (Specific Model)	11	0.869	40054	296.8014358255997	5845709	0.63	5711	269	160085	None
WM18	WM18_S13_023	99.99	11.6	d__Bacteria	p__Pseudomonadota	c__Alphaproteobacteria	o__Rhizobiales	f__Xanthobacteraceae	g__Bradyrhizobium	s__	NA	NA	NA	NA	NA	GCA_902826195.1	95	d__Bacteria;p__Pseudomonadota;c__Alphaproteobacteria;o__Rhizobiales;f__Xanthobacteraceae;g__Bradyrhizobium;s__Bradyrhizobium sp902826195	93.7	0.589	d__Bacteria;p__Pseudomonadota;c__Alphaproteobacteria;o__Rhizobiales;f__Xanthobacteraceae;g__Bradyrhizobium;s__	taxonomic classification defined by topology and ANI	classification based on placement in class-level tree	GCF_030413175.1, s__Bradyrhizobium sp030413175, 95.0, 90.27, 0.568; GCA_029946075.1, s__Bradyrhizobium sp029946075, 95.0, 87.0, 0.208; GCA_013822885.1, s__Bradyrhizobium sp013822885, 95.0, 86.63, 0.207; GCF_018130385.1, s__Bradyrhizobium sp018130385, 95.0, 86.46, 0.351; GCF_018596315.1, s__Bradyrhizobium sp018596315, 95.0, 86.42, 0.334; GCF_023101085.1, s__Bradyrhizobium sp023101085, 95.0, 86.27, 0.334; GCF_003062295.1, s__Bradyrhizobium algeriense, 95.0, 86.1, 0.328; GCF_023073415.1, s__Bradyrhizobium sp023073415, 95.0, 86.03, 0.326; GCF_023100945.1, s__Bradyrhizobium sp023100945, 95.0, 85.71, 0.311; GCF_001440395.1, s__Bradyrhizobium jicamae, 95.0, 85.41, 0.274; GCF_001440475.1, s__Bradyrhizobium lablabi, 95.0, 85.38, 0.286; GCF_029051645.1, s__Bradyrhizobium sp029051645, 95.0, 85.17, 0.259; GCF_001693515.2, s__Bradyrhizobium paxllaeri, 95.0, 85.14, 0.276; GCA_023422775.1, s__Bradyrhizobium sp023422775, 95.0, 85.12, 0.271; GCF_009930815.1, s__Bradyrhizobium sp009930815, 95.0, 85.06, 0.273; GCF_001440405.1, s__Bradyrhizobium valentinum, 95.0, 85.03, 0.247; GCF_001693485.1, s__Bradyrhizobium sp001693485, 95.0, 84.81, 0.245; GCF_029714305.1, s__Bradyrhizobium sp029714305, 95.0, 84.77, 0.255; GCF_001693385.1, s__Bradyrhizobium icense, 95.0, 84.73, 0.246; GCA_023387735.1, s__Bradyrhizobium sp023387735, 95.0, 84.62, 0.287; GCF_013114825.1, s__Bradyrhizobium australiense, 95.0, 84.61, 0.24; GCF_001440415.1, s__Bradyrhizobium retamae, 95.0, 84.57, 0.228; GCF_000472965.1, s__Bradyrhizobium murdochi, 95.0, 84.53, 0.233; GCF_018398875.1, s__Bradyrhizobium sp018398875, 95.0, 84.46, 0.23; GCF_013114835.1, s__Bradyrhizobium archetypum, 95.0, 84.43, 0.236; GCF_018398895.1, s__Bradyrhizobium sp018398895, 95.0, 84.43, 0.23; GCF_020329435.1, s__Bradyrhizobium hereditatis, 95.0, 83.93, 0.212; GCF_005937885.2, s__Bradyrhizobium sp005937885, 95.0, 83.57, 0.164; GCF_018131075.1, s__Bradyrhizobium sp018131075, 95.0, 83.39, 0.154; GCF_900099825.1, s__Bradyrhizobium ottawaense_A, 95.0, 83.37, 0.158; GCF_900103365.1, s__Bradyrhizobium sp900103365, 95.0, 83.3, 0.156; GCF_018131065.1, s__Bradyrhizobium sp018131065, 95.0, 83.3, 0.152; GCF_018130145.1, s__Bradyrhizobium sp018130145, 95.0, 83.26, 0.154; GCF_018130165.1, s__Bradyrhizobium sp018130165, 95.0, 83.22, 0.153; GCA_017305715.1, s__Bradyrhizobium sp017305715, 95.0, 83.2, 0.153; GCF_018130065.1, s__Bradyrhizobium sp018130065, 95.0, 83.1, 0.15; GCF_022844465.1, s__Bradyrhizobium sp022844465, 95.0, 82.93, 0.207	76.31	11	0.99588	Genome not assigned to closest species as it falls outside its pre-defined ANI radius;Genome has more than 15.8% of markers with multiple hits	Neural Network (Specific Model)	11	0.867	66297	301.29490392648285	7474646	0.63	7182	179	230753	None
WM18	WM18_S13_024	91.88	9.37	d__Bacteria	p__Pseudomonadota	c__Alphaproteobacteria	o__Rhizobiales	f__Xanthobacteraceae	g__Afipia	s__Afipia broomeae	GCF_000314675.2	95	d__Bacteria;p__Pseudomonadota;c__Alphaproteobacteria;o__Rhizobiales;f__Xanthobacteraceae;g__Afipia;s__Afipia broomeae	97.65	0.812	GCF_000314675.2	95	d__Bacteria;p__Pseudomonadota;c__Alphaproteobacteria;o__Rhizobiales;f__Xanthobacteraceae;g__Afipia;s__Afipia broomeae	97.65	0.812	d__Bacteria;p__Pseudomonadota;c__Alphaproteobacteria;o__Rhizobiales;f__Xanthobacteraceae;g__Afipia;s__	taxonomic classification defined by topology and ANI	topological placement and ANI have congruent species assignments	GCF_000497575.1, s__Afipia sp000497575, 95.0, 90.33, 0.544; GCA_017474385.1, s__Afipia sp017474385, 95.0, 89.16, 0.441; GCF_000308295.2, s__Afipia birgiae, 95.0, 85.67, 0.265; GCF_014203115.1, s__Afipia massiliensis, 95.0, 85.64, 0.271; GCF_001006325.2, s__Afipia massiliensis_A, 95.0, 85.45, 0.299; GCA_030652315.1, s__Afipia sp030652315, 95.0, 85.01, 0.255; GCF_000336555.1, s__Afipia clevelandensis, 95.0, 84.75, 0.245; GCA_024707075.1, s__Afipia sp024707075, 95.0, 84.61, 0.188; GCA_024508675.1, s__Afipia sp024508675, 95.0, 84.41, 0.232; GCF_021502575.1, s__Afipia sp021502575, 95.0, 83.83, 0.181; GCA_017308595.1, s__Afipia sp017308595, 95.0, 83.7, 0.188; GCA_017308575.1, s__Afipia sp001897905, 95.0, 83.18, 0.152	75.59	11	NA	Genome has more than 14.2% of markers with multiple hits	Neural Network (Specific Model)	11	0.881	20914	287.7542173401334	4989144	0.62	5098	356	129146	None
WM18	WM18_S13_025	87.97	1.7	d__Bacteria	p__Bacteroidota	c__Bacteroidia	o__Cytophagales	f__Cyclobacteriaceae	g__Chryseotalea	s__	NA	NA	NA	NA	NA	NA	NA	NA	NA	NA	d__Bacteria;p__Bacteroidota;c__Bacteroidia;o__Cytophagales;f__Cyclobacteriaceae;g__Chryseotalea;s__	taxonomic classification fully defined by topology	classification based on placement in class-level tree	NA	79.11	11	0.95038	NA	Gradient Boost (General Model)	11	0.89	9396	327.5913654618474	5487758	0.41	4980	735	45124	None
WM18	WM18_S13_026	81.6	4.07	d__Bacteria	p__Pseudomonadota	c__Gammaproteobacteria	o__Pseudomonadales	f__Porticoccaceae	g__JAGPUQ01	s__JAGPUQ01 sp016191205	GCA_016191205.1	95	d__Bacteria;p__Pseudomonadota;c__Gammaproteobacteria;o__Pseudomonadales;f__Porticoccaceae;g__JAGPUQ01;s__JAGPUQ01 sp016191205	96.83	0.644	GCA_016191205.1	95	d__Bacteria;p__Pseudomonadota;c__Gammaproteobacteria;o__Pseudomonadales;f__Porticoccaceae;g__JAGPUQ01;s__JAGPUQ01 sp016191205	96.83	0.644	d__Bacteria;p__Pseudomonadota;c__Gammaproteobacteria;o__Pseudomonadales;f__Porticoccaceae;g__JAGPUQ01;s__	taxonomic classification defined by topology and ANI	topological placement and ANI have congruent species assignments	GCA_016708925.1, s__JAGPUQ01 sp016708925, 95.0, 91.26, 0.558	76.9	11	NA	NA	Gradient Boost (General Model)	11	0.895	6693	273.541921554516	2544085	0.63	2779	412	30727	None
WM18	WM18_S13_027	80.86	2.37	d__Bacteria	p__Pseudomonadota	c__Alphaproteobacteria	o__Rhizobiales	f__Devosiaceae	g__Devosia_A	s__	NA	NA	NA	NA	NA	NA	NA	NA	NA	NA	d__Bacteria;p__Pseudomonadota;c__Alphaproteobacteria;o__Rhizobiales;f__Devosiaceae;g__Devosia_A;s__	taxonomic classification fully defined by topology	classification based on placement in class-level tree	NA	75.21	11	0.98509	NA	Gradient Boost (General Model)	11	0.897	7764	266.4372768995411	3487694	0.65	3922	510	45761	None
WM18	WM18_S13_028	84.94	1.8	d__Bacteria	p__Bacteroidota	c__Bacteroidia	o__Chitinophagales	f__Chitinophagaceae	g__JJ008	s__JJ008 sp016786805	GCA_016786805.1	95	d__Bacteria;p__Bacteroidota;c__Bacteroidia;o__Chitinophagales;f__Chitinophagaceae;g__JJ008;s__JJ008 sp016786805	98.78	0.783	GCA_016786805.1	95	d__Bacteria;p__Bacteroidota;c__Bacteroidia;o__Chitinophagales;f__Chitinophagaceae;g__JJ008;s__JJ008 sp016786805	98.78	0.783	d__Bacteria;p__Bacteroidota;c__Bacteroidia;o__Chitinophagales;f__Chitinophagaceae;g__JJ008;s__	taxonomic classification defined by topology and ANI	topological placement and ANI have congruent species assignments	GCA_017303455.1, s__JJ008 sp017303455, 95.0, 91.27, 0.613; GCA_902826165.1, s__JJ008 sp902826165, 95.0, 90.68, 0.618; GCA_002400415.1, s__JJ008 sp002400415, 95.0, 86.63, 0.316	75.69	11	NA	NA	Gradient Boost (General Model)	11	0.92	9109	304.0431317393343	4222191	0.43	4266	565	47308	None
WM18	WM18_S13_029	75.94	0.74	d__Bacteria	p__Pseudomonadota	c__Alphaproteobacteria	o__Caulobacterales	f__Caulobacteraceae	g__Brevundimonas	s__	NA	NA	NA	NA	NA	GCA_030693575.1	95	d__Bacteria;p__Pseudomonadota;c__Alphaproteobacteria;o__Caulobacterales;f__Caulobacteraceae;g__Brevundimonas;s__Brevundimonas sp030693575	92.54	0.516	d__Bacteria;p__Pseudomonadota;c__Alphaproteobacteria;o__Caulobacterales;f__Caulobacteraceae;g__Brevundimonas;s__	taxonomic classification defined by topology and ANI	classification based on placement in class-level tree	GCA_030285985.1, s__Brevundimonas sp030285985, 95.0, 91.45, 0.567; GCF_030160755.1, s__Brevundimonas denitrificans, 95.0, 90.97, 0.432; GCA_006515835.1, s__Brevundimonas sp006515835, 95.0, 90.57, 0.347; GCF_937982535.1, s__Brevundimonas sp002343425, 95.0, 89.95, 0.431; GCF_004296955.1, s__Brevundimonas sp004296955, 95.0, 89.58, 0.358; GCF_002483305.1, s__Brevundimonas sp002483305, 95.0, 89.52, 0.332; GCA_018826515.1, s__Brevundimonas sp018826515, 95.0, 89.51, 0.333; GCF_027487935.1, s__Brevundimonas sp027487935, 95.0, 89.4, 0.247; GCF_030682035.1, s__Brevundimonas sp030682035, 95.0, 89.04, 0.27; GCF_030704825.1, s__Brevundimonas sp030704825, 95.0, 88.95, 0.26; GCA_019746095.1, s__Brevundimonas sp019746095, 95.0, 88.72, 0.285; GCF_001427825.1, s__Brevundimonas sp001427825, 95.0, 88.57, 0.221; GCA_947501315.1, s__Brevundimonas sp947501315, 95.0, 88.43, 0.21; GCF_029946145.1, s__Brevundimonas sp029946145, 95.0, 88.2, 0.214; GCA_030856285.1, s__Brevundimonas sp030856285, 95.0, 87.84, 0.242	75.79	11	0.99697	Genome not assigned to closest species as it falls outside its pre-defined ANI radius	Neural Network (Specific Model)	11	0.9	5719	257.8205397826849	2446454	0.68	2853	468	28143	None
WM18	WM18_S13_030	88.04	5.51	d__Bacteria	p__Pseudomonadota	c__Alphaproteobacteria	o__Rhizobiales	f__Xanthobacteraceae	g__Afipia	s__	NA	NA	NA	NA	NA	NA	NA	NA	NA	NA	d__Bacteria;p__Pseudomonadota;c__Alphaproteobacteria;o__Rhizobiales;f__Xanthobacteraceae;g__Afipia;s__	taxonomic classification defined by topology and ANI	classification based on placement in class-level tree	GCA_024707075.1, s__Afipia sp024707075, 95.0, 85.87, 0.275; GCA_017474385.1, s__Afipia sp017474385, 95.0, 85.25, 0.215; GCF_000314675.2, s__Afipia broomeae, 95.0, 85.05, 0.222; GCF_021502575.1, s__Afipia sp021502575, 95.0, 84.64, 0.227; GCF_000497575.1, s__Afipia sp000497575, 95.0, 84.34, 0.196; GCA_030652315.1, s__Afipia sp030652315, 95.0, 84.19, 0.192; GCF_014203115.1, s__Afipia massiliensis, 95.0, 84.09, 0.201; GCF_001006325.2, s__Afipia massiliensis_A, 95.0, 84.02, 0.209; GCF_000308295.2, s__Afipia birgiae, 95.0, 83.69, 0.191; GCA_017308575.1, s__Afipia sp001897905, 95.0, 82.94, 0.152	74.82	11	0.98522	NA	Neural Network (Specific Model)	11	0.867	28591	285.01292246520876	4951952	0.61	5030	254	113846	None
WM18	WM18_S13_031	85.9	1.18	d__Bacteria	p__Bacteroidota	c__Bacteroidia	o__Chitinophagales	f__Chitinophagaceae	g__Sediminibacterium	s__	NA	NA	NA	NA	NA	NA	NA	NA	NA	NA	d__Bacteria;p__Bacteroidota;c__Bacteroidia;o__Chitinophagales;f__Chitinophagaceae;g__Sediminibacterium;s__	taxonomic classification fully defined by topology	classification based on placement in class-level tree	NA	74.52	11	0.96136	NA	Gradient Boost (General Model)	11	0.894	16593	328.0470179867466	3484082	0.45	3169	294	55080	None
WM18	WM18_S13_032	100	0.22	d__Bacteria	p__Patescibacteria	c__Saccharimonadia	o__Saccharimonadales	f__UBA1547	g__UBA1547	s__	NA	NA	NA	NA	NA	NA	NA	NA	NA	NA	d__Bacteria;p__Patescibacteria;c__Saccharimonadia;o__Saccharimonadales;f__UBA1547;g__UBA1547;s__	taxonomic classification fully defined by topology	classification based on placement in class-level tree	NA	73.55	11	0.96032	NA	Gradient Boost (General Model)	11	0.919	44671	294.37742303306726	841281	0.45	877	34	78434	None
WM18	WM18_S13_033	100	0.04	d__Bacteria	p__Patescibacteria	c__Paceibacteria	o__UBA9973	f__UBA2100	g__UBA10103	s__	NA	NA	NA	NA	NA	NA	NA	NA	NA	NA	d__Bacteria;p__Patescibacteria;c__Paceibacteria;o__UBA9973;f__UBA2100;g__UBA10103;s__	taxonomic classification fully defined by topology	classification based on placement in class-level tree	NA	70.55	11	0.9471	NA	Gradient Boost (General Model)	11	0.918	835446	278.495652173913	835446	0.53	920	1	835446	None
WM18	WM18_S13_034	75.74	1.17	d__Bacteria	p__Actinomycetota	c__Acidimicrobiia	o__Acidimicrobiales	f__Iamiaceae	g__JAGQSI01	s__	NA	NA	NA	NA	NA	GCA_025463265.1	95	d__Bacteria;p__Actinomycetota;c__Acidimicrobiia;o__Acidimicrobiales;f__Iamiaceae;g__JAGQSI01;s__JAGQSI01 sp025463265	87.49	0.155	d__Bacteria;p__Actinomycetota;c__Acidimicrobiia;o__Acidimicrobiales;f__Iamiaceae;g__JAGQSI01;s__	taxonomic classification defined by topology and ANI	classification based on placement in class-level tree	NA	70.17	11	0.9794	NA	Gradient Boost (General Model)	11	0.924	5088	271.87563376081124	2955585	0.7	3353	620	18508	None
WM18	WM18_S13_035	88.82	2.87	d__Bacteria	p__Verrucomicrobiota	c__Verrucomicrobiae	o__Limisphaerales	f__UBA9464	g__CAIWAH01	s__	NA	NA	NA	NA	NA	NA	NA	NA	NA	NA	d__Bacteria;p__Verrucomicrobiota;c__Verrucomicrobiae;o__Limisphaerales;f__UBA9464;g__CAIWAH01;s__	taxonomic classification fully defined by topology	classification based on placement in class-level tree	NA	71.14	11	0.96446	NA	Gradient Boost (General Model)	11	0.899	17225	335.8931409113021	6901646	0.64	6167	589	64443	None
WM18	WM18_S13_036	100	0.99	d__Bacteria	p__Patescibacteria	c__Paceibacteria	o__UBA9973	f__UBA2100	g__UBA10103	s__	NA	NA	NA	NA	NA	NA	NA	NA	NA	NA	d__Bacteria;p__Patescibacteria;c__Paceibacteria;o__UBA9973;f__UBA2100;g__UBA10103;s__	taxonomic classification fully defined by topology	classification based on placement in class-level tree	NA	68.86	11	0.98498	NA	Gradient Boost (General Model)	11	0.901	239246	295.06372132540355	1153584	0.54	1177	5	548909	None
WM18	WM18_S13_037	68.97	3.83	d__Bacteria	p__Pseudomonadota	c__Alphaproteobacteria	o__Rhizobiales	f__Devosiaceae	g__Devosia_A	s__	NA	NA	NA	NA	NA	NA	NA	NA	NA	NA	d__Bacteria;p__Pseudomonadota;c__Alphaproteobacteria;o__Rhizobiales;f__Devosiaceae;g__Devosia_A;s__	taxonomic classification defined by topology and ANI	classification based on placement in class-level tree	GCF_000970465.2, s__Devosia_A insulae, 95.0, 89.55, 0.362; GCF_001425235.1, s__Devosia_A sp001425235, 95.0, 89.5, 0.385; GCF_001899085.1, s__Devosia_A sp001899085, 95.0, 89.42, 0.3; GCA_016793415.1, s__Devosia_A sp016793415, 95.0, 88.74, 0.221; GCF_001402915.1, s__Devosia_A sp001402915, 95.0, 88.72, 0.269	63.85	11	0.99319	NA	Neural Network (Specific Model)	11	0.888	5630	254.48913515862668	3947866	0.65	4602	744	41296	None
WM18	WM18_S13_038	74.11	0.27	d__Bacteria	p__Actinomycetota	c__Actinomycetes	o__Actinomycetales	f__Microbacteriaceae	g__Rhodoglobus	s__	NA	NA	NA	NA	NA	GCA_020160915.1	95	d__Bacteria;p__Actinomycetota;c__Actinomycetes;o__Actinomycetales;f__Microbacteriaceae;g__Rhodoglobus;s__Rhodoglobus sp020160915	92.87	0.595	d__Bacteria;p__Actinomycetota;c__Actinomycetes;o__Actinomycetales;f__Microbacteriaceae;g__Rhodoglobus;s__	taxonomic classification defined by topology and ANI	classification based on placement in class-level tree	NA	63.16	11	0.99599	Genome not assigned to closest species as it falls outside its pre-defined ANI radius	Gradient Boost (General Model)	11	0.927	6825	261.3820224719101	2629559	0.67	3115	425	43307	None
WM18	WM18_S13_039	65.07	0.43	d__Bacteria	p__Bacteroidota	c__Bacteroidia	o__B-17B0	f__B-17BO	g__PALSA-968	s__	NA	NA	NA	NA	NA	NA	NA	NA	NA	NA	d__Bacteria;p__Bacteroidota;c__Bacteroidia;o__B-17B0;f__B-17BO;g__PALSA-968;s__	taxonomic classification fully defined by topology	classification based on placement in class-level tree	NA	63.87	11	0.91665	NA	Neural Network (Specific Model)	11	0.933	672199	345.6308333333333	2664310	0.42	2400	22	1007092	None
WM18	WM18_S13_040	73.51	4.49	d__Bacteria	p__Pseudomonadota	c__Alphaproteobacteria	o__Rhizobiales	f__Xanthobacteraceae	g__Afipia	s__	NA	NA	NA	NA	NA	NA	NA	NA	NA	NA	d__Bacteria;p__Pseudomonadota;c__Alphaproteobacteria;o__Rhizobiales;f__Xanthobacteraceae;g__Afipia;s__	taxonomic classification fully defined by topology	classification based on placement in class-level tree	NA	60.28	11	0.99105	NA	Neural Network (Specific Model)	11	0.892	8555	261.5178214998574	3078699	0.59	3507	425	56191	None
WM18	WM18_S13_041	59.23	0.51	d__Bacteria	p__Pseudomonadota	c__Gammaproteobacteria	o__Pseudomonadales	f__Pseudomonadaceae	g__Pseudomonas_E	s__Pseudomonas_E parakoreensis	GCF_021602155.1	95	d__Bacteria;p__Pseudomonadota;c__Gammaproteobacteria;o__Pseudomonadales;f__Pseudomonadaceae;g__Pseudomonas_E;s__Pseudomonas_E parakoreensis	96.33	0.834	NA	NA	NA	NA	NA	d__Bacteria;p__Pseudomonadota;c__Gammaproteobacteria;o__Pseudomonadales;f__Pseudomonadaceae;g__Pseudomonas_E;s__	taxonomic classification defined by topology and ANI	topological placement and ANI have incongruent species assignments	GCF_021602155.1, s__Pseudomonas_E parakoreensis, 95.0, 96.33, 0.834; GCF_004683905.1, s__Pseudomonas_E putida_A, 95.0, 93.54, 0.723; GCF_000282275.2, s__Pseudomonas_E sp000282275, 95.0, 93.42, 0.704; GCF_000631985.1, s__Pseudomonas_E sp000631985, 95.0, 93.16, 0.704; GCF_011605305.1, s__Pseudomonas_E koreensis_G, 95.0, 93.03, 0.706; GCF_000292795.1, s__Pseudomonas_E fluorescens_H, 95.0, 92.77, 0.656; GCF_003061005.1, s__Pseudomonas_E sp003061005, 95.0, 92.61, 0.604; GCF_012986595.1, s__Pseudomonas_E koreensis, 95.0, 92.57, 0.625; GCF_028830055.1, s__Pseudomonas_E serboccidentalis, 95.0, 91.96, 0.612; GCF_002878485.1, s__Pseudomonas_E sp002878485, 95.0, 91.79, 0.606; GCF_000633255.1, s__Pseudomonas_E sp000633255, 95.0, 91.55, 0.583; GCF_014268495.2, s__Pseudomonas_E monsensis, 95.0, 91.05, 0.476; GCF_025706525.1, s__Pseudomonas_E mercuritolerans, 95.24, 90.84, 0.358; GCF_016651305.1, s__Pseudomonas_E sp016651305, 95.0, 90.51, 0.446; GCF_018336155.1, s__Pseudomonas_E rustica, 95.0, 90.5, 0.378; GCF_015461835.1, s__Pseudomonas_E neuropathica, 95.0, 90.49, 0.428; GCF_011369485.1, s__Pseudomonas_E atagonensis, 95.0, 90.48, 0.427; GCF_000282515.1, s__Pseudomonas_E sp000282515, 95.0, 90.46, 0.414; GCF_030209175.1, s__Pseudomonas_E sp030209175, 95.0, 90.45, 0.412; GCF_023634765.1, s__Pseudomonas_E sp023634765, 95.0, 90.45, 0.404; GCF_001648775.1, s__Pseudomonas_E fluorescens_M, 95.0, 90.44, 0.429; GCA_900580865.1, s__Pseudomonas_E sp900580865, 95.0, 90.44, 0.421; GCF_900182985.1, s__Pseudomonas_E helmanticensis, 95.0, 90.4, 0.424; GCF_004011755.1, s__Pseudomonas_E sp004011755, 95.0, 90.4, 0.421; GCF_018326005.1, s__Pseudomonas_E sp002901475, 95.0, 90.36, 0.437; GCF_000802985.1, s__Pseudomonas_E fluorescens_BZ, 95.0, 90.34, 0.422; GCF_900187605.1, s__Pseudomonas_E sp900187605, 95.0, 90.31, 0.431; GCA_000783395.1, s__Pseudomonas_E chlororaphis_H, 95.0, 90.3, 0.428; GCF_028656995.1, s__Pseudomonas_E sp028656995, 95.0, 90.3, 0.426; GCF_022662375.1, s__Pseudomonas_E sp022662375, 95.0, 90.3, 0.422; GCF_001297015.1, s__Pseudomonas_E sp001297015, 95.0, 90.3, 0.418; GCF_029543085.1, s__Pseudomonas_E sp029543085, 95.0, 90.27, 0.44; GCF_014268445.2, s__Pseudomonas_E tensinigenes, 95.0, 90.27, 0.43; GCF_002813455.1, s__Pseudomonas_E baetica, 95.0, 90.27, 0.423; GCA_900582195.1, s__Pseudomonas_E sp900582195, 95.0, 90.27, 0.422; GCF_030687715.1, s__Pseudomonas_E sp030687715, 95.0, 90.27, 0.42; GCF_018138145.1, s__Pseudomonas_E koreensis_A, 95.0, 90.27, 0.419; GCF_014863585.1, s__Pseudomonas_E gozinkensis, 95.0, 90.27, 0.418; GCF_005938625.1, s__Pseudomonas_E fluorescens_BD, 95.0, 90.27, 0.41; GCF_016650635.1, s__Pseudomonas_E sp016650635, 95.0, 90.27, 0.408; GCF_014472415.1, s__Pseudomonas_E sp014472415, 95.0, 90.27, 0.401; GCF_003352185.1, s__Pseudomonas_E kribbensis, 95.0, 90.27, 0.399; GCF_014863605.1, s__Pseudomonas_E allokribbensis, 95.0, 90.27, 0.379; GCF_003732425.1, s__Pseudomonas_E fluorescens_BE, 95.0, 90.22, 0.438; GCF_030344995.1, s__Pseudomonas_E fluorescens_BF, 95.0, 90.22, 0.39; GCF_009764645.1, s__Pseudomonas_E sp009764645, 95.0, 90.17, 0.4; GCF_021601625.1, s__Pseudomonas_E paraglycinae, 95.0, 90.16, 0.387; GCF_025447595.1, s__Pseudomonas_E koreensis_H, 95.0, 90.15, 0.398; GCF_009834515.1, s__Pseudomonas_E sp009834515, 95.0, 90.12, 0.41; GCF_017498465.1, s__Pseudomonas_E fluorescens_CA, 95.0, 90.12, 0.404; GCF_902497745.1, s__Pseudomonas_E fluorescens_BM, 95.0, 90.07, 0.442; GCF_002113125.1, s__Pseudomonas_E sp002113125, 95.0, 90.07, 0.396; GCF_021602345.1, s__Pseudomonas_E pharyngis, 95.0, 90.07, 0.385; GCF_001594225.2, s__Pseudomonas_E glycinae, 95.0, 90.04, 0.395; GCF_012974785.1, s__Pseudomonas_E fluorescens_BT, 95.0, 90.04, 0.385; GCF_016651255.1, s__Pseudomonas_E sp016651255, 95.0, 89.98, 0.222; GCF_021018765.1, s__Pseudomonas_E fitomaticsae, 95.0, 89.96, 0.398; GCF_002112385.1, s__Pseudomonas_E sp002112385, 95.0, 89.96, 0.375; GCF_019145375.1, s__Pseudomonas_E triticicola, 96.22, 89.96, 0.341; GCF_013433315.1, s__Pseudomonas_E crudilactis, 95.0, 89.95, 0.411; GCF_017976235.1, s__Pseudomonas_E anatoliensis, 95.0, 89.92, 0.388; GCF_020544405.1, s__Pseudomonas_E sp002113045, 95.0, 89.92, 0.369; GCF_019733355.1, s__Pseudomonas_E baetica_A, 95.0, 89.92, 0.368; GCF_014268585.2, s__Pseudomonas_E iranensis, 95.0, 89.92, 0.356; GCF_900105485.1, s__Pseudomonas_E granadensis, 95.0, 89.92, 0.356; GCF_019145195.1, s__Pseudomonas_E siliginis, 95.52, 89.91, 0.334; GCF_021603585.1, s__Pseudomonas_E sputi, 95.0, 89.9, 0.376; GCF_900636825.1, s__Pseudomonas_E fluorescens_BG, 95.0, 89.88, 0.333; GCF_023375815.1, s__Pseudomonas_E sp023375815, 95.0, 89.87, 0.39; GCA_030544685.1, s__Pseudomonas_E fluorescens_AO, 95.0, 89.87, 0.354; GCF_019956575.1, s__Pseudomonas_E sp019956575, 95.0, 89.83, 0.245; GCF_009764265.1, s__Pseudomonas_E sp009764265, 95.0, 89.76, 0.255; GCF_001427125.1, s__Pseudomonas_E sp001427125, 95.0, 89.76, 0.21; GCF_902498135.1, s__Pseudomonas_E fluorescens_BH, 95.0, 89.75, 0.234; GCF_025397885.1, s__Pseudomonas_E iridis, 95.0, 89.71, 0.382; GCF_002934665.1, s__Pseudomonas_E laurylsulfatiphila, 95.0, 89.69, 0.245; GCF_002303925.1, s__Pseudomonas_E sp002303925, 95.0, 89.68, 0.226; GCF_004801935.1, s__Pseudomonas_E atacamensis, 96.51, 89.67, 0.366; GCA_902825215.1, s__Pseudomonas_E fluorescens_G, 95.0, 89.67, 0.353; GCF_024169245.1, s__Pseudomonas_E koreensis_F, 95.0, 89.67, 0.35; GCF_000282455.1, s__Pseudomonas_E sp000282455, 95.0, 89.67, 0.234; GCF_002236115.1, s__Pseudomonas_E jessenii, 95.0, 89.65, 0.241; GCF_004348895.1, s__Pseudomonas_E vancouverensis, 95.0, 89.64, 0.217; GCF_000282355.1, s__Pseudomonas_E sp000282355, 95.0, 89.6, 0.229; GCF_001945365.1, s__Pseudomonas_E reinekei, 95.0, 89.6, 0.218; GCA_021605415.1, s__Pseudomonas_E syringae_S, 95.0, 89.59, 0.267; GCF_002906155.1, s__Pseudomonas_E laurylsulfativorans, 95.0, 89.58, 0.233; GCF_020423045.1, s__Pseudomonas_E sp000282415, 95.0, 89.57, 0.257; GCF_900105805.1, s__Pseudomonas_E moraviensis_A, 95.0, 89.56, 0.341; GCF_000282335.1, s__Pseudomonas_E sp000282335, 95.0, 89.56, 0.234; GCF_001429045.1, s__Pseudomonas_E sp001429045, 95.0, 89.56, 0.229; GCF_003050925.1, s__Pseudomonas_E sp003050925, 95.0, 89.56, 0.228; GCF_002113025.1, s__Pseudomonas_E sp002113025, 95.0, 89.55, 0.22; GCF_003258965.1, s__Pseudomonas_E fluorescens_CC, 95.0, 89.52, 0.233; GCF_028682635.1, s__Pseudomonas_E putida_AE, 95.0, 89.51, 0.222; GCF_001317545.1, s__Pseudomonas_E fluorescens_CD, 95.0, 89.5, 0.219; GCF_014268505.2, s__Pseudomonas_E khorasanensis, 95.0, 89.49, 0.321; GCF_900187565.1, s__Pseudomonas_E sp900187565, 95.0, 89.48, 0.242; GCF_019145435.1, s__Pseudomonas_E ekonensis, 95.0, 89.46, 0.311; GCF_019145475.1, s__Pseudomonas_E botevensis, 95.0, 89.45, 0.388; GCF_018502625.1, s__Pseudomonas_E fluorescens_BW, 95.0, 89.44, 0.257; GCF_000967965.1, s__Pseudomonas_E fluorescens_O, 95.0, 89.44, 0.235; GCF_001679645.1, s__Pseudomonas_E bananamidigenes, 95.0, 89.42, 0.351; GCF_019145495.1, s__Pseudomonas_E azerbaijanoccidentalis, 95.0, 89.42, 0.237; GCF_019955895.1, s__Pseudomonas_E sp019955895, 95.0, 89.42, 0.232; GCF_008370045.1, s__Pseudomonas_E sp008370045, 95.0, 89.41, 0.255; GCF_000282495.1, s__Pseudomonas_E sp000282495, 95.0, 89.41, 0.228; GCF_001421885.1, s__Pseudomonas_E sp001421885, 95.0, 89.41, 0.2; GCF_002836515.1, s__Pseudomonas_E sp002836515, 95.0, 89.39, 0.321; GCF_006438915.1, s__Pseudomonas_E arsenicoxydans_A, 95.0, 89.39, 0.25; GCF_003732265.1, s__Pseudomonas_E brassicacearum_D, 95.0, 89.39, 0.249; GCF_000802965.1, s__Pseudomonas_E fluorescens_A, 95.0, 89.39, 0.233; GCF_028471945.1, s__Pseudomonas_E sp000282475, 95.0, 89.37, 0.226; GCF_028823535.1, s__Pseudomonas_E serbica, 95.0, 89.37, 0.212; GCF_014268595.2, s__Pseudomonas_E hamedanensis, 95.0, 89.36, 0.355; GCF_003732705.1, s__Pseudomonas_E frederiksbergensis_F, 95.0, 89.36, 0.246; GCF_001984065.1, s__Pseudomonas_E sp001984065, 95.0, 89.35, 0.233; GCF_012935755.1, s__Pseudomonas_E sp012935755, 95.0, 89.34, 0.27; GCF_016650815.1, s__Pseudomonas_E sp016650815, 95.0, 89.34, 0.232; GCA_023612115.1, s__Pseudomonas_E frederiksbergensis_K, 95.0, 89.34, 0.224; GCF_018449725.1, s__Pseudomonas_E sp018449725, 95.0, 89.32, 0.268; GCF_024809425.1, s__Pseudomonas_E sp024809425, 95.0, 89.32, 0.24; GCF_030687145.1, s__Pseudomonas_E frederiksbergensis_D, 95.0, 89.32, 0.236; GCF_900105495.1, s__Pseudomonas_E frederiksbergensis, 95.0, 89.32, 0.225; GCF_902498195.1, s__Pseudomonas_E fluorescens_BU, 95.0, 89.3, 0.228; GCF_020164475.1, s__Pseudomonas_E sp020164475, 95.0, 89.3, 0.216; GCF_016651105.1, s__Pseudomonas_E sp016651105, 95.0, 89.28, 0.276; GCF_002091715.1, s__Pseudomonas_E migulae, 95.0, 89.28, 0.239; GCF_001655615.1, s__Pseudomonas_E sp001655615, 95.0, 89.28, 0.231; GCF_024296925.1, s__Pseudomonas_E nunensis, 95.0, 89.27, 0.277; GCF_003228315.1, s__Pseudomonas_E putida_S, 95.0, 89.27, 0.233; GCF_900187425.1, s__Pseudomonas_E sp900187425, 95.0, 89.27, 0.228; GCF_024970185.1, s__Pseudomonas_E sp024970185, 95.0, 89.26, 0.253; GCF_002113375.1, s__Pseudomonas_E sp002113375, 95.0, 89.26, 0.22; GCF_001297125.1, s__Pseudomonas_E sp001297125, 95.0, 89.25, 0.234; GCF_008801475.1, s__Pseudomonas_E moorei, 95.0, 89.25, 0.219; GCF_026241895.1, s__Pseudomonas_E mandelii_F, 95.0, 89.25, 0.183; GCF_000968015.1, s__Pseudomonas_E fluorescens_W, 95.0, 89.23, 0.235; GCF_003732665.1, s__Pseudomonas_E frederiksbergensis_G, 95.0, 89.22, 0.262; GCF_003151075.1, s__Pseudomonas_E sp003151075, 95.0, 89.22, 0.258; GCF_019956555.1, s__Pseudomonas_E sp019956555, 95.0, 89.22, 0.228; GCF_024749285.1, s__Pseudomonas_E sp024749285, 95.0, 89.2, 0.237; GCF_000282315.2, s__Pseudomonas_E sp000282315, 95.0, 89.2, 0.232; GCF_015461845.1, s__Pseudomonas_E mucoides, 95.0, 89.19, 0.246; GCF_000282195.1, s__Pseudomonas_E sp000282195, 95.0, 89.19, 0.225; GCF_902497785.1, s__Pseudomonas_E fluorescens_BO, 95.0, 89.16, 0.227; GCF_024138395.1, s__Pseudomonas_E mandelii_E, 95.0, 89.16, 0.226; GCF_002236105.1, s__Pseudomonas_E umsongensis, 95.0, 89.16, 0.201; GCF_900187615.1, s__Pseudomonas_E sp900187615, 95.0, 89.15, 0.22; GCF_017114915.1, s__Pseudomonas_E frederiksbergensis_I, 95.0, 89.15, 0.211; GCF_024748695.1, s__Pseudomonas_E sp002000165, 95.0, 89.14, 0.23; GCF_006438925.1, s__Pseudomonas_E mandelii_C, 95.0, 89.12, 0.244; GCF_019956415.1, s__Pseudomonas_E sp019956415, 95.0, 89.12, 0.211; GCF_025466085.1, s__Pseudomonas_E sp025466085, 95.0, 89.11, 0.234; GCF_013359595.1, s__Pseudomonas_E sp013359595, 95.0, 89.11, 0.233; GCF_000282375.1, s__Pseudomonas_E sp000282375, 95.0, 89.11, 0.227; GCF_900105155.1, s__Pseudomonas_E prosekii, 95.0, 89.11, 0.225; GCF_002277815.1, s__Pseudomonas_E sp002277815, 95.0, 89.11, 0.203; GCF_014851765.1, s__Pseudomonas_E sp014851765, 95.0, 89.1, 0.207; GCF_000293885.2, s__Pseudomonas_E fluorescens_B, 95.0, 89.08, 0.248; GCF_024168645.1, s__Pseudomonas_E sp024168645, 95.0, 89.08, 0.233; GCF_000512695.2, s__Pseudomonas_E sp000512695, 95.0, 89.08, 0.218; GCF_004136015.1, s__Pseudomonas_E sp004136015, 95.0, 89.07, 0.232; GCF_024169315.1, s__Pseudomonas_E migulae_B, 95.0, 89.06, 0.256; GCF_902498065.1, s__Pseudomonas_E fluorescens_BJ, 95.0, 89.04, 0.241; GCF_024748615.1, s__Pseudomonas_E sp024748615, 95.0, 89.02, 0.203; GCF_003732275.1, s__Pseudomonas_E frederiksbergensis_H, 95.0, 89.01, 0.236; GCF_900103875.1, s__Pseudomonas_E arsenicoxydans, 95.0, 89.0, 0.235; GCF_001269805.1, s__Pseudomonas_E sp001269805, 95.0, 89.0, 0.218; GCF_902497855.1, s__Pseudomonas_E fluorescens_BI, 95.0, 89.0, 0.213; GCF_001661075.1, s__Pseudomonas_E silesiensis, 95.0, 89.0, 0.203; GCF_030053115.1, s__Pseudomonas_E sp030053115, 95.0, 88.99, 0.222; GCF_900105115.1, s__Pseudomonas_E mohnii, 95.0, 88.99, 0.217; GCF_019145235.1, s__Pseudomonas_E farris, 95.0, 88.99, 0.216; GCF_013359695.1, s__Pseudomonas_E sp013359695, 95.0, 88.97, 0.225; GCF_019200975.1, s__Pseudomonas_E sp019200975, 95.0, 88.97, 0.212; GCF_009761815.1, s__Pseudomonas_E sp009761815, 95.0, 88.96, 0.231; GCF_030687415.1, s__Pseudomonas_E sp030687415, 95.0, 88.95, 0.231; GCF_900187445.1, s__Pseudomonas_E sp900187445, 95.0, 88.95, 0.215; GCF_008369325.1, s__Pseudomonas_E sp008369325, 95.0, 88.95, 0.21; GCF_900106065.1, s__Pseudomonas_E mandelii, 95.0, 88.93, 0.247; GCF_003732225.1, s__Pseudomonas_E brassicacearum_E, 95.0, 88.92, 0.174; GCF_001042905.1, s__Pseudomonas_E lini, 95.0, 88.91, 0.228; GCF_009861505.1, s__Pseudomonas_E izuensis, 95.0, 88.91, 0.221; GCF_000282215.1, s__Pseudomonas_E sp000282215, 95.0, 88.91, 0.205; GCF_001269655.1, s__Pseudomonas_E thivervalensis, 95.0, 88.91, 0.159; GCF_029960815.1, s__Pseudomonas_E sp029960815, 95.0, 88.9, 0.2; GCF_029963765.1, s__Pseudomonas_E sp029963765, 95.0, 88.89, 0.221; GCF_004310295.1, s__Pseudomonas_E sp004310295, 95.0, 88.87, 0.238; GCF_030687875.1, s__Pseudomonas_E sp900581005, 95.0, 88.84, 0.151; GCF_006094435.1, s__Pseudomonas_E sp002029345, 95.0, 88.83, 0.209; GCF_016650695.1, s__Pseudomonas_E sp016650695, 95.0, 88.82, 0.209; GCF_017114825.1, s__Pseudomonas_E gregormendelii, 95.0, 88.81, 0.182; GCF_001307275.1, s__Pseudomonas_E fluorescens_AA, 95.0, 88.81, 0.154; GCF_000585995.1, s__Pseudomonas_E brassicacearum_A, 95.0, 88.8, 0.153; GCF_009834545.1, s__Pseudomonas_E sp900187635, 95.0, 88.8, 0.152; GCF_902497995.1, s__Pseudomonas_E fluorescens_BK, 95.0, 88.77, 0.2; GCF_008801605.1, s__Pseudomonas_E brassicacearum, 95.0, 88.76, 0.162; GCF_001269885.1, s__Pseudomonas_E kilonensis, 95.0, 88.75, 0.161; GCF_002286815.1, s__Pseudomonas_E sp002286815, 95.0, 88.73, 0.203; GCF_014236655.1, s__Pseudomonas_E kielensis, 95.0, 88.72, 0.154; GCF_023072615.1, s__Pseudomonas_E sp023072615, 95.0, 88.71, 0.165; GCF_010095445.2, s__Pseudomonas_E sp010095445, 95.0, 88.7, 0.189; GCF_000217955.3, s__Pseudomonas_E fluorescens_AQ, 95.0, 88.68, 0.165; GCF_030812475.1, s__Pseudomonas_E lini_A, 95.0, 88.66, 0.188; GCF_001307155.1, s__Pseudomonas_E fluorescens_E, 95.0, 88.66, 0.173; GCF_902497625.1, s__Pseudomonas_E fluorescens_BQ, 95.0, 88.65, 0.161; GCF_900187505.1, s__Pseudomonas_E sp900187505, 95.0, 88.6, 0.156; GCF_001623525.1, s__Pseudomonas_E fluorescens_Q, 95.0, 88.6, 0.155; GCF_025465945.1, s__Pseudomonas_E sp025465945, 95.0, 88.59, 0.176; GCF_003732175.1, s__Pseudomonas_E brassicacearum_G, 95.0, 88.58, 0.174; GCF_918698105.1, s__Pseudomonas_E brassicacearum_F, 95.0, 88.57, 0.154; GCF_013347965.1, s__Pseudomonas_E bijieensis, 95.0, 88.53, 0.159; GCF_000690905.1, s__Pseudomonas_E sp000690905, 95.0, 88.51, 0.178; GCF_003945765.1, s__Pseudomonas_E chlororaphis, 95.0, 88.49, 0.168; GCF_001874645.1, s__Pseudomonas_E frederiksbergensis_B, 95.0, 88.44, 0.166; GCF_013466605.1, s__Pseudomonas_E chlororaphis_I, 95.0, 88.41, 0.167; GCF_003850345.1, s__Pseudomonas_E piscium, 95.0, 88.38, 0.171; GCF_900107395.1, s__Pseudomonas_E sp900107395, 95.0, 88.37, 0.161; GCF_007713465.1, s__Pseudomonas_E sp007713465, 95.0, 88.34, 0.166; GCF_002251635.1, s__Pseudomonas_E mandelii_B, 95.0, 88.33, 0.192; GCF_000931465.1, s__Pseudomonas_E sp000931465, 95.0, 88.33, 0.168; GCF_009601685.2, s__Pseudomonas_E kilonensis_B, 95.0, 88.3, 0.152; GCF_900109995.1, s__Pseudomonas_E sp900109995, 95.0, 88.3, 0.151; GCF_004786035.1, s__Pseudomonas_E viciae, 95.0, 88.13, 0.157; GCF_001921865.1, s__Pseudomonas_E chlororaphis_D, 95.0, 88.11, 0.165; GCF_013407925.2, s__Pseudomonas_E fluorescens_AP, 95.0, 87.88, 0.152	58.47	11	NA	NA	Neural Network (Specific Model)	11	0.878	4542	267.8935441370224	3465944	0.6	3795	773	22076	None
WM18	WM18_S13_042	69.68	0.08	d__Bacteria	p__Spirochaetota	c__Leptospirae	o__Leptospirales	f__Leptospiraceae	g__Leptospira_A	s__	NA	NA	NA	NA	NA	GCF_016918735.1	95	d__Bacteria;p__Spirochaetota;c__Leptospirae;o__Leptospirales;f__Leptospiraceae;g__Leptospira_A;s__Leptospira_A abararensis	91.12	0.568	d__Bacteria;p__Spirochaetota;c__Leptospirae;o__Leptospirales;f__Leptospiraceae;g__Leptospira_A;s__	taxonomic classification defined by topology and ANI	classification based on placement in class-level tree	GCF_000332455.1, s__Leptospira_A vanthielii, 95.0, 91.23, 0.561; GCF_000332515.2, s__Leptospira_A wolbachii, 95.0, 89.94, 0.468; GCF_000332495.1, s__Leptospira_A terpstrae, 95.0, 89.09, 0.404; GCF_016919165.1, s__Leptospira_A chreensis, 95.0, 88.49, 0.346; GCF_004769575.1, s__Leptospira_A perdikensis, 95.0, 87.76, 0.271; GCF_004770265.1, s__Leptospira_A congkakensis, 95.0, 87.47, 0.233; GCF_004769235.1, s__Leptospira_A kanakyensis, 95.0, 87.41, 0.225; GCF_002812125.1, s__Leptospira_A brenneri, 95.0, 87.33, 0.221; GCF_002811945.1, s__Leptospira_A harrisiae, 95.0, 87.3, 0.197; GCF_004770045.1, s__Leptospira_A montravelensis, 95.0, 87.23, 0.196; GCF_004770905.1, s__Leptospira_A bandrabouensis, 95.0, 87.19, 0.214; GCF_004368965.1, s__Leptospira_A meyeri, 95.0, 87.18, 0.201; GCF_004770475.1, s__Leptospira_A mtsangambouensis, 95.0, 87.15, 0.211; GCF_004770145.1, s__Leptospira_A bourretii, 95.0, 87.1, 0.209; GCF_004770765.1, s__Leptospira_A noumeaensis, 95.0, 87.06, 0.205; GCF_026151655.1, s__Leptospira_A sp026151655, 95.0, 87.04, 0.196	53.84	11	0.99701	Genome not assigned to closest species as it falls outside its pre-defined ANI radius	Neural Network (Specific Model)	11	0.934	5294	281.6559037670149	2849828	0.39	3159	583	17998	None
WM18	WM18_S13_043	57.53	0.89	d__Bacteria	p__Actinomycetota	c__Actinomycetes	o__S36-B12	f__CAIYMF01	g__WLRQ01	s__	NA	NA	NA	NA	NA	NA	NA	NA	NA	NA	d__Bacteria;p__Actinomycetota;c__Actinomycetes;o__S36-B12;f__CAIYMF01;g__WLRQ01;s__	taxonomic classification fully defined by topology	classification based on placement in class-level tree	NA	51.72	11	0.91919	NA	Gradient Boost (General Model)	11	0.891	5165	254.2260079500284	3009040	0.71	3522	610	34248	None
WM18	WM18_S13_044	52	1.27	d__Bacteria	p__Actinomycetota	c__Thermoleophilia	o__Solirubrobacterales	f__Solirubrobacteraceae	g__Patulibacter	s__Patulibacter sp009699505	GCA_009699505.1	95	d__Bacteria;p__Actinomycetota;c__Thermoleophilia;o__Solirubrobacterales;f__Solirubrobacteraceae;g__Patulibacter;s__Patulibacter sp009699505	98.1	0.674	GCA_009699505.1	95	d__Bacteria;p__Actinomycetota;c__Thermoleophilia;o__Solirubrobacterales;f__Solirubrobacteraceae;g__Patulibacter;s__Patulibacter sp009699505	98.1	0.674	d__Bacteria;p__Actinomycetota;c__Thermoleophilia;o__Solirubrobacterales;f__Solirubrobacteraceae;g__Patulibacter;s__	taxonomic classification defined by topology and ANI	topological placement and ANI have congruent species assignments	GCF_030655195.1, s__Patulibacter sp030655195, 95.0, 91.23, 0.432; GCF_000519325.1, s__Patulibacter minatonensis, 95.0, 90.04, 0.196	47.77	11	NA	NA	Gradient Boost (General Model)	11	0.894	3947	278.0871121718377	1561634	0.73	1676	385	22800	None
WM19	WM19_S14_001	100	2.36	d__Bacteria	p__Bacteroidota	c__Bacteroidia	o__Chitinophagales	f__LD1	g__Bog-950	s__	NA	NA	NA	NA	NA	NA	NA	NA	NA	NA	d__Bacteria;p__Bacteroidota;c__Bacteroidia;o__Chitinophagales;f__LD1;g__Bog-950;s__	taxonomic classification fully defined by topology	classification based on placement in class-level tree	NA	98.67	11	0.94136	NA	Gradient Boost (General Model)	11	0.915	38107	339.48166843783207	4183210	0.4	3764	189	90519	None
WM19	WM19_S14_002	99.9	0.62	d__Bacteria	p__Bacteroidota	c__Bacteroidia	o__2-12-FULL-35-15	f__2-12-FULL-35-15	g__2-12-FULL-35-15	s__	NA	NA	NA	NA	NA	NA	NA	NA	NA	NA	d__Bacteria;p__Bacteroidota;c__Bacteroidia;o__2-12-FULL-35-15;f__2-12-FULL-35-15;g__2-12-FULL-35-15;s__	taxonomic classification fully defined by topology	classification based on placement in class-level tree	NA	97.14	11	0.93522	NA	Gradient Boost (General Model)	11	0.916	658066	379.40037157454714	5345386	0.39	4306	18	1245492	None
WM19	WM19_S14_003	99.19	1.32	d__Bacteria	p__Bacteroidota	c__Bacteroidia	o__NS11-12g	f__UKL13-3	g__UKL13-3	s__	NA	NA	NA	NA	NA	NA	NA	NA	NA	NA	d__Bacteria;p__Bacteroidota;c__Bacteroidia;o__NS11-12g;f__UKL13-3;g__UKL13-3;s__	taxonomic classification fully defined by topology	classification based on placement in class-level tree	NA	96.5	11	0.97044	NA	Neural Network (Specific Model)	11	0.916	160322	360.5431878895815	3972216	0.42	3369	56	307044	None
WM19	WM19_S14_004	98.52	3.39	d__Bacteria	p__Bacteroidota	c__Bacteroidia	o__Chitinophagales	f__LD1	g__Bog-950	s__	NA	NA	NA	NA	NA	NA	NA	NA	NA	NA	d__Bacteria;p__Bacteroidota;c__Bacteroidia;o__Chitinophagales;f__LD1;g__Bog-950;s__	taxonomic classification fully defined by topology	classification based on placement in class-level tree	NA	95.89	11	0.95399	NA	Gradient Boost (General Model)	11	0.907	29397	359.3106674984404	5705906	0.43	4809	301	127007	None
WM19	WM19_S14_005	99.95	1.87	d__Bacteria	p__Bacteroidota	c__Bacteroidia	o__Chitinophagales	f__Chitinophagaceae	g__Sediminibacterium	s__	NA	NA	NA	NA	NA	NA	NA	NA	NA	NA	d__Bacteria;p__Bacteroidota;c__Bacteroidia;o__Chitinophagales;f__Chitinophagaceae;g__Sediminibacterium;s__	taxonomic classification fully defined by topology	classification based on placement in class-level tree	NA	94.62	11	0.98379	NA	Gradient Boost (General Model)	11	0.895	161587	338.6242868785656	5560715	0.45	4908	63	339043	None
WM19	WM19_S14_006	100	0.97	d__Bacteria	p__Bacteroidota	c__Bacteroidia	o__NS11-12g	f__UBA9320	g__JABWCE01	s__	NA	NA	NA	NA	NA	NA	NA	NA	NA	NA	d__Bacteria;p__Bacteroidota;c__Bacteroidia;o__NS11-12g;f__UBA9320;g__JABWCE01;s__	taxonomic classification fully defined by topology	classification based on placement in class-level tree	NA	94.32	11	0.95257	NA	Gradient Boost (General Model)	11	0.915	62389	347.4857706396168	4035934	0.36	3549	101	277351	None
WM19	WM19_S14_007	98.8	2.36	d__Bacteria	p__Pseudomonadota	c__Gammaproteobacteria	o__Burkholderiales	f__Burkholderiaceae	g__Polaromonas	s__	NA	NA	NA	NA	NA	GCF_016185115.1	95	d__Bacteria;p__Pseudomonadota;c__Gammaproteobacteria;o__Burkholderiales;f__Burkholderiaceae;g__Polaromonas;s__Polaromonas sp016185115	88.2	0.482	d__Bacteria;p__Pseudomonadota;c__Gammaproteobacteria;o__Burkholderiales;f__Burkholderiaceae;g__Polaromonas;s__	taxonomic classification defined by topology and ANI	classification based on placement in class-level tree	NA	95.43	11	0.99297	NA	Gradient Boost (General Model)	11	0.909	67918	311.61208198489754	4758977	0.6	4635	104	325760	None
WM19	WM19_S14_008	97.24	1.45	d__Bacteria	p__Bacteroidota	c__Kapaibacteriia	o__Kapaibacteriales	f__Kapaibacteriaceae	g__Kapaibacterium	s__	NA	NA	NA	NA	NA	GCA_018266735.1	95	d__Bacteria;p__Bacteroidota;c__Kapaibacteriia;o__Kapaibacteriales;f__Kapaibacteriaceae;g__Kapaibacterium;s__Kapaibacterium sp018266735	89.35	0.607	d__Bacteria;p__Bacteroidota;c__Kapaibacteriia;o__Kapaibacteriales;f__Kapaibacteriaceae;g__Kapaibacterium;s__	taxonomic classification defined by topology and ANI	classification based on placement in class-level tree	NA	93.11	11	0.99421	Genome not assigned to closest species as it falls outside its pre-defined ANI radius	Gradient Boost (General Model)	11	0.951	32287	362.2961373390558	3453991	0.56	3029	164	103021	None
WM19	WM19_S14_009	100	3.5	d__Bacteria	p__Pseudomonadota	c__Alphaproteobacteria	o__Sphingomonadales	f__Sphingomonadaceae	g__Novosphingobium	s__	NA	NA	NA	NA	NA	GCF_025938155.1	95	d__Bacteria;p__Pseudomonadota;c__Alphaproteobacteria;o__Sphingomonadales;f__Sphingomonadaceae;g__Novosphingobium;s__Novosphingobium sp025938155	83.7	0.175	d__Bacteria;p__Pseudomonadota;c__Alphaproteobacteria;o__Sphingomonadales;f__Sphingomonadaceae;g__Novosphingobium;s__	taxonomic classification defined by topology and ANI	classification based on placement in class-level tree	GCF_020179425.1, s__Novosphingobium percolationis, 95.0, 83.79, 0.183	92.17	11	0.9877	NA	Neural Network (Specific Model)	11	0.909	103342	321.5204133064516	4200985	0.64	3968	71	390207	None
WM19	WM19_S14_010	94.85	1.07	d__Bacteria	p__Bacteroidota	c__Bacteroidia	o__Chitinophagales	f__Chitinophagaceae	g__Flavipsychrobacter	s__	NA	NA	NA	NA	NA	NA	NA	NA	NA	NA	d__Bacteria;p__Bacteroidota;c__Bacteroidia;o__Chitinophagales;f__Chitinophagaceae;g__Flavipsychrobacter;s__	taxonomic classification fully defined by topology	classification based on placement in class-level tree	NA	94.3	11	0.96802	NA	Gradient Boost (General Model)	11	0.897	39748	346.1720097280566	5228917	0.47	4523	214	123750	None
WM19	WM19_S14_011	94.96	1.14	d__Bacteria	p__Bacteroidota	c__Bacteroidia	o__B-17B0	f__B-17BO	g__PALSA-968	s__	NA	NA	NA	NA	NA	NA	NA	NA	NA	NA	d__Bacteria;p__Bacteroidota;c__Bacteroidia;o__B-17B0;f__B-17BO;g__PALSA-968;s__	taxonomic classification fully defined by topology	classification based on placement in class-level tree	NA	90.23	11	0.91968	NA	Gradient Boost (General Model)	11	0.934	22833	339.9456434852118	4091033	0.42	3753	259	77863	None
WM19	WM19_S14_012	96.39	3.63	d__Bacteria	p__Bacteroidota	c__Bacteroidia	o__Chitinophagales	f__Chitinophagaceae	g__Sediminibacterium	s__	NA	NA	NA	NA	NA	GCA_008080615.1	95	d__Bacteria;p__Bacteroidota;c__Bacteroidia;o__Chitinophagales;f__Chitinophagaceae;g__Sediminibacterium;s__Sediminibacterium sp008080615	89.89	0.58	d__Bacteria;p__Bacteroidota;c__Bacteroidia;o__Chitinophagales;f__Chitinophagaceae;g__Sediminibacterium;s__	taxonomic classification defined by topology and ANI	classification based on placement in class-level tree	NA	90.29	11	0.99057	Genome not assigned to closest species as it falls outside its pre-defined ANI radius	Gradient Boost (General Model)	11	0.932	79983	348.08581722895514	3416035	0.35	3053	73	279524	None
WM19	WM19_S14_013	97.51	2.29	d__Bacteria	p__Elusimicrobiota	c__Elusimicrobia	o__UBA1565	f__UBA9628	g__GWA2-66-18	s__	NA	NA	NA	NA	NA	GCA_016212855.1	95	d__Bacteria;p__Elusimicrobiota;c__Elusimicrobia;o__UBA1565;f__UBA9628;g__GWA2-66-18;s__GWA2-66-18 sp016212855	84.17	0.198	d__Bacteria;p__Elusimicrobiota;c__Elusimicrobia;o__UBA1565;f__UBA9628;g__GWA2-66-18;s__	taxonomic classification defined by topology and ANI	classification based on placement in class-level tree	GCA_016182905.1, s__GWA2-66-18 sp016182905, 95.0, 84.01, 0.186; GCA_016191335.1, s__GWA2-66-18 sp016191335, 95.0, 83.97, 0.184; GCA_023213235.1, s__GWA2-66-18 sp023213235, 95.0, 83.88, 0.184; GCA_030696455.1, s__GWA2-66-18 sp030696455, 95.0, 83.42, 0.157	87.75	11	0.98097	NA	Gradient Boost (General Model)	11	0.947	29834	336.08825198637913	3742213	0.67	3524	201	82078	None
WM19	WM19_S14_014	95.87	12.13	d__Bacteria	p__Pseudomonadota	c__Alphaproteobacteria	o__Rhizobiales	f__Xanthobacteraceae	g__Bradyrhizobium	s__	NA	NA	NA	NA	NA	GCA_902826195.1	95	d__Bacteria;p__Pseudomonadota;c__Alphaproteobacteria;o__Rhizobiales;f__Xanthobacteraceae;g__Bradyrhizobium;s__Bradyrhizobium sp902826195	93.7	0.58	d__Bacteria;p__Pseudomonadota;c__Alphaproteobacteria;o__Rhizobiales;f__Xanthobacteraceae;g__Bradyrhizobium;s__	taxonomic classification defined by topology and ANI	classification based on placement in class-level tree	GCF_030413175.1, s__Bradyrhizobium sp030413175, 95.0, 89.96, 0.56; GCA_029946075.1, s__Bradyrhizobium sp029946075, 95.0, 87.55, 0.212; GCA_013822885.1, s__Bradyrhizobium sp013822885, 95.0, 86.65, 0.201; GCF_018130385.1, s__Bradyrhizobium sp018130385, 95.0, 86.54, 0.347; GCF_023101085.1, s__Bradyrhizobium sp023101085, 95.0, 86.25, 0.333; GCF_018596315.1, s__Bradyrhizobium sp018596315, 95.0, 86.21, 0.327; GCF_003062295.1, s__Bradyrhizobium algeriense, 95.0, 86.01, 0.321; GCF_023073415.1, s__Bradyrhizobium sp023073415, 95.0, 85.78, 0.325; GCF_023100945.1, s__Bradyrhizobium sp023100945, 95.0, 85.65, 0.312; GCF_001440475.1, s__Bradyrhizobium lablabi, 95.0, 85.43, 0.284; GCF_001440395.1, s__Bradyrhizobium jicamae, 95.0, 85.29, 0.271; GCF_009930815.1, s__Bradyrhizobium sp009930815, 95.0, 85.18, 0.268; GCF_029051645.1, s__Bradyrhizobium sp029051645, 95.0, 85.14, 0.262; GCA_023422775.1, s__Bradyrhizobium sp023422775, 95.0, 85.13, 0.265; GCF_001693515.2, s__Bradyrhizobium paxllaeri, 95.0, 85.05, 0.281; GCF_001440405.1, s__Bradyrhizobium valentinum, 95.0, 84.89, 0.243; GCF_029714305.1, s__Bradyrhizobium sp029714305, 95.0, 84.79, 0.253; GCA_023387735.1, s__Bradyrhizobium sp023387735, 95.0, 84.6, 0.286; GCF_001440415.1, s__Bradyrhizobium retamae, 95.0, 84.57, 0.224; GCF_001693385.1, s__Bradyrhizobium icense, 95.0, 84.52, 0.25; GCF_001693485.1, s__Bradyrhizobium sp001693485, 95.0, 84.49, 0.243; GCF_013114835.1, s__Bradyrhizobium archetypum, 95.0, 84.29, 0.242; GCF_000472965.1, s__Bradyrhizobium murdochi, 95.0, 84.28, 0.239; GCF_018398895.1, s__Bradyrhizobium sp018398895, 95.0, 84.28, 0.227; GCF_018398875.1, s__Bradyrhizobium sp018398875, 95.0, 84.26, 0.227; GCF_013114825.1, s__Bradyrhizobium australiense, 95.0, 84.19, 0.238; GCF_020329435.1, s__Bradyrhizobium hereditatis, 95.0, 84.08, 0.214; GCF_005937885.2, s__Bradyrhizobium sp005937885, 95.0, 83.41, 0.162; GCF_900099825.1, s__Bradyrhizobium ottawaense_A, 95.0, 83.35, 0.165; GCF_900103365.1, s__Bradyrhizobium sp900103365, 95.0, 83.31, 0.157; GCF_018130145.1, s__Bradyrhizobium sp018130145, 95.0, 83.19, 0.157; GCF_018131065.1, s__Bradyrhizobium sp018131065, 95.0, 83.14, 0.158; GCF_018131075.1, s__Bradyrhizobium sp018131075, 95.0, 83.07, 0.163; GCA_017305715.1, s__Bradyrhizobium sp017305715, 95.0, 83.06, 0.154; GCF_018130065.1, s__Bradyrhizobium sp018130065, 95.0, 82.86, 0.159; GCF_018130165.1, s__Bradyrhizobium sp018130165, 95.0, 82.82, 0.156; GCF_022844465.1, s__Bradyrhizobium sp022844465, 95.0, 82.61, 0.198	83.14	11	0.99583	Genome not assigned to closest species as it falls outside its pre-defined ANI radius;Genome has more than 10.8% of markers with multiple hits	Neural Network (Specific Model)	11	0.87	62733	300.7365501941209	7469342	0.63	7212	180	277207	None
WM19	WM19_S14_015	99.45	7.65	d__Bacteria	p__Bacteroidota	c__Bacteroidia	o__Chitinophagales	f__Chitinophagaceae	g__Ferruginibacter	s__	NA	NA	NA	NA	NA	NA	NA	NA	NA	NA	d__Bacteria;p__Bacteroidota;c__Bacteroidia;o__Chitinophagales;f__Chitinophagaceae;g__Ferruginibacter;s__	taxonomic classification fully defined by topology	classification based on placement in class-level tree	NA	78.55	11	0.97674	Genome has more than 20.0% of markers with multiple hits	Gradient Boost (General Model)	11	0.892	427849	356.96635442554003	6272821	0.4	5231	58	1191925	None
WM19	WM19_S14_016	87.4	3.83	d__Bacteria	p__Bacteroidota	c__Bacteroidia	o__Chitinophagales	f__Chitinophagaceae	g__Sediminibacterium	s__Sediminibacterium sp017996795	GCA_017996795.1	95	d__Bacteria;p__Bacteroidota;c__Bacteroidia;o__Chitinophagales;f__Chitinophagaceae;g__Sediminibacterium;s__Sediminibacterium sp017996795	95.86	0.741	GCA_017996795.1	95	d__Bacteria;p__Bacteroidota;c__Bacteroidia;o__Chitinophagales;f__Chitinophagaceae;g__Sediminibacterium;s__Sediminibacterium sp017996795	95.86	0.741	d__Bacteria;p__Bacteroidota;c__Bacteroidia;o__Chitinophagales;f__Chitinophagaceae;g__Sediminibacterium;s__	taxonomic classification defined by topology and ANI	topological placement and ANI have congruent species assignments	GCA_002281875.1, s__Sediminibacterium sp002281875, 95.0, 89.92, 0.621; GCA_001829005.1, s__Sediminibacterium sp001829005, 95.0, 89.78, 0.645; GCF_030695065.1, s__Sediminibacterium sp030695065, 95.0, 87.71, 0.515; GCA_002281575.1, s__Sediminibacterium sp002281575, 95.0, 87.37, 0.474; GCA_002786355.1, s__Sediminibacterium sp002786355, 95.0, 85.55, 0.284	86.53	11	NA	NA	Gradient Boost (General Model)	11	0.947	16290	333.839860411012	2724635	0.37	2579	232	72943	None
WM19	WM19_S14_017	88.44	5.01	d__Bacteria	p__Pseudomonadota	c__Alphaproteobacteria	o__Rhizobiales	f__Xanthobacteraceae	g__Bradyrhizobium	s__	NA	NA	NA	NA	NA	GCA_029946075.1	95	d__Bacteria;p__Pseudomonadota;c__Alphaproteobacteria;o__Rhizobiales;f__Xanthobacteraceae;g__Bradyrhizobium;s__Bradyrhizobium sp029946075	91.99	0.471	d__Bacteria;p__Pseudomonadota;c__Alphaproteobacteria;o__Rhizobiales;f__Xanthobacteraceae;g__Bradyrhizobium;s__	taxonomic classification defined by topology and ANI	classification based on placement in class-level tree	GCA_902826195.1, s__Bradyrhizobium sp902826195, 95.0, 85.31, 0.167; GCF_030413175.1, s__Bradyrhizobium sp030413175, 95.0, 84.78, 0.217; GCF_023101085.1, s__Bradyrhizobium sp023101085, 95.0, 84.62, 0.214; GCF_023100945.1, s__Bradyrhizobium sp023100945, 95.0, 84.62, 0.197; GCF_018596315.1, s__Bradyrhizobium sp018596315, 95.0, 84.6, 0.221; GCF_003062295.1, s__Bradyrhizobium algeriense, 95.0, 84.42, 0.213; GCF_018130385.1, s__Bradyrhizobium sp018130385, 95.0, 84.39, 0.207; GCA_023422775.1, s__Bradyrhizobium sp023422775, 95.0, 84.26, 0.189; GCF_001440475.1, s__Bradyrhizobium lablabi, 95.0, 84.21, 0.2; GCA_023387735.1, s__Bradyrhizobium sp023387735, 95.0, 84.2, 0.198; GCF_001693515.2, s__Bradyrhizobium paxllaeri, 95.0, 84.17, 0.202; GCF_023073415.1, s__Bradyrhizobium sp023073415, 95.0, 84.16, 0.204; GCF_001440395.1, s__Bradyrhizobium jicamae, 95.0, 84.11, 0.198; GCF_001693385.1, s__Bradyrhizobium icense, 95.0, 83.98, 0.186; GCF_009930815.1, s__Bradyrhizobium sp009930815, 95.0, 83.96, 0.189; GCF_900099825.1, s__Bradyrhizobium ottawaense_A, 95.0, 83.96, 0.18; GCF_029051645.1, s__Bradyrhizobium sp029051645, 95.0, 83.96, 0.176; GCF_900103365.1, s__Bradyrhizobium sp900103365, 95.0, 83.89, 0.171; GCF_018131075.1, s__Bradyrhizobium sp018131075, 95.0, 83.83, 0.157; GCF_001440405.1, s__Bradyrhizobium valentinum, 95.0, 83.81, 0.171; GCF_018130065.1, s__Bradyrhizobium sp018130065, 95.0, 83.77, 0.161; GCF_001693485.1, s__Bradyrhizobium sp001693485, 95.0, 83.73, 0.172; GCF_005937885.2, s__Bradyrhizobium sp005937885, 95.0, 83.71, 0.165; GCF_029714305.1, s__Bradyrhizobium sp029714305, 95.0, 83.69, 0.172; GCF_018131065.1, s__Bradyrhizobium sp018131065, 95.0, 83.63, 0.16; GCA_017305715.1, s__Bradyrhizobium sp017305715, 95.0, 83.62, 0.159; GCF_018130145.1, s__Bradyrhizobium sp018130145, 95.0, 83.55, 0.15; GCF_018398895.1, s__Bradyrhizobium sp018398895, 95.0, 83.54, 0.165; GCF_018398875.1, s__Bradyrhizobium sp018398875, 95.0, 83.5, 0.16; GCF_018130165.1, s__Bradyrhizobium sp018130165, 95.0, 83.49, 0.153; GCF_000472965.1, s__Bradyrhizobium murdochi, 95.0, 83.46, 0.166; GCF_001440415.1, s__Bradyrhizobium retamae, 95.0, 83.36, 0.162; GCF_013114835.1, s__Bradyrhizobium archetypum, 95.0, 83.33, 0.158; GCF_022844465.1, s__Bradyrhizobium sp022844465, 95.0, 83.29, 0.171; GCF_013114825.1, s__Bradyrhizobium australiense, 95.0, 83.08, 0.162	80.1	11	0.99609	NA	Neural Network (Specific Model)	11	0.866	37777	296.0849612974567	5559746	0.63	5426	242	128026	None
WM19	WM19_S14_018	81.66	4.02	d__Bacteria	p__Gemmatimonadota	c__Gemmatimonadetes	o__Gemmatimonadales	f__Gemmatimonadaceae	g__Fen-1231	s__	NA	NA	NA	NA	NA	NA	NA	NA	NA	NA	d__Bacteria;p__Gemmatimonadota;c__Gemmatimonadetes;o__Gemmatimonadales;f__Gemmatimonadaceae;g__Fen-1231;s__	taxonomic classification fully defined by topology	classification based on placement in class-level tree	NA	77.89	11	0.90691	NA	Neural Network (Specific Model)	11	0.935	11257	313.95950985615343	3775399	0.67	3754	427	64849	None
WM19	WM19_S14_019	90.15	8.24	d__Bacteria	p__Pseudomonadota	c__Alphaproteobacteria	o__Rhizobiales	f__Xanthobacteraceae	g__Afipia	s__Afipia broomeae	GCF_000314675.2	95	d__Bacteria;p__Pseudomonadota;c__Alphaproteobacteria;o__Rhizobiales;f__Xanthobacteraceae;g__Afipia;s__Afipia broomeae	97.7	0.833	GCF_000314675.2	95	d__Bacteria;p__Pseudomonadota;c__Alphaproteobacteria;o__Rhizobiales;f__Xanthobacteraceae;g__Afipia;s__Afipia broomeae	97.7	0.833	d__Bacteria;p__Pseudomonadota;c__Alphaproteobacteria;o__Rhizobiales;f__Xanthobacteraceae;g__Afipia;s__	taxonomic classification defined by topology and ANI	topological placement and ANI have congruent species assignments	GCF_000497575.1, s__Afipia sp000497575, 95.0, 90.21, 0.556; GCA_017474385.1, s__Afipia sp017474385, 95.0, 89.32, 0.459; GCF_014203115.1, s__Afipia massiliensis, 95.0, 85.76, 0.27; GCF_000308295.2, s__Afipia birgiae, 95.0, 85.75, 0.266; GCF_001006325.2, s__Afipia massiliensis_A, 95.0, 85.43, 0.281; GCA_030652315.1, s__Afipia sp030652315, 95.0, 85.19, 0.237; GCF_000336555.1, s__Afipia clevelandensis, 95.0, 85.08, 0.255; GCA_024707075.1, s__Afipia sp024707075, 95.0, 84.74, 0.188; GCA_024508675.1, s__Afipia sp024508675, 95.0, 84.61, 0.236; GCF_021502575.1, s__Afipia sp021502575, 95.0, 83.84, 0.181; GCA_017308595.1, s__Afipia sp017308595, 95.0, 83.8, 0.171; GCA_017308575.1, s__Afipia sp001897905, 95.0, 83.25, 0.154	75.01	11	NA	Genome has more than 14.2% of markers with multiple hits	Neural Network (Specific Model)	11	0.88	20101	287.9169632265718	4955562	0.62	5058	363	122074	None
WM19	WM19_S14_020	89.69	1.33	d__Bacteria	p__Bacteroidota	c__Bacteroidia	o__Chitinophagales	f__Chitinophagaceae	g__Ferruginibacter	s__	NA	NA	NA	NA	NA	NA	NA	NA	NA	NA	d__Bacteria;p__Bacteroidota;c__Bacteroidia;o__Chitinophagales;f__Chitinophagaceae;g__Ferruginibacter;s__	taxonomic classification defined by topology and ANI	classification based on placement in class-level tree	GCA_030157685.1, s__Ferruginibacter sp030157685, 95.0, 87.96, 0.338; GCA_016715365.1, s__Ferruginibacter sp016715365, 95.0, 85.84, 0.288; GCA_016710935.1, s__Ferruginibacter sp016710935, 95.0, 83.97, 0.229	79.42	11	0.9839	NA	Gradient Boost (General Model)	11	0.889	112977	333.68967376651386	4172554	0.39	3709	106	292733	None
WM19	WM19_S14_021	81.11	2.04	d__Bacteria	p__Bacteroidota	c__Bacteroidia	o__Chitinophagales	f__Chitinophagaceae	g__JJ008	s__JJ008 sp016786805	GCA_016786805.1	95	d__Bacteria;p__Bacteroidota;c__Bacteroidia;o__Chitinophagales;f__Chitinophagaceae;g__JJ008;s__JJ008 sp016786805	98.52	0.751	GCA_016786805.1	95	d__Bacteria;p__Bacteroidota;c__Bacteroidia;o__Chitinophagales;f__Chitinophagaceae;g__JJ008;s__JJ008 sp016786805	98.52	0.751	d__Bacteria;p__Bacteroidota;c__Bacteroidia;o__Chitinophagales;f__Chitinophagaceae;g__JJ008;s__	taxonomic classification defined by topology and ANI	topological placement and ANI have congruent species assignments	GCA_017303455.1, s__JJ008 sp017303455, 95.0, 91.22, 0.619; GCA_902826165.1, s__JJ008 sp902826165, 95.0, 90.78, 0.607; GCA_002400415.1, s__JJ008 sp002400415, 95.0, 86.73, 0.314	72.97	11	NA	NA	Neural Network (Specific Model)	11	0.919	7729	296.6438123024556	3978934	0.43	4113	595	33689	None
WM19	WM19_S14_022	80.68	1.87	d__Bacteria	p__Bacteroidota	c__Bacteroidia	o__Chitinophagales	f__Chitinophagaceae	g__Sediminibacterium	s__	NA	NA	NA	NA	NA	NA	NA	NA	NA	NA	d__Bacteria;p__Bacteroidota;c__Bacteroidia;o__Chitinophagales;f__Chitinophagaceae;g__Sediminibacterium;s__	taxonomic classification defined by topology and ANI	classification based on placement in class-level tree	GCF_030695065.1, s__Sediminibacterium sp030695065, 95.0, 85.87, 0.369; GCA_017996795.1, s__Sediminibacterium sp017996795, 95.0, 85.62, 0.298; GCA_001829005.1, s__Sediminibacterium sp001829005, 95.0, 85.6, 0.406; GCA_002281575.1, s__Sediminibacterium sp002281575, 95.0, 85.5, 0.353; GCA_002281875.1, s__Sediminibacterium sp002281875, 95.0, 85.2, 0.382; GCA_002786355.1, s__Sediminibacterium sp002786355, 95.0, 83.34, 0.209	73.66	11	0.99007	NA	Gradient Boost (General Model)	11	0.942	19450	333.4104111655979	2809538	0.36	2651	219	67504	None
WM19	WM19_S14_023	74.48	2.03	d__Bacteria	p__Pseudomonadota	c__Gammaproteobacteria	o__Legionellales	f__Legionellaceae	g__2-12-FULL-37-14	s__	NA	NA	NA	NA	NA	NA	NA	NA	NA	NA	d__Bacteria;p__Pseudomonadota;c__Gammaproteobacteria;o__Legionellales;f__Legionellaceae;g__2-12-FULL-37-14;s__	taxonomic classification fully defined by topology	classification based on placement in class-level tree	NA	70.43	11	0.89436	NA	Neural Network (Specific Model)	11	0.909	5947	291.61255656108597	1696585	0.42	1768	317	20480	None
WM19	WM19_S14_024	85.12	2.76	d__Bacteria	p__Patescibacteria	c__Paceibacteria	o__UBA9973	f__UBA2100	g__UBA10103	s__	NA	NA	NA	NA	NA	NA	NA	NA	NA	NA	d__Bacteria;p__Patescibacteria;c__Paceibacteria;o__UBA9973;f__UBA2100;g__UBA10103;s__	taxonomic classification fully defined by topology	classification based on placement in class-level tree	NA	68.38	11	0.94757	NA	Gradient Boost (General Model)	11	0.904	142745	276.28597014925373	1532071	0.55	1675	53	280746	None
WM19	WM19_S14_025	99.98	0.02	d__Bacteria	p__Patescibacteria	c__Paceibacteria	o__UBA9973	f__UBA2100	g__UBA10103	s__	NA	NA	NA	NA	NA	NA	NA	NA	NA	NA	d__Bacteria;p__Patescibacteria;c__Paceibacteria;o__UBA9973;f__UBA2100;g__UBA10103;s__	taxonomic classification fully defined by topology	classification based on placement in class-level tree	NA	68.86	11	0.98498	NA	Gradient Boost (General Model)	11	0.902	205766	293.44148020654046	1132199	0.54	1162	8	343432	None
WM19	WM19_S14_026	80.92	5	d__Bacteria	p__Pseudomonadota	c__Alphaproteobacteria	o__Reyranellales	f__Reyranellaceae	g__Reyranella	s__	NA	NA	NA	NA	NA	GCA_945903635.1	95	d__Bacteria;p__Pseudomonadota;c__Alphaproteobacteria;o__Reyranellales;f__Reyranellaceae;g__Reyranella;s__Reyranella sp945903635	91.08	0.46	d__Bacteria;p__Pseudomonadota;c__Alphaproteobacteria;o__Reyranellales;f__Reyranellaceae;g__Reyranella;s__	taxonomic classification defined by topology and ANI	classification based on placement in class-level tree	GCA_947474005.1, s__Reyranella sp947474005, 95.0, 92.9, 0.54; GCA_029946105.1, s__Reyranella sp029946105, 95.0, 89.51, 0.332; GCA_030679805.1, s__Reyranella sp030679805, 95.0, 89.22, 0.31; GCA_945860205.1, s__Reyranella massiliensis_B, 95.0, 88.1, 0.235; GCF_004296935.1, s__Reyranella sp004296935, 95.0, 88.04, 0.214; GCA_945862125.1, s__Reyranella massiliensis_A, 95.0, 87.87, 0.198; GCA_010032545.1, s__Reyranella sp010032545, 95.0, 87.48, 0.2; GCA_016191685.1, s__Reyranella sp016191685, 95.0, 87.13, 0.172; GCA_001767945.1, s__Reyranella sp001767945, 95.0, 87.12, 0.181; GCA_030681635.1, s__Reyranella sp030681635, 95.0, 86.63, 0.163	64.13	11	0.99196	Genome not assigned to closest species as it falls outside its pre-defined ANI radius	Gradient Boost (General Model)	11	0.907	6129	258.9908675799087	5242514	0.65	6132	956	54756	None
WM19	WM19_S14_027	68.55	1.25	d__Bacteria	p__Pseudomonadota	c__Alphaproteobacteria	o__Caulobacterales	f__Caulobacteraceae	g__Brevundimonas	s__	NA	NA	NA	NA	NA	GCA_030693575.1	95	d__Bacteria;p__Pseudomonadota;c__Alphaproteobacteria;o__Caulobacterales;f__Caulobacteraceae;g__Brevundimonas;s__Brevundimonas sp030693575	92.43	0.522	d__Bacteria;p__Pseudomonadota;c__Alphaproteobacteria;o__Caulobacterales;f__Caulobacteraceae;g__Brevundimonas;s__	taxonomic classification defined by topology and ANI	classification based on placement in class-level tree	GCA_030285985.1, s__Brevundimonas sp030285985, 95.0, 91.45, 0.54; GCF_030160755.1, s__Brevundimonas denitrificans, 95.0, 90.79, 0.41; GCA_006515835.1, s__Brevundimonas sp006515835, 95.0, 90.49, 0.355; GCF_937982535.1, s__Brevundimonas sp002343425, 95.0, 89.95, 0.429; GCF_004296955.1, s__Brevundimonas sp004296955, 95.0, 89.74, 0.325; GCF_002483305.1, s__Brevundimonas sp002483305, 95.0, 89.52, 0.311; GCA_018826515.1, s__Brevundimonas sp018826515, 95.0, 89.43, 0.322; GCA_030856285.1, s__Brevundimonas sp030856285, 95.0, 89.01, 0.224; GCA_019746095.1, s__Brevundimonas sp019746095, 95.0, 88.92, 0.253; GCF_030682035.1, s__Brevundimonas sp030682035, 95.0, 88.87, 0.26; GCF_030704825.1, s__Brevundimonas sp030704825, 95.0, 88.8, 0.237; GCF_027487935.1, s__Brevundimonas sp027487935, 95.0, 88.66, 0.216; GCA_947501315.1, s__Brevundimonas sp947501315, 95.0, 88.17, 0.167; GCF_001427825.1, s__Brevundimonas sp001427825, 95.0, 88.11, 0.202; GCF_029946145.1, s__Brevundimonas sp029946145, 95.0, 87.92, 0.187	63.34	11	0.99769	Genome not assigned to closest species as it falls outside its pre-defined ANI radius	Neural Network (Specific Model)	11	0.9	5293	257.4977908689249	2325422	0.68	2716	464	21986	None
WM19	WM19_S14_028	79.41	2.76	d__Bacteria	p__Actinomycetota	c__Actinomycetes	o__Actinomycetales	f__Microbacteriaceae	g__Rhodoglobus	s__Rhodoglobus sp903920435	GCA_903920435.1	95	d__Bacteria;p__Actinomycetota;c__Actinomycetes;o__Actinomycetales;f__Microbacteriaceae;g__Rhodoglobus;s__Rhodoglobus sp903920435	97.87	0.844	GCA_903920435.1	95	d__Bacteria;p__Actinomycetota;c__Actinomycetes;o__Actinomycetales;f__Microbacteriaceae;g__Rhodoglobus;s__Rhodoglobus sp903920435	97.87	0.844	d__Bacteria;p__Actinomycetota;c__Actinomycetes;o__Actinomycetales;f__Microbacteriaceae;g__Rhodoglobus;s__	taxonomic classification defined by topology and ANI	topological placement and ANI have congruent species assignments	GCA_001725325.1, s__Rhodoglobus sp001725325, 95.0, 88.05, 0.306; GCA_025463515.1, s__Rhodoglobus sp025463515, 95.0, 87.12, 0.23	63.06	11	NA	NA	Gradient Boost (General Model)	11	0.935	6880	261.63216995447647	2757647	0.69	3295	450	39493	None
WM19	WM19_S14_029	81.57	5.71	d__Bacteria	p__Pseudomonadota	c__Alphaproteobacteria	o__Rhizobiales	f__Xanthobacteraceae	g__Afipia	s__	NA	NA	NA	NA	NA	NA	NA	NA	NA	NA	d__Bacteria;p__Pseudomonadota;c__Alphaproteobacteria;o__Rhizobiales;f__Xanthobacteraceae;g__Afipia;s__	taxonomic classification defined by topology and ANI	classification based on placement in class-level tree	GCA_024707075.1, s__Afipia sp024707075, 95.0, 86.37, 0.251; GCA_017474385.1, s__Afipia sp017474385, 95.0, 85.51, 0.181; GCF_000314675.2, s__Afipia broomeae, 95.0, 85.16, 0.168; GCF_021502575.1, s__Afipia sp021502575, 95.0, 85.02, 0.198; GCF_001006325.2, s__Afipia massiliensis_A, 95.0, 84.84, 0.175; GCA_030652315.1, s__Afipia sp030652315, 95.0, 84.74, 0.158; GCF_014203115.1, s__Afipia massiliensis, 95.0, 84.71, 0.163; GCF_000497575.1, s__Afipia sp000497575, 95.0, 84.47, 0.158; GCF_000308295.2, s__Afipia birgiae, 95.0, 84.1, 0.158	59.94	11	0.98561	NA	Neural Network (Specific Model)	11	0.868	15657	272.5806002782747	4731902	0.61	5031	447	93379	None
WM19	WM19_S14_030	61.85	2.58	d__Bacteria	p__Actinomycetota	c__Actinomycetes	o__S36-B12	f__CAIYMF01	g__WLRQ01	s__	NA	NA	NA	NA	NA	NA	NA	NA	NA	NA	d__Bacteria;p__Actinomycetota;c__Actinomycetes;o__S36-B12;f__CAIYMF01;g__WLRQ01;s__	taxonomic classification fully defined by topology	classification based on placement in class-level tree	NA	60.7	11	0.91795	NA	Gradient Boost (General Model)	11	0.891	5349	257.2639551192146	3083141	0.71	3565	612	23818	None
WM19	WM19_S14_031	74.83	3.09	d__Bacteria	p__Actinomycetota	c__Actinomycetes	o__Propionibacteriales	f__Nocardioidaceae	g__Nocardioides	s__	NA	NA	NA	NA	NA	NA	NA	NA	NA	NA	d__Bacteria;p__Actinomycetota;c__Actinomycetes;o__Propionibacteriales;f__Nocardioidaceae;g__Nocardioides;s__	taxonomic classification fully defined by topology	classification based on placement in class-level tree	NA	58.69	11	0.98117	NA	Neural Network (Specific Model)	11	0.909	5494	263.59278224823214	3557377	0.7	4101	682	32602	None
WM19	WM19_S14_032	68.56	2.33	d__Bacteria	p__Pseudomonadota	c__Gammaproteobacteria	o__Burkholderiales	f__Burkholderiaceae	g__LMDS01	s__	NA	NA	NA	NA	NA	GCA_025355545.1	95	d__Bacteria;p__Pseudomonadota;c__Gammaproteobacteria;o__Burkholderiales;f__Burkholderiaceae;g__LMDS01;s__LMDS01 sp025355545	89.15	0.202	d__Bacteria;p__Pseudomonadota;c__Gammaproteobacteria;o__Burkholderiales;f__Burkholderiaceae;g__LMDS01;s__	taxonomic classification defined by topology and ANI	classification based on placement in class-level tree	NA	57.91	11	0.98149	NA	Gradient Boost (General Model)	11	0.909	4089	253.84762308998305	1971351	0.68	2356	486	13064	None
WM19	WM19_S14_033	69.01	2.76	d__Bacteria	p__Bacteroidota	c__Bacteroidia	o__SXHM01	f__SXHM01	g__SXHM01	s__	NA	NA	NA	NA	NA	GCA_947478465.1	95	d__Bacteria;p__Bacteroidota;c__Bacteroidia;o__SXHM01;f__SXHM01;g__SXHM01;s__SXHM01 sp947478465	90.27	0.464	d__Bacteria;p__Bacteroidota;c__Bacteroidia;o__SXHM01;f__SXHM01;g__SXHM01;s__	taxonomic classification defined by topology and ANI	classification based on placement in class-level tree	GCA_947479755.1, s__SXHM01 sp947479755, 95.0, 87.84, 0.296; GCA_945870105.1, s__SXHM01 sp945870105, 95.0, 87.77, 0.264; GCA_945861685.1, s__SXHM01 sp945861685, 95.0, 87.72, 0.233	50.98	11	0.98484	NA	Neural Network (Specific Model)	11	0.932	6393	313.2564505978603	3198585	0.39	3178	573	27207	None
WM19	WM19_S14_034	55.37	0.57	d__Bacteria	p__Actinomycetota	c__Actinomycetes	o__Actinomycetales	f__Microbacteriaceae	g__Rhodoglobus	s__	NA	NA	NA	NA	NA	GCA_020160915.1	95	d__Bacteria;p__Actinomycetota;c__Actinomycetes;o__Actinomycetales;f__Microbacteriaceae;g__Rhodoglobus;s__Rhodoglobus sp020160915	92.8	0.558	d__Bacteria;p__Actinomycetota;c__Actinomycetes;o__Actinomycetales;f__Microbacteriaceae;g__Rhodoglobus;s__	taxonomic classification defined by topology and ANI	classification based on placement in class-level tree	NA	47.27	11	0.99795	Genome not assigned to closest species as it falls outside its pre-defined ANI radius	Gradient Boost (General Model)	11	0.925	4879	251.39115516584064	2132858	0.66	2623	453	27155	None
WM19	WM19_S14_035	43.53	2.51	d__Bacteria	p__Actinomycetota	c__Acidimicrobiia	o__Acidimicrobiales	f__Iamiaceae	g__JAGQSI01	s__	NA	NA	NA	NA	NA	NA	NA	NA	NA	NA	d__Bacteria;p__Actinomycetota;c__Acidimicrobiia;o__Acidimicrobiales;f__Iamiaceae;g__JAGQSI01;s__	taxonomic classification fully defined by topology	classification based on placement in class-level tree	NA	43.06	11	0.97862	NA	Neural Network (Specific Model)	11	0.918	4026	266.08667529107373	2012037	0.7	2319	504	11283	None
WM20	WM20_S15_001	100	2.21	d__Bacteria	p__Bacteroidota	c__Bacteroidia	o__Chitinophagales	f__LD1	g__Bog-950	s__	NA	NA	NA	NA	NA	NA	NA	NA	NA	NA	d__Bacteria;p__Bacteroidota;c__Bacteroidia;o__Chitinophagales;f__LD1;g__Bog-950;s__	taxonomic classification fully defined by topology	classification based on placement in class-level tree	NA	98.67	11	0.94136	NA	Gradient Boost (General Model)	11	0.914	76803	345.6479250334672	4231488	0.4	3735	116	207438	None
WM20	WM20_S15_002	100	1.17	d__Bacteria	p__Bacteroidota	c__Bacteroidia	o__2-12-FULL-35-15	f__2-12-FULL-35-15	g__2-12-FULL-35-15	s__	NA	NA	NA	NA	NA	NA	NA	NA	NA	NA	d__Bacteria;p__Bacteroidota;c__Bacteroidia;o__2-12-FULL-35-15;f__2-12-FULL-35-15;g__2-12-FULL-35-15;s__	taxonomic classification fully defined by topology	classification based on placement in class-level tree	NA	97.97	11	0.96546	NA	Gradient Boost (General Model)	11	0.916	437609	378.4156709558824	5388046	0.39	4352	28	1146476	None
WM20	WM20_S15_003	100	2.42	d__Bacteria	p__Bacteroidota	c__Bacteroidia	o__NS11-12g	f__SHWZ01	g__CANJUD01	s__	NA	NA	NA	NA	NA	NA	NA	NA	NA	NA	d__Bacteria;p__Bacteroidota;c__Bacteroidia;o__NS11-12g;f__SHWZ01;g__CANJUD01;s__	taxonomic novelty determined using RED	classification based on placement in class-level tree	NA	97.5	11	0.96424	NA	Gradient Boost (General Model)	11	0.896	47554	344.3295483870968	4460956	0.38	3875	127	151382	None
WM20	WM20_S15_004	99.81	2.08	d__Bacteria	p__Bacteroidota	c__Bacteroidia	o__Chitinophagales	f__Chitinophagaceae	g__Ferruginibacter	s__	NA	NA	NA	NA	NA	NA	NA	NA	NA	NA	d__Bacteria;p__Bacteroidota;c__Bacteroidia;o__Chitinophagales;f__Chitinophagaceae;g__Ferruginibacter;s__	taxonomic classification fully defined by topology	classification based on placement in class-level tree	NA	97.1	11	0.97633	NA	Gradient Boost (General Model)	11	0.892	717055	358.10480349344977	6058283	0.4	5038	59	1408395	None
WM20	WM20_S15_005	99.41	2.36	d__Bacteria	p__Bacteroidota	c__Bacteroidia	o__Chitinophagales	f__Chitinophagaceae	g__Sediminibacterium	s__	NA	NA	NA	NA	NA	NA	NA	NA	NA	NA	d__Bacteria;p__Bacteroidota;c__Bacteroidia;o__Chitinophagales;f__Chitinophagaceae;g__Sediminibacterium;s__	taxonomic classification fully defined by topology	classification based on placement in class-level tree	NA	97.02	11	0.98383	NA	Gradient Boost (General Model)	11	0.895	189829	339.95740323571573	5559404	0.45	4883	59	602207	None
WM20	WM20_S15_006	100	1.22	d__Bacteria	p__Pseudomonadota	c__Alphaproteobacteria	o__Sphingomonadales	f__Sphingomonadaceae	g__Novosphingobium	s__	NA	NA	NA	NA	NA	GCF_025938155.1	95	d__Bacteria;p__Pseudomonadota;c__Alphaproteobacteria;o__Sphingomonadales;f__Sphingomonadaceae;g__Novosphingobium;s__Novosphingobium sp025938155	83.78	0.179	d__Bacteria;p__Pseudomonadota;c__Alphaproteobacteria;o__Sphingomonadales;f__Sphingomonadaceae;g__Novosphingobium;s__	taxonomic classification defined by topology and ANI	classification based on placement in class-level tree	GCF_020179425.1, s__Novosphingobium percolationis, 95.0, 83.52, 0.186	97.16	11	0.98792	NA	Neural Network (Specific Model)	11	0.911	105809	320.03024193548384	4176479	0.64	3968	65	386992	None
WM20	WM20_S15_007	99.97	0.19	d__Bacteria	p__Bacteroidota	c__Bacteroidia	o__NS11-12g	f__UKL13-3	g__UKL13-3	s__	NA	NA	NA	NA	NA	NA	NA	NA	NA	NA	d__Bacteria;p__Bacteroidota;c__Bacteroidia;o__NS11-12g;f__UKL13-3;g__UKL13-3;s__	taxonomic classification fully defined by topology	classification based on placement in class-level tree	NA	95.71	11	0.97023	NA	Neural Network (Specific Model)	11	0.909	162597	355.5281030444965	4001007	0.42	3416	50	413487	None
WM20	WM20_S15_008	100	4.92	d__Bacteria	p__Bacteroidota	c__Bacteroidia	o__B-17B0	f__B-17BO	g__PALSA-968	s__	NA	NA	NA	NA	NA	NA	NA	NA	NA	NA	d__Bacteria;p__Bacteroidota;c__Bacteroidia;o__B-17B0;f__B-17BO;g__PALSA-968;s__	taxonomic classification fully defined by topology	classification based on placement in class-level tree	NA	96.05	11	0.91924	NA	Gradient Boost (General Model)	11	0.935	1006925	358.1891252955083	4369206	0.42	3807	56	1201091	None
WM20	WM20_S15_009	99.71	0.07	d__Bacteria	p__Bacteroidota	c__Kapaibacteriia	o__Kapaibacteriales	f__UBA2268	g__JAPLFM01	s__	NA	NA	NA	NA	NA	NA	NA	NA	NA	NA	d__Bacteria;p__Bacteroidota;c__Kapaibacteriia;o__Kapaibacteriales;f__UBA2268;g__JAPLFM01;s__	taxonomic novelty determined using RED	classification based on placement in class-level tree	NA	97.2	11	0.85952	NA	Gradient Boost (General Model)	11	0.909	119623	361.1749392572024	3428065	0.34	2881	55	418697	None
WM20	WM20_S15_010	96.34	2.92	d__Bacteria	p__Actinomycetota	c__Actinomycetes	o__S36-B12	f__CAIYMF01	g__WLRQ01	s__	NA	NA	NA	NA	NA	NA	NA	NA	NA	NA	d__Bacteria;p__Actinomycetota;c__Actinomycetes;o__S36-B12;f__CAIYMF01;g__WLRQ01;s__	taxonomic classification fully defined by topology	classification based on placement in class-level tree	NA	95.21	11	0.91646	NA	Gradient Boost (General Model)	11	0.899	32003	302.9034304511278	4294954	0.71	4256	207	118645	None
WM20	WM20_S15_011	100	0.95	d__Bacteria	p__Bacteroidota	c__Bacteroidia	o__SXHM01	f__SXHM01	g__SXHM01	s__	NA	NA	NA	NA	NA	GCA_947478465.1	95	d__Bacteria;p__Bacteroidota;c__Bacteroidia;o__SXHM01;f__SXHM01;g__SXHM01;s__SXHM01 sp947478465	90.68	0.668	d__Bacteria;p__Bacteroidota;c__Bacteroidia;o__SXHM01;f__SXHM01;g__SXHM01;s__	taxonomic classification defined by topology and ANI	classification based on placement in class-level tree	GCA_945870105.1, s__SXHM01 sp945870105, 95.0, 87.3, 0.412; GCA_945861685.1, s__SXHM01 sp945861685, 95.0, 87.24, 0.406; GCA_947479755.1, s__SXHM01 sp947479755, 95.0, 86.7, 0.435; GCA_005773695.1, s__SXHM01 sp005773695, 95.0, 86.42, 0.18; GCA_020054035.1, s__SXHM01 sp020054035, 95.0, 84.73, 0.222	94.18	11	0.98567	Genome not assigned to closest species as it falls outside its pre-defined ANI radius	Gradient Boost (General Model)	11	0.933	97758	360.949826527889	4345921	0.39	3747	93	257988	None
WM20	WM20_S15_012	97.61	0	d__Bacteria	p__Bacteroidota	c__Bacteroidia	o__Chitinophagales	f__Chitinophagaceae	g__Sediminibacterium	s__	NA	NA	NA	NA	NA	GCA_008080615.1	95	d__Bacteria;p__Bacteroidota;c__Bacteroidia;o__Chitinophagales;f__Chitinophagaceae;g__Sediminibacterium;s__Sediminibacterium sp008080615	89.8	0.561	d__Bacteria;p__Bacteroidota;c__Bacteroidia;o__Chitinophagales;f__Chitinophagaceae;g__Sediminibacterium;s__	taxonomic classification defined by topology and ANI	classification based on placement in class-level tree	NA	95.91	11	0.99044	Genome not assigned to closest species as it falls outside its pre-defined ANI radius	Gradient Boost (General Model)	11	0.932	241243	351.775880097595	3244320	0.35	2869	45	422288	None
WM20	WM20_S15_013	97.13	6.86	d__Bacteria	p__Bacteroidota	c__Bacteroidia	o__Chitinophagales	f__Chitinophagaceae	g__Sediminibacterium	s__Sediminibacterium sp017996795	GCA_017996795.1	95	d__Bacteria;p__Bacteroidota;c__Bacteroidia;o__Chitinophagales;f__Chitinophagaceae;g__Sediminibacterium;s__Sediminibacterium sp017996795	95.82	0.815	GCA_017996795.1	95	d__Bacteria;p__Bacteroidota;c__Bacteroidia;o__Chitinophagales;f__Chitinophagaceae;g__Sediminibacterium;s__Sediminibacterium sp017996795	95.82	0.815	d__Bacteria;p__Bacteroidota;c__Bacteroidia;o__Chitinophagales;f__Chitinophagaceae;g__Sediminibacterium;s__	taxonomic classification defined by topology and ANI	topological placement and ANI have congruent species assignments	GCA_001829005.1, s__Sediminibacterium sp001829005, 95.0, 90.04, 0.608; GCA_002281875.1, s__Sediminibacterium sp002281875, 95.0, 90.02, 0.619; GCF_030695065.1, s__Sediminibacterium sp030695065, 95.0, 87.52, 0.466; GCA_002281575.1, s__Sediminibacterium sp002281575, 95.0, 87.37, 0.464; GCA_002786355.1, s__Sediminibacterium sp002786355, 95.0, 84.38, 0.266	92.23	11	NA	NA	Gradient Boost (General Model)	11	0.94	61132	338.5464587394412	3319714	0.36	3078	123	241348	None
WM20	WM20_S15_014	95.93	3.2	d__Bacteria	p__Gemmatimonadota	c__Gemmatimonadetes	o__Gemmatimonadales	f__Gemmatimonadaceae	g__Gemmatimonas	s__	NA	NA	NA	NA	NA	NA	NA	NA	NA	NA	d__Bacteria;p__Gemmatimonadota;c__Gemmatimonadetes;o__Gemmatimonadales;f__Gemmatimonadaceae;g__Gemmatimonas;s__	taxonomic classification defined by topology and ANI	classification based on placement in class-level tree	GCF_013004105.1, s__Gemmatimonas groenlandica, 95.0, 88.54, 0.508; GCA_903894655.1, s__Gemmatimonas sp903894655, 95.0, 87.19, 0.218; GCA_945870175.1, s__Gemmatimonas phototrophica_A, 95.0, 87.04, 0.282; GCA_947457715.1, s__Gemmatimonas sp947457715, 95.0, 86.47, 0.202; GCA_947461225.1, s__Gemmatimonas sp947461225, 95.0, 86.17, 0.308; GCA_903900795.1, s__Gemmatimonas sp903900795, 95.0, 85.89, 0.231; GCA_002737115.1, s__Gemmatimonas sp002737115, 95.0, 85.17, 0.263; GCA_947462095.1, s__Gemmatimonas sp947462095, 95.0, 84.74, 0.253	91.86	11	0.9813	Genome not assigned to closest species as it falls outside its pre-defined ANI radius	Neural Network (Specific Model)	11	0.917	19523	325.2653343886031	5366113	0.65	5054	387	75085	None
WM20	WM20_S15_015	99.75	0.78	d__Bacteria	p__Spirochaetota	c__Leptospirae	o__Leptospirales	f__Leptospiraceae	g__Leptospira_A	s__	NA	NA	NA	NA	NA	NA	NA	NA	NA	NA	d__Bacteria;p__Spirochaetota;c__Leptospirae;o__Leptospirales;f__Leptospiraceae;g__Leptospira_A;s__	taxonomic classification defined by topology and ANI	classification based on placement in class-level tree	GCF_016918735.1, s__Leptospira_A abararensis, 95.0, 90.55, 0.655; GCF_000332455.1, s__Leptospira_A vanthielii, 95.0, 90.53, 0.645; GCF_000332515.2, s__Leptospira_A wolbachii, 95.0, 88.32, 0.561; GCF_000332495.1, s__Leptospira_A terpstrae, 95.0, 87.4, 0.526; GCF_016919165.1, s__Leptospira_A chreensis, 95.0, 86.96, 0.447; GCF_004769575.1, s__Leptospira_A perdikensis, 95.0, 85.3, 0.39; GCF_004770265.1, s__Leptospira_A congkakensis, 95.0, 85.04, 0.342; GCF_004769235.1, s__Leptospira_A kanakyensis, 95.0, 84.85, 0.319; GCF_004770145.1, s__Leptospira_A bourretii, 95.0, 84.72, 0.306; GCF_004770045.1, s__Leptospira_A montravelensis, 95.0, 84.66, 0.289; GCF_004770765.1, s__Leptospira_A noumeaensis, 95.0, 84.59, 0.302; GCF_004770905.1, s__Leptospira_A bandrabouensis, 95.0, 84.51, 0.308; GCF_004770475.1, s__Leptospira_A mtsangambouensis, 95.0, 84.51, 0.305; GCF_002812125.1, s__Leptospira_A brenneri, 95.0, 84.33, 0.294; GCF_004368965.1, s__Leptospira_A meyeri, 95.0, 84.27, 0.293; GCF_002811945.1, s__Leptospira_A harrisiae, 95.0, 84.22, 0.297; GCF_026151655.1, s__Leptospira_A sp026151655, 95.0, 84.15, 0.276	92.04	11	0.99662	Genome not assigned to closest species as it falls outside its pre-defined ANI radius	Neural Network (Specific Model)	11	0.935	51141	323.23972427878476	4049631	0.39	3917	138	155827	None
WM20	WM20_S15_016	99.57	2.14	d__Bacteria	p__Pseudomonadota	c__Alphaproteobacteria	o__Caulobacterales	f__Caulobacteraceae	g__Brevundimonas	s__	NA	NA	NA	NA	NA	GCA_030693575.1	95	d__Bacteria;p__Pseudomonadota;c__Alphaproteobacteria;o__Caulobacterales;f__Caulobacteraceae;g__Brevundimonas;s__Brevundimonas sp030693575	92.39	0.642	d__Bacteria;p__Pseudomonadota;c__Alphaproteobacteria;o__Caulobacterales;f__Caulobacteraceae;g__Brevundimonas;s__	taxonomic classification defined by topology and ANI	classification based on placement in class-level tree	GCA_030285985.1, s__Brevundimonas sp030285985, 95.0, 91.6, 0.652; GCA_006515835.1, s__Brevundimonas sp006515835, 95.0, 90.05, 0.488; GCF_030160755.1, s__Brevundimonas denitrificans, 95.0, 89.95, 0.518; GCF_937982535.1, s__Brevundimonas sp002343425, 95.0, 89.84, 0.541; GCF_002483305.1, s__Brevundimonas sp002483305, 95.0, 89.12, 0.434; GCA_030856285.1, s__Brevundimonas sp030856285, 95.0, 89.07, 0.365; GCF_004296955.1, s__Brevundimonas sp004296955, 95.0, 88.8, 0.436; GCA_018826515.1, s__Brevundimonas sp018826515, 95.0, 88.36, 0.44; GCA_947501315.1, s__Brevundimonas sp947501315, 95.0, 88.0, 0.334; GCF_030704825.1, s__Brevundimonas sp030704825, 95.0, 87.32, 0.332; GCF_030682035.1, s__Brevundimonas sp030682035, 95.0, 87.3, 0.372; GCF_027487935.1, s__Brevundimonas sp027487935, 95.0, 87.16, 0.367; GCA_019746095.1, s__Brevundimonas sp019746095, 95.0, 87.16, 0.361; GCF_001427825.1, s__Brevundimonas sp001427825, 95.0, 86.57, 0.329; GCF_031082345.1, s__Brevundimonas sp031082345, 95.0, 85.97, 0.168; GCF_029946145.1, s__Brevundimonas sp029946145, 95.0, 85.96, 0.294; GCF_937870815.1, s__Brevundimonas sp937870815, 95.0, 84.77, 0.167; GCA_016183935.1, s__Brevundimonas sp016183935, 95.0, 84.06, 0.165; GCF_014196335.1, s__Brevundimonas lenta, 95.0, 84.01, 0.154; GCF_011927945.1, s__Brevundimonas alba, 95.0, 84.0, 0.18; GCF_014202075.1, s__Brevundimonas basaltis, 95.0, 83.61, 0.152; GCA_018820665.1, s__Brevundimonas sp018820665, 95.0, 83.55, 0.155	89.26	11	0.99683	Genome not assigned to closest species as it falls outside its pre-defined ANI radius	Neural Network (Specific Model)	11	0.904	25367	294.0654627539503	3020844	0.68	3101	175	160601	None
WM20	WM20_S15_017	98.59	6.7	d__Bacteria	p__Pseudomonadota	c__Gammaproteobacteria	o__Burkholderiales	f__Burkholderiaceae	g__LMDS01	s__	NA	NA	NA	NA	NA	GCA_025355545.1	95	d__Bacteria;p__Pseudomonadota;c__Gammaproteobacteria;o__Burkholderiales;f__Burkholderiaceae;g__LMDS01;s__LMDS01 sp025355545	86.2	0.226	d__Bacteria;p__Pseudomonadota;c__Gammaproteobacteria;o__Burkholderiales;f__Burkholderiaceae;g__LMDS01;s__	taxonomic classification defined by topology and ANI	classification based on placement in class-level tree	GCF_001425865.1, s__LMDS01 sp001425865, 95.0, 85.01, 0.156	86.71	11	0.98152	Genome has more than 10.8% of markers with multiple hits	Gradient Boost (General Model)	11	0.908	24538	304.7364691989766	5106505	0.68	5081	288	237317	None
WM20	WM20_S15_018	92.4	1.89	d__Bacteria	p__Gemmatimonadota	c__Gemmatimonadetes	o__Gemmatimonadales	f__Gemmatimonadaceae	g__Fen-1231	s__	NA	NA	NA	NA	NA	NA	NA	NA	NA	NA	d__Bacteria;p__Gemmatimonadota;c__Gemmatimonadetes;o__Gemmatimonadales;f__Gemmatimonadaceae;g__Fen-1231;s__	taxonomic classification fully defined by topology	classification based on placement in class-level tree	NA	86.97	11	0.9083	NA	Gradient Boost (General Model)	11	0.937	12002	315.97975282671575	3838349	0.67	3803	424	73126	None
WM20	WM20_S15_019	93.55	3.05	d__Bacteria	p__Pseudomonadota	c__Gammaproteobacteria	o__Burkholderiales	f__Ga0077523	g__Ga0077523	s__	NA	NA	NA	NA	NA	NA	NA	NA	NA	NA	d__Bacteria;p__Pseudomonadota;c__Gammaproteobacteria;o__Burkholderiales;f__Ga0077523;g__Ga0077523;s__	taxonomic classification defined by topology and ANI	classification based on placement in class-level tree	GCA_022843925.1, s__Ga0077523 sp022843925, 95.0, 87.22, 0.32; GCA_001464895.1, s__Ga0077523 sp001464895, 95.0, 87.18, 0.321	86.28	11	0.98301	NA	Gradient Boost (General Model)	11	0.904	9847	312.21069433359935	5184709	0.67	5012	663	45986	None
WM20	WM20_S15_020	86.03	2.06	d__Bacteria	p__Pseudomonadota	c__Alphaproteobacteria	o__Caulobacterales	f__Caulobacteraceae	g__Phenylobacterium	s__	NA	NA	NA	NA	NA	GCA_963205005.1	95	d__Bacteria;p__Pseudomonadota;c__Alphaproteobacteria;o__Caulobacterales;f__Caulobacteraceae;g__Phenylobacterium;s__Phenylobacterium sp963205005	89.99	0.538	d__Bacteria;p__Pseudomonadota;c__Alphaproteobacteria;o__Caulobacterales;f__Caulobacteraceae;g__Phenylobacterium;s__	taxonomic classification defined by topology and ANI	classification based on placement in class-level tree	NA	85.28	11	0.99636	Genome not assigned to closest species as it falls outside its pre-defined ANI radius	Neural Network (Specific Model)	11	0.917	11429	292.3977767037216	3951158	0.69	4138	436	44208	None
WM20	WM20_S15_021	96.74	1.39	d__Bacteria	p__Pseudomonadota	c__Alphaproteobacteria	o__Paracaedibacterales	f__UBA11393	g__JAGOTX01	s__	NA	NA	NA	NA	NA	NA	NA	NA	NA	NA	d__Bacteria;p__Pseudomonadota;c__Alphaproteobacteria;o__Paracaedibacterales;f__UBA11393;g__JAGOTX01;s__	taxonomic novelty determined using RED	classification based on placement in class-level tree	NA	85.88	11	0.90433	NA	Gradient Boost (General Model)	11	0.875	7260	298.84159106769016	1465486	0.34	1433	233	38652	None
WM20	WM20_S15_022	98.22	3.83	d__Bacteria	p__Elusimicrobiota	c__Elusimicrobia	o__UBA1565	f__UBA9628	g__GWA2-66-18	s__	NA	NA	NA	NA	NA	GCA_016212855.1	95	d__Bacteria;p__Elusimicrobiota;c__Elusimicrobia;o__UBA1565;f__UBA9628;g__GWA2-66-18;s__GWA2-66-18 sp016212855	83.83	0.214	d__Bacteria;p__Elusimicrobiota;c__Elusimicrobia;o__UBA1565;f__UBA9628;g__GWA2-66-18;s__	taxonomic classification defined by topology and ANI	classification based on placement in class-level tree	GCA_016182905.1, s__GWA2-66-18 sp016182905, 95.0, 84.0, 0.18; GCA_016191335.1, s__GWA2-66-18 sp016191335, 95.0, 83.86, 0.192; GCA_023213235.1, s__GWA2-66-18 sp023213235, 95.0, 83.74, 0.187; GCA_030696455.1, s__GWA2-66-18 sp030696455, 95.0, 82.98, 0.157	82.03	11	0.98112	NA	Gradient Boost (General Model)	11	0.947	43192	338.9967204154141	3919665	0.67	3659	131	170650	None
WM20	WM20_S15_023	90.22	6.18	d__Bacteria	p__Bacteroidota	c__Bacteroidia	o__Chitinophagales	f__Chitinophagaceae	g__Ferruginibacter	s__	NA	NA	NA	NA	NA	NA	NA	NA	NA	NA	d__Bacteria;p__Bacteroidota;c__Bacteroidia;o__Chitinophagales;f__Chitinophagaceae;g__Ferruginibacter;s__	taxonomic classification defined by topology and ANI	classification based on placement in class-level tree	GCA_030157685.1, s__Ferruginibacter sp030157685, 95.0, 87.31, 0.31; GCA_016715365.1, s__Ferruginibacter sp016715365, 95.0, 86.29, 0.29; GCA_016710935.1, s__Ferruginibacter sp016710935, 95.0, 84.94, 0.216	80.12	11	0.98348	NA	Gradient Boost (General Model)	11	0.894	16731	316.3445105462412	3920555	0.39	3698	342	90727	None
WM20	WM20_S15_024	94.26	3.91	d__Bacteria	p__Pseudomonadota	c__Gammaproteobacteria	o__Burkholderiales	f__Burkholderiaceae	g__Paucibacter	s__	NA	NA	NA	NA	NA	GCA_018780645.1	95	d__Bacteria;p__Pseudomonadota;c__Gammaproteobacteria;o__Burkholderiales;f__Burkholderiaceae;g__Paucibacter;s__Paucibacter sp018780645	90.62	0.617	d__Bacteria;p__Pseudomonadota;c__Gammaproteobacteria;o__Burkholderiales;f__Burkholderiaceae;g__Paucibacter;s__	taxonomic classification defined by topology and ANI	classification based on placement in class-level tree	GCF_004362525.1, s__Paucibacter toxinivorans, 95.0, 90.62, 0.585	85.84	11	0.99615	Genome not assigned to closest species as it falls outside its pre-defined ANI radius	Gradient Boost (General Model)	11	0.916	32297	325.3793991416309	6198580	0.66	5825	340	100608	None
WM20	WM20_S15_025	91.86	4.25	d__Bacteria	p__Bacteroidota	c__Bacteroidia	o__Chitinophagales	f__LD1	g__Bog-950	s__	NA	NA	NA	NA	NA	NA	NA	NA	NA	NA	d__Bacteria;p__Bacteroidota;c__Bacteroidia;o__Chitinophagales;f__LD1;g__Bog-950;s__	taxonomic classification fully defined by topology	classification based on placement in class-level tree	NA	79.78	11	0.95365	NA	Gradient Boost (General Model)	11	0.91	15982	326.90555845966196	6175976	0.43	5739	524	328433	None
WM20	WM20_S15_026	91.51	5.24	d__Bacteria	p__Pseudomonadota	c__Alphaproteobacteria	o__Reyranellales	f__Reyranellaceae	g__Reyranella	s__	NA	NA	NA	NA	NA	GCA_945903635.1	95	d__Bacteria;p__Pseudomonadota;c__Alphaproteobacteria;o__Reyranellales;f__Reyranellaceae;g__Reyranella;s__Reyranella sp945903635	91.12	0.508	d__Bacteria;p__Pseudomonadota;c__Alphaproteobacteria;o__Reyranellales;f__Reyranellaceae;g__Reyranella;s__	taxonomic classification defined by topology and ANI	classification based on placement in class-level tree	GCA_947474005.1, s__Reyranella sp947474005, 95.0, 92.76, 0.641; GCA_030679805.1, s__Reyranella sp030679805, 95.0, 89.31, 0.385; GCA_029946105.1, s__Reyranella sp029946105, 95.0, 89.01, 0.424; GCA_030681635.1, s__Reyranella sp030681635, 95.0, 87.65, 0.248; GCA_945860205.1, s__Reyranella massiliensis_B, 95.0, 87.31, 0.327; GCF_004296935.1, s__Reyranella sp004296935, 95.0, 87.04, 0.305; GCA_945862125.1, s__Reyranella massiliensis_A, 95.0, 86.76, 0.292; GCA_010032545.1, s__Reyranella sp010032545, 95.0, 86.25, 0.276; GCA_030684475.1, s__Reyranella sp030684475, 95.0, 86.17, 0.204; GCA_001767945.1, s__Reyranella sp001767945, 95.0, 85.94, 0.248; GCA_016191685.1, s__Reyranella sp016191685, 95.0, 85.75, 0.237; GCA_019745575.1, s__Reyranella sp019745575, 95.0, 85.46, 0.18	79.36	11	0.99175	Genome not assigned to closest species as it falls outside its pre-defined ANI radius	Gradient Boost (General Model)	11	0.91	9866	281.4854383358098	6230263	0.65	6730	774	71532	None
WM20	WM20_S15_027	91.56	4.71	d__Bacteria	p__Bacteroidota	c__Bacteroidia	o__B-17B0	f__B-17BO	g__UBA2475	s__	NA	NA	NA	NA	NA	GCA_016787785.1	95	d__Bacteria;p__Bacteroidota;c__Bacteroidia;o__B-17B0;f__B-17BO;g__UBA2475;s__UBA2475 sp016787785	87.03	0.401	d__Bacteria;p__Bacteroidota;c__Bacteroidia;o__B-17B0;f__B-17BO;g__UBA2475;s__	taxonomic classification defined by topology and ANI	classification based on placement in class-level tree	GCA_002342065.1, s__UBA2475 sp002342065, 95.0, 89.09, 0.489; GCA_030681615.1, s__UBA2475 sp030681615, 95.0, 88.12, 0.415	76.94	11	0.99477	NA	Neural Network (Specific Model)	11	0.928	12101	331.5760500913123	4102142	0.35	3833	449	50274	None
WM20	WM20_S15_028	73.62	1.21	d__Bacteria	p__Actinomycetota	c__Thermoleophilia	o__Solirubrobacterales	f__Solirubrobacteraceae	g__Patulibacter	s__Patulibacter sp009699505	GCA_009699505.1	95	d__Bacteria;p__Actinomycetota;c__Thermoleophilia;o__Solirubrobacterales;f__Solirubrobacteraceae;g__Patulibacter;s__Patulibacter sp009699505	98.26	0.643	GCA_009699505.1	95	d__Bacteria;p__Actinomycetota;c__Thermoleophilia;o__Solirubrobacterales;f__Solirubrobacteraceae;g__Patulibacter;s__Patulibacter sp009699505	98.26	0.643	d__Bacteria;p__Actinomycetota;c__Thermoleophilia;o__Solirubrobacterales;f__Solirubrobacteraceae;g__Patulibacter;s__	taxonomic classification defined by topology and ANI	topological placement and ANI have congruent species assignments	GCF_030655195.1, s__Patulibacter sp030655195, 95.0, 89.89, 0.353	81.55	11	NA	NA	Gradient Boost (General Model)	11	0.891	5707	295.06519174041296	3362660	0.74	3390	618	57999	None
WM20	WM20_S15_029	86.09	1.3	d__Bacteria	p__Pseudomonadota	c__Gammaproteobacteria	o__Burkholderiales	f__Rhodocyclaceae	g__Rugosibacter	s__Rugosibacter sp016235025	GCA_016235025.1	95	d__Bacteria;p__Pseudomonadota;c__Gammaproteobacteria;o__Burkholderiales;f__Rhodocyclaceae;g__Rugosibacter;s__Rugosibacter sp016235025	98.99	0.813	GCA_016235025.1	95	d__Bacteria;p__Pseudomonadota;c__Gammaproteobacteria;o__Burkholderiales;f__Rhodocyclaceae;g__Rugosibacter;s__Rugosibacter sp016235025	98.99	0.813	d__Bacteria;p__Pseudomonadota;c__Gammaproteobacteria;o__Burkholderiales;f__Rhodocyclaceae;g__Rugosibacter;s__	taxonomic classification defined by topology and ANI	topological placement and ANI have congruent species assignments	NA	76.52	11	NA	NA	Gradient Boost (General Model)	11	0.92	10117	272.8898978433598	2344601	0.6	2643	295	48323	None
WM20	WM20_S15_030	100	13.26	d__Bacteria	p__Pseudomonadota	c__Alphaproteobacteria	o__Rhizobiales	f__Xanthobacteraceae	g__Bradyrhizobium	s__	NA	NA	NA	NA	NA	GCA_902826195.1	95	d__Bacteria;p__Pseudomonadota;c__Alphaproteobacteria;o__Rhizobiales;f__Xanthobacteraceae;g__Bradyrhizobium;s__Bradyrhizobium sp902826195	93.84	0.603	d__Bacteria;p__Pseudomonadota;c__Alphaproteobacteria;o__Rhizobiales;f__Xanthobacteraceae;g__Bradyrhizobium;s__	taxonomic classification defined by topology and ANI	classification based on placement in class-level tree	GCF_030413175.1, s__Bradyrhizobium sp030413175, 95.0, 90.21, 0.573; GCA_029946075.1, s__Bradyrhizobium sp029946075, 95.0, 87.35, 0.219; GCF_018130385.1, s__Bradyrhizobium sp018130385, 95.0, 86.58, 0.328; GCA_013822885.1, s__Bradyrhizobium sp013822885, 95.0, 86.49, 0.203; GCF_023101085.1, s__Bradyrhizobium sp023101085, 95.0, 86.35, 0.302; GCF_018596315.1, s__Bradyrhizobium sp018596315, 95.0, 86.33, 0.296; GCF_003062295.1, s__Bradyrhizobium algeriense, 95.0, 86.09, 0.289; GCF_023073415.1, s__Bradyrhizobium sp023073415, 95.0, 85.84, 0.289; GCF_023100945.1, s__Bradyrhizobium sp023100945, 95.0, 85.59, 0.274; GCF_001440405.1, s__Bradyrhizobium valentinum, 95.0, 85.5, 0.227; GCA_023422775.1, s__Bradyrhizobium sp023422775, 95.0, 85.38, 0.277; GCF_001440475.1, s__Bradyrhizobium lablabi, 95.0, 85.26, 0.248; GCF_029051645.1, s__Bradyrhizobium sp029051645, 95.0, 85.21, 0.234; GCF_001693515.2, s__Bradyrhizobium paxllaeri, 95.0, 85.19, 0.256; GCF_001440395.1, s__Bradyrhizobium jicamae, 95.0, 85.17, 0.242; GCF_009930815.1, s__Bradyrhizobium sp009930815, 95.0, 85.06, 0.24; GCF_029714305.1, s__Bradyrhizobium sp029714305, 95.0, 84.69, 0.237; GCF_001440415.1, s__Bradyrhizobium retamae, 95.0, 84.66, 0.206; GCA_023387735.1, s__Bradyrhizobium sp023387735, 95.0, 84.65, 0.286; GCF_001693385.1, s__Bradyrhizobium icense, 95.0, 84.62, 0.23; GCF_001693485.1, s__Bradyrhizobium sp001693485, 95.0, 84.58, 0.236; GCF_018398875.1, s__Bradyrhizobium sp018398875, 95.0, 84.46, 0.212; GCF_013114835.1, s__Bradyrhizobium archetypum, 95.0, 84.43, 0.236; GCF_000472965.1, s__Bradyrhizobium murdochi, 95.0, 84.41, 0.224; GCF_013114825.1, s__Bradyrhizobium australiense, 95.0, 84.32, 0.237; GCF_018398895.1, s__Bradyrhizobium sp018398895, 95.0, 84.27, 0.206; GCF_020329435.1, s__Bradyrhizobium hereditatis, 95.0, 83.91, 0.203; GCA_017305715.1, s__Bradyrhizobium sp017305715, 95.0, 83.22, 0.159; GCF_005937885.2, s__Bradyrhizobium sp005937885, 95.0, 83.18, 0.159; GCF_900103365.1, s__Bradyrhizobium sp900103365, 95.0, 83.03, 0.154; GCF_022844465.1, s__Bradyrhizobium sp022844465, 95.0, 82.83, 0.208; GCF_018130065.1, s__Bradyrhizobium sp018130065, 95.0, 82.76, 0.156	74.48	11	0.99586	Genome not assigned to closest species as it falls outside its pre-defined ANI radius;Genome has more than 17.5% of markers with multiple hits	Neural Network (Specific Model)	11	0.866	66675	300.21619968187935	8491238	0.63	8173	223	206488	None
WM20	WM20_S15_031	89.55	3.63	d__Bacteria	p__Pseudomonadota	c__Alphaproteobacteria	o__Rhodospirillales	f__Rhodospirillaceae	g__GCA-2737725	s__	NA	NA	NA	NA	NA	NA	NA	NA	NA	NA	d__Bacteria;p__Pseudomonadota;c__Alphaproteobacteria;o__Rhodospirillales;f__Rhodospirillaceae;g__GCA-2737725;s__	taxonomic classification fully defined by topology	classification based on placement in class-level tree	NA	78.33	11	0.967	NA	Gradient Boost (General Model)	11	0.904	10567	284.1717274815004	3689622	0.6	3919	437	63564	None
WM20	WM20_S15_032	89.54	4.66	d__Bacteria	p__Pseudomonadota	c__Alphaproteobacteria	o__Rhizobiales	f__Xanthobacteraceae	g__Bradyrhizobium	s__	NA	NA	NA	NA	NA	GCA_029946075.1	95	d__Bacteria;p__Pseudomonadota;c__Alphaproteobacteria;o__Rhizobiales;f__Xanthobacteraceae;g__Bradyrhizobium;s__Bradyrhizobium sp029946075	91.99	0.493	d__Bacteria;p__Pseudomonadota;c__Alphaproteobacteria;o__Rhizobiales;f__Xanthobacteraceae;g__Bradyrhizobium;s__	taxonomic classification defined by topology and ANI	classification based on placement in class-level tree	GCA_902826195.1, s__Bradyrhizobium sp902826195, 95.0, 84.81, 0.155; GCF_030413175.1, s__Bradyrhizobium sp030413175, 95.0, 84.59, 0.213; GCF_023101085.1, s__Bradyrhizobium sp023101085, 95.0, 84.58, 0.212; GCF_018596315.1, s__Bradyrhizobium sp018596315, 95.0, 84.31, 0.219; GCF_001440395.1, s__Bradyrhizobium jicamae, 95.0, 84.31, 0.196; GCF_018130385.1, s__Bradyrhizobium sp018130385, 95.0, 84.27, 0.214; GCF_001440475.1, s__Bradyrhizobium lablabi, 95.0, 84.26, 0.2; GCF_023100945.1, s__Bradyrhizobium sp023100945, 95.0, 84.25, 0.205; GCA_023387735.1, s__Bradyrhizobium sp023387735, 95.0, 84.25, 0.196; GCF_003062295.1, s__Bradyrhizobium algeriense, 95.0, 84.18, 0.211; GCF_023073415.1, s__Bradyrhizobium sp023073415, 95.0, 84.09, 0.203; GCF_005937885.2, s__Bradyrhizobium sp005937885, 95.0, 83.98, 0.177; GCF_001693515.2, s__Bradyrhizobium paxllaeri, 95.0, 83.97, 0.203; GCF_900099825.1, s__Bradyrhizobium ottawaense_A, 95.0, 83.93, 0.179; GCF_029051645.1, s__Bradyrhizobium sp029051645, 95.0, 83.92, 0.184; GCF_018131075.1, s__Bradyrhizobium sp018131075, 95.0, 83.91, 0.162; GCA_023422775.1, s__Bradyrhizobium sp023422775, 95.0, 83.88, 0.173; GCF_900103365.1, s__Bradyrhizobium sp900103365, 95.0, 83.83, 0.176; GCF_029714305.1, s__Bradyrhizobium sp029714305, 95.0, 83.78, 0.174; GCA_017305715.1, s__Bradyrhizobium sp017305715, 95.0, 83.76, 0.161; GCF_001693385.1, s__Bradyrhizobium icense, 95.0, 83.75, 0.189; GCF_018131065.1, s__Bradyrhizobium sp018131065, 95.0, 83.75, 0.163; GCF_001440405.1, s__Bradyrhizobium valentinum, 95.0, 83.72, 0.177; GCF_018130065.1, s__Bradyrhizobium sp018130065, 95.0, 83.72, 0.165; GCF_009930815.1, s__Bradyrhizobium sp009930815, 95.0, 83.7, 0.193; GCF_018130145.1, s__Bradyrhizobium sp018130145, 95.0, 83.7, 0.159; GCF_001693485.1, s__Bradyrhizobium sp001693485, 95.0, 83.66, 0.171; GCF_018398875.1, s__Bradyrhizobium sp018398875, 95.0, 83.62, 0.163; GCF_000472965.1, s__Bradyrhizobium murdochi, 95.0, 83.51, 0.178; GCF_018398895.1, s__Bradyrhizobium sp018398895, 95.0, 83.44, 0.16; GCF_020329435.1, s__Bradyrhizobium hereditatis, 95.0, 83.37, 0.156; GCF_013114825.1, s__Bradyrhizobium australiense, 95.0, 83.33, 0.168; GCF_018130165.1, s__Bradyrhizobium sp018130165, 95.0, 83.33, 0.156; GCF_022844465.1, s__Bradyrhizobium sp022844465, 95.0, 83.3, 0.173; GCF_001440415.1, s__Bradyrhizobium retamae, 95.0, 83.3, 0.171; GCF_013114835.1, s__Bradyrhizobium archetypum, 95.0, 83.27, 0.164	74.3	11	0.99578	Genome has more than 10.0% of markers with multiple hits	Neural Network (Specific Model)	11	0.867	40565	296.599403404106	5839115	0.63	5699	233	180674	None
WM20	WM20_S15_033	97.79	8.78	d__Bacteria	p__Pseudomonadota	c__Gammaproteobacteria	o__Burkholderiales	f__Burkholderiaceae	g__Polaromonas	s__	NA	NA	NA	NA	NA	GCF_016185115.1	95	d__Bacteria;p__Pseudomonadota;c__Gammaproteobacteria;o__Burkholderiales;f__Burkholderiaceae;g__Polaromonas;s__Polaromonas sp016185115	88.07	0.475	d__Bacteria;p__Pseudomonadota;c__Gammaproteobacteria;o__Burkholderiales;f__Burkholderiaceae;g__Polaromonas;s__	taxonomic classification defined by topology and ANI	classification based on placement in class-level tree	NA	74.46	11	0.99277	Genome has more than 15.8% of markers with multiple hits	Gradient Boost (General Model)	11	0.91	69723	314.22705809895297	5039807	0.6	4871	114	423684	None
WM20	WM20_S15_034	92.91	5.21	d__Bacteria	p__Actinomycetota	c__Actinomycetes	o__Actinomycetales	f__Microbacteriaceae	g__Rhodoglobus	s__Rhodoglobus sp903920435	GCA_903920435.1	95	d__Bacteria;p__Actinomycetota;c__Actinomycetes;o__Actinomycetales;f__Microbacteriaceae;g__Rhodoglobus;s__Rhodoglobus sp903920435	98.28	0.86	GCA_903920435.1	95	d__Bacteria;p__Actinomycetota;c__Actinomycetes;o__Actinomycetales;f__Microbacteriaceae;g__Rhodoglobus;s__Rhodoglobus sp903920435	98.28	0.86	d__Bacteria;p__Actinomycetota;c__Actinomycetes;o__Actinomycetales;f__Microbacteriaceae;g__Rhodoglobus;s__	taxonomic classification defined by topology and ANI	topological placement and ANI have congruent species assignments	GCA_001725325.1, s__Rhodoglobus sp001725325, 95.0, 86.78, 0.354; GCA_025463515.1, s__Rhodoglobus sp025463515, 95.0, 85.47, 0.253	71.5	11	NA	Genome has more than 15.8% of markers with multiple hits	Gradient Boost (General Model)	11	0.94	18554	290.8215517241379	3220538	0.69	3480	248	63606	None
WM20	WM20_S15_035	84.11	6.5	d__Bacteria	p__Pseudomonadota	c__Alphaproteobacteria	o__Rhizobiales	f__Xanthobacteraceae	g__Afipia	s__Afipia broomeae	GCF_000314675.2	95	d__Bacteria;p__Pseudomonadota;c__Alphaproteobacteria;o__Rhizobiales;f__Xanthobacteraceae;g__Afipia;s__Afipia broomeae	97.66	0.838	GCF_000314675.2	95	d__Bacteria;p__Pseudomonadota;c__Alphaproteobacteria;o__Rhizobiales;f__Xanthobacteraceae;g__Afipia;s__Afipia broomeae	97.66	0.838	d__Bacteria;p__Pseudomonadota;c__Alphaproteobacteria;o__Rhizobiales;f__Xanthobacteraceae;g__Afipia;s__	taxonomic classification defined by topology and ANI	topological placement and ANI have congruent species assignments	GCF_000497575.1, s__Afipia sp000497575, 95.0, 90.46, 0.542; GCA_017474385.1, s__Afipia sp017474385, 95.0, 89.35, 0.405; GCF_014203115.1, s__Afipia massiliensis, 95.0, 86.15, 0.265; GCF_000308295.2, s__Afipia birgiae, 95.0, 85.81, 0.25; GCF_001006325.2, s__Afipia massiliensis_A, 95.0, 85.57, 0.255; GCA_030652315.1, s__Afipia sp030652315, 95.0, 85.47, 0.224; GCF_000336555.1, s__Afipia clevelandensis, 95.0, 85.1, 0.212; GCA_024707075.1, s__Afipia sp024707075, 95.0, 85.01, 0.178; GCA_024508675.1, s__Afipia sp024508675, 95.0, 84.83, 0.199; GCA_017308595.1, s__Afipia sp017308595, 95.0, 84.48, 0.155; GCF_021502575.1, s__Afipia sp021502575, 95.0, 84.03, 0.158	74.48	11	NA	NA	Neural Network (Specific Model)	11	0.879	14938	283.0345192714951	4553924	0.61	4722	403	109925	None
WM20	WM20_S15_036	88.33	2.01	d__Bacteria	p__Actinomycetota	c__Actinomycetes	o__Actinomycetales	f__Microbacteriaceae	g__Rhodoglobus	s__	NA	NA	NA	NA	NA	GCA_020160915.1	95	d__Bacteria;p__Actinomycetota;c__Actinomycetes;o__Actinomycetales;f__Microbacteriaceae;g__Rhodoglobus;s__Rhodoglobus sp020160915	92.66	0.688	d__Bacteria;p__Actinomycetota;c__Actinomycetes;o__Actinomycetales;f__Microbacteriaceae;g__Rhodoglobus;s__	taxonomic classification defined by topology and ANI	classification based on placement in class-level tree	NA	75.35	11	0.99699	Genome not assigned to closest species as it falls outside its pre-defined ANI radius	Neural Network (Specific Model)	11	0.933	29884	292.0847559149446	3127462	0.67	3339	162	109556	None
WM20	WM20_S15_037	88.09	6.74	d__Bacteria	p__Pseudomonadota	c__Alphaproteobacteria	o__Rhizobiales	f__Xanthobacteraceae	g__Afipia	s__	NA	NA	NA	NA	NA	NA	NA	NA	NA	NA	d__Bacteria;p__Pseudomonadota;c__Alphaproteobacteria;o__Rhizobiales;f__Xanthobacteraceae;g__Afipia;s__	taxonomic classification defined by topology and ANI	classification based on placement in class-level tree	GCA_024707075.1, s__Afipia sp024707075, 95.0, 85.9, 0.277; GCA_017474385.1, s__Afipia sp017474385, 95.0, 85.05, 0.217; GCF_000314675.2, s__Afipia broomeae, 95.0, 84.92, 0.224; GCF_021502575.1, s__Afipia sp021502575, 95.0, 84.73, 0.247; GCA_030652315.1, s__Afipia sp030652315, 95.0, 84.5, 0.203; GCF_001006325.2, s__Afipia massiliensis_A, 95.0, 84.34, 0.228; GCF_014203115.1, s__Afipia massiliensis, 95.0, 84.31, 0.209; GCF_000497575.1, s__Afipia sp000497575, 95.0, 84.21, 0.198; GCF_000308295.2, s__Afipia birgiae, 95.0, 83.7, 0.196; GCA_017308575.1, s__Afipia sp001897905, 95.0, 82.75, 0.153	75.01	11	0.98471	NA	Neural Network (Specific Model)	11	0.867	42777	288.9368855682265	5075254	0.61	5086	189	130222	None
WM20	WM20_S15_038	98.34	0.11	d__Bacteria	p__Patescibacteria	c__Saccharimonadia	o__Saccharimonadales	f__UBA1547	g__UBA1547	s__	NA	NA	NA	NA	NA	NA	NA	NA	NA	NA	d__Bacteria;p__Patescibacteria;c__Saccharimonadia;o__Saccharimonadales;f__UBA1547;g__UBA1547;s__	taxonomic classification fully defined by topology	classification based on placement in class-level tree	NA	73.66	11	0.95995	NA	Gradient Boost (General Model)	11	0.917	44327	296.22460496613996	857304	0.46	886	31	136417	None
WM20	WM20_S15_039	84.4	3.28	d__Bacteria	p__Bacteroidota	c__Kapaibacteriia	o__Kapaibacteriales	f__Kapaibacteriaceae	g__Kapaibacterium	s__	NA	NA	NA	NA	NA	GCA_018266735.1	95	d__Bacteria;p__Bacteroidota;c__Kapaibacteriia;o__Kapaibacteriales;f__Kapaibacteriaceae;g__Kapaibacterium;s__Kapaibacterium sp018266735	89.72	0.506	d__Bacteria;p__Bacteroidota;c__Kapaibacteriia;o__Kapaibacteriales;f__Kapaibacteriaceae;g__Kapaibacterium;s__	taxonomic classification defined by topology and ANI	classification based on placement in class-level tree	NA	71.56	11	0.99293	Genome not assigned to closest species as it falls outside its pre-defined ANI radius	Gradient Boost (General Model)	11	0.947	6702	321.3945215225898	2852661	0.55	2811	472	28254	None
WM20	WM20_S15_040	86.97	1.26	d__Bacteria	p__Patescibacteria	c__Paceibacteria	o__UBA9973	f__UBA2100	g__UBA10103	s__	NA	NA	NA	NA	NA	NA	NA	NA	NA	NA	d__Bacteria;p__Patescibacteria;c__Paceibacteria;o__UBA9973;f__UBA2100;g__UBA10103;s__	taxonomic classification fully defined by topology	classification based on placement in class-level tree	NA	68.88	11	0.9475	NA	Gradient Boost (General Model)	11	0.906	156403	273.82974559686886	1386642	0.55	1533	47	678841	None
WM20	WM20_S15_041	77.56	2.33	d__Bacteria	p__Verrucomicrobiota	c__Verrucomicrobiae	o__Limisphaerales	f__SXQI01	g__	s__	NA	NA	NA	NA	NA	NA	NA	NA	NA	NA	d__Bacteria;p__Verrucomicrobiota;c__Verrucomicrobiae;o__Limisphaerales;f__SXQI01;g__;s__	taxonomic novelty determined using RED	classification based on placement in class-level tree	NA	70.15	11	0.85117	NA	Gradient Boost (General Model)	11	0.925	14871	359.2206175298805	4668549	0.59	4016	377	49850	None
WM20	WM20_S15_042	100	0.07	d__Bacteria	p__Patescibacteria	c__Paceibacteria	o__UBA9973	f__UBA2100	g__UBA10103	s__	NA	NA	NA	NA	NA	NA	NA	NA	NA	NA	d__Bacteria;p__Patescibacteria;c__Paceibacteria;o__UBA9973;f__UBA2100;g__UBA10103;s__	taxonomic classification fully defined by topology	classification based on placement in class-level tree	NA	68.86	11	0.98494	NA	Gradient Boost (General Model)	11	0.9	323131	294.1792452830189	1140930	0.54	1166	7	487774	None
WM20	WM20_S15_043	79.7	1.78	d__Bacteria	p__Pseudomonadota	c__Alphaproteobacteria	o__Rhizobiales	f__Xanthobacteraceae	g__Afipia	s__	NA	NA	NA	NA	NA	NA	NA	NA	NA	NA	d__Bacteria;p__Pseudomonadota;c__Alphaproteobacteria;o__Rhizobiales;f__Xanthobacteraceae;g__Afipia;s__	taxonomic classification defined by topology and ANI	classification based on placement in class-level tree	GCA_024707075.1, s__Afipia sp024707075, 95.0, 83.79, 0.176; GCF_001006325.2, s__Afipia massiliensis_A, 95.0, 83.76, 0.191; GCF_014203115.1, s__Afipia massiliensis, 95.0, 83.58, 0.194; GCF_000308295.2, s__Afipia birgiae, 95.0, 83.51, 0.176; GCA_030652315.1, s__Afipia sp030652315, 95.0, 83.48, 0.184; GCF_021502575.1, s__Afipia sp021502575, 95.0, 83.03, 0.167	67.94	11	0.98972	NA	Neural Network (Specific Model)	11	0.879	73429	300.3212121212121	4223266	0.61	4125	119	186805	None
WM20	WM20_S15_044	78.93	3.96	d__Bacteria	p__Pseudomonadota	c__Alphaproteobacteria	o__Sphingomonadales	f__Sphingomonadaceae	g__Sphingorhabdus_B	s__Sphingorhabdus_B sp013823985	GCA_013823985.1	95	d__Bacteria;p__Pseudomonadota;c__Alphaproteobacteria;o__Sphingomonadales;f__Sphingomonadaceae;g__Sphingorhabdus_B;s__Sphingorhabdus_B sp013823985	96.34	0.723	GCA_013823985.1	95	d__Bacteria;p__Pseudomonadota;c__Alphaproteobacteria;o__Sphingomonadales;f__Sphingomonadaceae;g__Sphingorhabdus_B;s__Sphingorhabdus_B sp013823985	96.34	0.723	d__Bacteria;p__Pseudomonadota;c__Alphaproteobacteria;o__Sphingomonadales;f__Sphingomonadaceae;g__Sphingorhabdus_B;s__	taxonomic classification defined by topology and ANI	topological placement and ANI have congruent species assignments	GCF_009768975.1, s__Sphingorhabdus_B lacus, 95.0, 88.45, 0.417; GCF_007280415.1, s__Sphingorhabdus_B contaminans, 95.0, 86.2, 0.187	64.55	11	NA	NA	Neural Network (Specific Model)	11	0.922	6744	270.55765472312703	2694654	0.56	3070	449	36391	None
WM20	WM20_S15_045	75.3	4.4	d__Bacteria	p__Pseudomonadota	c__Alphaproteobacteria	o__Rhizobiales	f__Xanthobacteraceae	g__P52-10	s__	NA	NA	NA	NA	NA	NA	NA	NA	NA	NA	d__Bacteria;p__Pseudomonadota;c__Alphaproteobacteria;o__Rhizobiales;f__Xanthobacteraceae;g__P52-10;s__	taxonomic classification fully defined by topology	classification based on placement in class-level tree	NA	56.84	11	0.98018	NA	Gradient Boost (General Model)	11	0.865	8572	260.95737483085253	6676213	0.63	7390	922	56001	None
WM20	WM20_S15_046	68.6	4.16	d__Bacteria	p__Pseudomonadota	c__Alphaproteobacteria	o__Sphingomonadales	f__Sphingomonadaceae	g__Sphingomonas_O	s__	NA	NA	NA	NA	NA	NA	NA	NA	NA	NA	d__Bacteria;p__Pseudomonadota;c__Alphaproteobacteria;o__Sphingomonadales;f__Sphingomonadaceae;g__Sphingomonas_O;s__	taxonomic classification fully defined by topology	classification based on placement in class-level tree	NA	56.7	11	0.92038	NA	Neural Network (Specific Model)	11	0.936	5861	261.10332271279015	1833701	0.64	2197	347	20508	None
WM20	WM20_S15_047	81.29	1.74	d__Bacteria	p__Bacteroidota	c__Bacteroidia	o__Chitinophagales	f__Chitinophagaceae	g__Ferruginibacter	s__	NA	NA	NA	NA	NA	NA	NA	NA	NA	NA	d__Bacteria;p__Bacteroidota;c__Bacteroidia;o__Chitinophagales;f__Chitinophagaceae;g__Ferruginibacter;s__	taxonomic classification fully defined by topology	classification based on placement in class-level tree	NA	55.33	11	0.97228	NA	Gradient Boost (General Model)	11	0.904	9334	307.3993829276654	2971054	0.38	2917	395	31079	None
WM20	WM20_S15_048	54.9	3.44	d__Bacteria	p__Pseudomonadota	c__Gammaproteobacteria	o__DSM-16500	f__DSM-16500	g__	s__	NA	NA	NA	NA	NA	NA	NA	NA	NA	NA	d__Bacteria;p__Pseudomonadota;c__Gammaproteobacteria;o__DSM-16500;f__DSM-16500;g__;s__	taxonomic novelty determined using RED	classification based on placement in class-level tree	NA	46.65	11	0.83608	NA	Gradient Boost (General Model)	11	0.899	3820	297.1205501618123	1223255	0.38	1236	322	10460	None
WM20	WM20_S15_049	57.74	2.31	d__Bacteria	p__Pseudomonadota	c__Gammaproteobacteria	o__Burkholderiales	f__Burkholderiaceae	g__Hydrogenophaga	s__	NA	NA	NA	NA	NA	NA	NA	NA	NA	NA	d__Bacteria;p__Pseudomonadota;c__Gammaproteobacteria;o__Burkholderiales;f__Burkholderiaceae;g__Hydrogenophaga;s__	taxonomic classification defined by topology and ANI	classification based on placement in class-level tree	GCF_018993155.1, s__Hydrogenophaga sp018993155, 95.0, 89.27, 0.327; GCF_026125825.1, s__Hydrogenophaga sp026125825, 95.0, 88.9, 0.253; GCF_001571225.1, s__Hydrogenophaga palleronii, 95.0, 88.8, 0.205; GCA_003599455.1, s__Hydrogenophaga sp003599455, 95.0, 88.52, 0.195; GCF_019264445.1, s__Hydrogenophaga sp019264445, 95.0, 88.09, 0.169; GCF_005503365.1, s__Hydrogenophaga sp005503365, 95.0, 87.72, 0.182	45.62	11	0.98225	NA	Neural Network (Specific Model)	11	0.922	4724	254.64616782793092	2731802	0.66	3301	592	21283	None
WM20	WM20_S15_050	57.22	0.45	d__Bacteria	p__Pseudomonadota	c__Alphaproteobacteria	o__SMXS01	f__SMXS01	g__RI-34	s__	NA	NA	NA	NA	NA	NA	NA	NA	NA	NA	d__Bacteria;p__Pseudomonadota;c__Alphaproteobacteria;o__SMXS01;f__SMXS01;g__RI-34;s__	taxonomic classification defined by topology and ANI	classification based on placement in class-level tree	GCA_943329845.2, s__RI-34 sp943329845, 95.0, 90.36, 0.383; GCA_022844405.1, s__RI-34 sp022844405, 95.0, 90.23, 0.323; GCA_945872035.1, s__RI-34 sp945872035, 95.0, 89.87, 0.219; GCA_945907245.1, s__RI-34 sp945907245, 95.0, 89.38, 0.31	46.63	11	0.97689	NA	Gradient Boost (General Model)	11	0.899	4554	240.03434769508888	2652539	0.66	3319	603	18542	None
WM21	WM21_S16_001	99.99	0.23	d__Bacteria	p__Bacteroidota	c__Bacteroidia	o__B-17B0	f__B-17BO	g__PALSA-968	s__	NA	NA	NA	NA	NA	NA	NA	NA	NA	NA	d__Bacteria;p__Bacteroidota;c__Bacteroidia;o__B-17B0;f__B-17BO;g__PALSA-968;s__	taxonomic classification fully defined by topology	classification based on placement in class-level tree	NA	98.53	11	0.91908	NA	Neural Network (Specific Model)	11	0.936	286683	362.07104895104897	4144187	0.42	3575	30	355434	None
WM21	WM21_S16_002	100	1.15	d__Bacteria	p__Bacteroidota	c__Bacteroidia	o__Chitinophagales	f__Chitinophagaceae	g__Sediminibacterium	s__	NA	NA	NA	NA	NA	NA	NA	NA	NA	NA	d__Bacteria;p__Bacteroidota;c__Bacteroidia;o__Chitinophagales;f__Chitinophagaceae;g__Sediminibacterium;s__	taxonomic classification fully defined by topology	classification based on placement in class-level tree	NA	97.56	11	0.98381	NA	Gradient Boost (General Model)	11	0.895	185585	340.16299196373376	5529178	0.45	4853	51	784487	None
WM21	WM21_S16_003	99.79	0.19	d__Bacteria	p__Bacteroidota	c__Bacteroidia	o__Chitinophagales	f__Chitinophagaceae	g__Ferruginibacter	s__	NA	NA	NA	NA	NA	NA	NA	NA	NA	NA	d__Bacteria;p__Bacteroidota;c__Bacteroidia;o__Chitinophagales;f__Chitinophagaceae;g__Ferruginibacter;s__	taxonomic classification fully defined by topology	classification based on placement in class-level tree	NA	97.76	11	0.9763	NA	Gradient Boost (General Model)	11	0.893	452414	358.4343029087262	5999289	0.4	4985	59	1037643	None
WM21	WM21_S16_004	99.9	0.16	d__Bacteria	p__Bacteroidota	c__Bacteroidia	o__NS11-12g	f__UKL13-3	g__UKL13-3	s__	NA	NA	NA	NA	NA	NA	NA	NA	NA	NA	d__Bacteria;p__Bacteroidota;c__Bacteroidia;o__NS11-12g;f__UKL13-3;g__UKL13-3;s__	taxonomic classification fully defined by topology	classification based on placement in class-level tree	NA	96.54	11	0.97036	NA	Neural Network (Specific Model)	11	0.911	313732	361.1961136023916	3971557	0.42	3345	40	627948	None
WM21	WM21_S16_005	100	0.91	d__Bacteria	p__Bacteroidota	c__Bacteroidia	o__NS11-12g	f__UBA9320	g__JABWCE01	s__	NA	NA	NA	NA	NA	NA	NA	NA	NA	NA	d__Bacteria;p__Bacteroidota;c__Bacteroidia;o__NS11-12g;f__UBA9320;g__JABWCE01;s__	taxonomic classification fully defined by topology	classification based on placement in class-level tree	NA	96.01	11	0.95253	NA	Gradient Boost (General Model)	11	0.916	156372	352.0703546099291	4057506	0.36	3525	58	288446	None
WM21	WM21_S16_006	99.47	0.16	d__Bacteria	p__Bacteroidota	c__Kapaibacteriia	o__Kapaibacteriales	f__Kapaibacteriaceae	g__Kapaibacterium	s__	NA	NA	NA	NA	NA	GCA_018266735.1	95	d__Bacteria;p__Bacteroidota;c__Kapaibacteriia;o__Kapaibacteriales;f__Kapaibacteriaceae;g__Kapaibacterium;s__Kapaibacterium sp018266735	89.4	0.626	d__Bacteria;p__Bacteroidota;c__Kapaibacteriia;o__Kapaibacteriales;f__Kapaibacteriaceae;g__Kapaibacterium;s__	taxonomic classification defined by topology and ANI	classification based on placement in class-level tree	NA	97.8	11	0.9944	Genome not assigned to closest species as it falls outside its pre-defined ANI radius	Gradient Boost (General Model)	11	0.952	72675	376.2773224043716	3462589	0.56	2928	92	177944	None
WM21	WM21_S16_007	100	2.68	d__Bacteria	p__Pseudomonadota	c__Gammaproteobacteria	o__Burkholderiales	f__Burkholderiaceae	g__Paucibacter	s__	NA	NA	NA	NA	NA	GCA_018780645.1	95	d__Bacteria;p__Pseudomonadota;c__Gammaproteobacteria;o__Burkholderiales;f__Burkholderiaceae;g__Paucibacter;s__Paucibacter sp018780645	90.71	0.664	d__Bacteria;p__Pseudomonadota;c__Gammaproteobacteria;o__Burkholderiales;f__Burkholderiaceae;g__Paucibacter;s__	taxonomic classification defined by topology and ANI	classification based on placement in class-level tree	GCF_004362525.1, s__Paucibacter toxinivorans, 95.0, 90.85, 0.612	97.44	11	0.99635	Genome not assigned to closest species as it falls outside its pre-defined ANI radius	Neural Network (Specific Model)	11	0.916	71038	335.3690596562184	6507553	0.66	5934	167	262318	None
WM21	WM21_S16_008	100	0.27	d__Bacteria	p__Bacteroidota	c__Bacteroidia	o__Chitinophagales	f__Chitinophagaceae	g__Sediminibacterium	s__	NA	NA	NA	NA	NA	GCA_008080615.1	95	d__Bacteria;p__Bacteroidota;c__Bacteroidia;o__Chitinophagales;f__Chitinophagaceae;g__Sediminibacterium;s__Sediminibacterium sp008080615	89.84	0.589	d__Bacteria;p__Bacteroidota;c__Bacteroidia;o__Chitinophagales;f__Chitinophagaceae;g__Sediminibacterium;s__	taxonomic classification defined by topology and ANI	classification based on placement in class-level tree	NA	95.73	11	0.99073	Genome not assigned to closest species as it falls outside its pre-defined ANI radius	Gradient Boost (General Model)	11	0.933	111777	349.66133246244283	3439949	0.35	3062	78	260752	None
WM21	WM21_S16_009	100	2.85	d__Bacteria	p__Pseudomonadota	c__Alphaproteobacteria	o__Sphingomonadales	f__Sphingomonadaceae	g__Novosphingobium	s__	NA	NA	NA	NA	NA	GCF_025938155.1	95	d__Bacteria;p__Pseudomonadota;c__Alphaproteobacteria;o__Sphingomonadales;f__Sphingomonadaceae;g__Novosphingobium;s__Novosphingobium sp025938155	83.97	0.167	d__Bacteria;p__Pseudomonadota;c__Alphaproteobacteria;o__Sphingomonadales;f__Sphingomonadaceae;g__Novosphingobium;s__	taxonomic classification defined by topology and ANI	classification based on placement in class-level tree	GCF_020179425.1, s__Novosphingobium percolationis, 95.0, 84.07, 0.182	94.2	11	0.98799	NA	Neural Network (Specific Model)	11	0.911	38329	312.8362854251012	4065944	0.64	3952	184	99038	None
WM21	WM21_S16_010	100	1.46	d__Bacteria	p__Bacteroidota	c__Bacteroidia	o__2-12-FULL-35-15	f__2-12-FULL-35-15	g__2-12-FULL-35-15	s__	NA	NA	NA	NA	NA	NA	NA	NA	NA	NA	d__Bacteria;p__Bacteroidota;c__Bacteroidia;o__2-12-FULL-35-15;f__2-12-FULL-35-15;g__2-12-FULL-35-15;s__	taxonomic classification fully defined by topology	classification based on placement in class-level tree	NA	93.13	11	0.96559	NA	Gradient Boost (General Model)	11	0.917	312181	377.4412713035467	5359122	0.39	4342	41	530111	None
WM21	WM21_S16_011	100	2.13	d__Bacteria	p__Bacteroidota	c__Bacteroidia	o__Chitinophagales	f__LD1	g__Bog-950	s__	NA	NA	NA	NA	NA	NA	NA	NA	NA	NA	d__Bacteria;p__Bacteroidota;c__Bacteroidia;o__Chitinophagales;f__LD1;g__Bog-950;s__	taxonomic classification fully defined by topology	classification based on placement in class-level tree	NA	95.33	11	0.94156	NA	Gradient Boost (General Model)	11	0.915	75986	345.9174336762317	4185292	0.4	3694	115	158886	None
WM21	WM21_S16_012	100	1.53	d__Bacteria	p__Actinomycetota	c__Actinomycetes	o__Mycobacteriales	f__Mycobacteriaceae	g__Williamsia_A	s__	NA	NA	NA	NA	NA	GCF_024171815.1	95	d__Bacteria;p__Actinomycetota;c__Actinomycetes;o__Mycobacteriales;f__Mycobacteriaceae;g__Williamsia_A;s__Williamsia_A maris	90.71	0.673	d__Bacteria;p__Actinomycetota;c__Actinomycetes;o__Mycobacteriales;f__Mycobacteriaceae;g__Williamsia_A;s__	taxonomic classification defined by topology and ANI	classification based on placement in class-level tree	GCF_014635305.1, s__Williamsia_A phyllosphaerae, 95.0, 90.31, 0.675; GCF_016462415.1, s__Williamsia_A sp016462415, 95.0, 89.53, 0.581	90.78	11	0.9978	Genome not assigned to closest species as it falls outside its pre-defined ANI radius	Neural Network (Specific Model)	11	0.912	70665	312.7381247418422	4969012	0.68	4842	137	189200	None
WM21	WM21_S16_013	100	4.1	d__Bacteria	p__Pseudomonadota	c__Alphaproteobacteria	o__Reyranellales	f__Reyranellaceae	g__Reyranella	s__	NA	NA	NA	NA	NA	GCA_945903635.1	95	d__Bacteria;p__Pseudomonadota;c__Alphaproteobacteria;o__Reyranellales;f__Reyranellaceae;g__Reyranella;s__Reyranella sp945903635	90.96	0.56	d__Bacteria;p__Pseudomonadota;c__Alphaproteobacteria;o__Reyranellales;f__Reyranellaceae;g__Reyranella;s__	taxonomic classification defined by topology and ANI	classification based on placement in class-level tree	GCA_947474005.1, s__Reyranella sp947474005, 95.0, 93.46, 0.713; GCA_030679805.1, s__Reyranella sp030679805, 95.0, 89.8, 0.465; GCA_029946105.1, s__Reyranella sp029946105, 95.0, 88.48, 0.507; GCA_030681635.1, s__Reyranella sp030681635, 95.0, 88.15, 0.302; GCA_010032545.1, s__Reyranella sp010032545, 95.0, 87.09, 0.343; GCA_945862125.1, s__Reyranella massiliensis_A, 95.0, 86.67, 0.34; GCA_945860205.1, s__Reyranella massiliensis_B, 95.0, 86.58, 0.387; GCF_004296935.1, s__Reyranella sp004296935, 95.0, 86.51, 0.373; GCA_016191685.1, s__Reyranella sp016191685, 95.0, 86.36, 0.301; GCA_001767945.1, s__Reyranella sp001767945, 95.0, 85.88, 0.302; GCA_030684475.1, s__Reyranella sp030684475, 95.0, 85.74, 0.251; GCA_004296815.1, s__Reyranella sp004296815, 95.0, 85.29, 0.173; GCA_019745575.1, s__Reyranella sp019745575, 95.0, 84.9, 0.222; GCA_937919085.1, s__Reyranella sp937919085, 95.0, 84.24, 0.181; GCA_937915145.1, s__Reyranella sp937915145, 95.0, 83.93, 0.183	92.15	11	0.99176	Genome not assigned to closest species as it falls outside its pre-defined ANI radius	Gradient Boost (General Model)	11	0.913	27221	302.13843866171004	6663520	0.65	6725	388	117715	None
WM21	WM21_S16_014	100	11.23	d__Bacteria	p__Pseudomonadota	c__Gammaproteobacteria	o__Burkholderiales	f__Burkholderiaceae	g__LMDS01	s__	NA	NA	NA	NA	NA	GCA_025355545.1	95	d__Bacteria;p__Pseudomonadota;c__Gammaproteobacteria;o__Burkholderiales;f__Burkholderiaceae;g__LMDS01;s__LMDS01 sp025355545	86.14	0.213	d__Bacteria;p__Pseudomonadota;c__Gammaproteobacteria;o__Burkholderiales;f__Burkholderiaceae;g__LMDS01;s__	taxonomic classification defined by topology and ANI	classification based on placement in class-level tree	GCF_001425865.1, s__LMDS01 sp001425865, 95.0, 85.3, 0.156	90.82	11	0.98192	NA	Gradient Boost (General Model)	11	0.906	20121	300.0339188370684	4914105	0.68	4953	362	109887	None
WM21	WM21_S16_015	94.28	3.03	d__Bacteria	p__Bacteroidota	c__Bacteroidia	o__Chitinophagales	f__Chitinophagaceae	g__Sediminibacterium	s__Sediminibacterium sp017996795	GCA_017996795.1	95	d__Bacteria;p__Bacteroidota;c__Bacteroidia;o__Chitinophagales;f__Chitinophagaceae;g__Sediminibacterium;s__Sediminibacterium sp017996795	95.73	0.766	GCA_017996795.1	95	d__Bacteria;p__Bacteroidota;c__Bacteroidia;o__Chitinophagales;f__Chitinophagaceae;g__Sediminibacterium;s__Sediminibacterium sp017996795	95.73	0.766	d__Bacteria;p__Bacteroidota;c__Bacteroidia;o__Chitinophagales;f__Chitinophagaceae;g__Sediminibacterium;s__	taxonomic classification defined by topology and ANI	topological placement and ANI have congruent species assignments	GCA_001829005.1, s__Sediminibacterium sp001829005, 95.0, 90.14, 0.612; GCA_002281875.1, s__Sediminibacterium sp002281875, 95.0, 89.97, 0.58; GCF_030695065.1, s__Sediminibacterium sp030695065, 95.0, 88.16, 0.481; GCA_002281575.1, s__Sediminibacterium sp002281575, 95.0, 87.62, 0.441; GCA_002786355.1, s__Sediminibacterium sp002786355, 95.0, 85.39, 0.267	90.92	11	NA	NA	Gradient Boost (General Model)	11	0.946	18459	336.8574973413683	3008272	0.36	2821	266	93593	None
WM21	WM21_S16_016	100	3.23	d__Bacteria	p__Bacteroidota	c__Bacteroidia	o__Chitinophagales	f__Chitinophagaceae	g__Ferruginibacter	s__	NA	NA	NA	NA	NA	NA	NA	NA	NA	NA	d__Bacteria;p__Bacteroidota;c__Bacteroidia;o__Chitinophagales;f__Chitinophagaceae;g__Ferruginibacter;s__	taxonomic classification defined by topology and ANI	classification based on placement in class-level tree	GCA_030157685.1, s__Ferruginibacter sp030157685, 95.0, 87.61, 0.333; GCA_016715365.1, s__Ferruginibacter sp016715365, 95.0, 86.17, 0.293; GCA_016710935.1, s__Ferruginibacter sp016710935, 95.0, 84.7, 0.239	90.11	11	0.98393	NA	Gradient Boost (General Model)	11	0.892	33359	325.29063396817116	4186397	0.39	3833	248	106628	None
WM21	WM21_S16_017	97.94	1.14	d__Bacteria	p__Bacteroidota	c__Bacteroidia	o__SXHM01	f__SXHM01	g__SXHM01	s__	NA	NA	NA	NA	NA	GCA_947478465.1	95	d__Bacteria;p__Bacteroidota;c__Bacteroidia;o__SXHM01;f__SXHM01;g__SXHM01;s__SXHM01 sp947478465	90.03	0.656	d__Bacteria;p__Bacteroidota;c__Bacteroidia;o__SXHM01;f__SXHM01;g__SXHM01;s__	taxonomic classification defined by topology and ANI	classification based on placement in class-level tree	GCA_945861685.1, s__SXHM01 sp945861685, 95.0, 87.09, 0.39; GCA_945870105.1, s__SXHM01 sp945870105, 95.0, 87.08, 0.399; GCA_947479755.1, s__SXHM01 sp947479755, 95.0, 86.54, 0.418; GCA_005773695.1, s__SXHM01 sp005773695, 95.0, 86.32, 0.164; GCA_020054035.1, s__SXHM01 sp020054035, 95.0, 84.59, 0.212	86.87	11	0.9856	Genome not assigned to closest species as it falls outside its pre-defined ANI radius	Gradient Boost (General Model)	11	0.931	30379	349.662310507057	4307085	0.39	3826	225	105067	None
WM21	WM21_S16_018	99.1	1.99	d__Bacteria	p__Gemmatimonadota	c__Gemmatimonadetes	o__Gemmatimonadales	f__Gemmatimonadaceae	g__Gemmatimonas	s__	NA	NA	NA	NA	NA	NA	NA	NA	NA	NA	d__Bacteria;p__Gemmatimonadota;c__Gemmatimonadetes;o__Gemmatimonadales;f__Gemmatimonadaceae;g__Gemmatimonas;s__	taxonomic classification defined by topology and ANI	classification based on placement in class-level tree	GCF_013004105.1, s__Gemmatimonas groenlandica, 95.0, 88.47, 0.53; GCA_945870175.1, s__Gemmatimonas phototrophica_A, 95.0, 87.22, 0.292; GCA_903894655.1, s__Gemmatimonas sp903894655, 95.0, 87.03, 0.233; GCA_947461225.1, s__Gemmatimonas sp947461225, 95.0, 86.36, 0.324; GCA_947457715.1, s__Gemmatimonas sp947457715, 95.0, 86.34, 0.22; GCA_903900795.1, s__Gemmatimonas sp903900795, 95.0, 86.1, 0.245; GCA_002737115.1, s__Gemmatimonas sp002737115, 95.0, 85.31, 0.275; GCA_947462095.1, s__Gemmatimonas sp947462095, 95.0, 84.88, 0.262	90.09	11	0.98164	Genome not assigned to closest species as it falls outside its pre-defined ANI radius	Neural Network (Specific Model)	11	0.917	29995	334.7228479485117	5435750	0.65	4972	280	102241	None
WM21	WM21_S16_019	96.73	4.3	d__Bacteria	p__Actinomycetota	c__Actinomycetes	o__Actinomycetales	f__Microbacteriaceae	g__Rhodoglobus	s__Rhodoglobus sp903920435	GCA_903920435.1	95	d__Bacteria;p__Actinomycetota;c__Actinomycetes;o__Actinomycetales;f__Microbacteriaceae;g__Rhodoglobus;s__Rhodoglobus sp903920435	98.35	0.881	GCA_903920435.1	95	d__Bacteria;p__Actinomycetota;c__Actinomycetes;o__Actinomycetales;f__Microbacteriaceae;g__Rhodoglobus;s__Rhodoglobus sp903920435	98.35	0.881	d__Bacteria;p__Actinomycetota;c__Actinomycetes;o__Actinomycetales;f__Microbacteriaceae;g__Rhodoglobus;s__	taxonomic classification defined by topology and ANI	topological placement and ANI have congruent species assignments	GCA_001725325.1, s__Rhodoglobus sp001725325, 95.0, 86.29, 0.378; GCA_025463515.1, s__Rhodoglobus sp025463515, 95.0, 85.45, 0.26	84.07	11	NA	NA	Gradient Boost (General Model)	11	0.942	19975	293.42517882689555	3257546	0.69	3495	213	82464	None
WM21	WM21_S16_020	92.58	3.94	d__Bacteria	p__Pseudomonadota	c__Alphaproteobacteria	o__Rhizobiales	f__Xanthobacteraceae	g__Afipia	s__Afipia broomeae	GCF_000314675.2	95	d__Bacteria;p__Pseudomonadota;c__Alphaproteobacteria;o__Rhizobiales;f__Xanthobacteraceae;g__Afipia;s__Afipia broomeae	97.78	0.857	GCF_000314675.2	95	d__Bacteria;p__Pseudomonadota;c__Alphaproteobacteria;o__Rhizobiales;f__Xanthobacteraceae;g__Afipia;s__Afipia broomeae	97.78	0.857	d__Bacteria;p__Pseudomonadota;c__Alphaproteobacteria;o__Rhizobiales;f__Xanthobacteraceae;g__Afipia;s__	taxonomic classification defined by topology and ANI	topological placement and ANI have congruent species assignments	GCF_000497575.1, s__Afipia sp000497575, 95.0, 90.57, 0.568; GCA_017474385.1, s__Afipia sp017474385, 95.0, 89.73, 0.453; GCF_014203115.1, s__Afipia massiliensis, 95.0, 86.08, 0.283; GCF_000308295.2, s__Afipia birgiae, 95.0, 85.83, 0.278; GCF_001006325.2, s__Afipia massiliensis_A, 95.0, 85.53, 0.291; GCA_030652315.1, s__Afipia sp030652315, 95.0, 85.39, 0.239; GCA_024707075.1, s__Afipia sp024707075, 95.0, 84.96, 0.199; GCF_000336555.1, s__Afipia clevelandensis, 95.0, 84.94, 0.256; GCA_024508675.1, s__Afipia sp024508675, 95.0, 84.7, 0.242; GCA_017308595.1, s__Afipia sp017308595, 95.0, 84.06, 0.184; GCF_021502575.1, s__Afipia sp021502575, 95.0, 83.73, 0.185; GCA_017308575.1, s__Afipia sp001897905, 95.0, 83.47, 0.154	84.27	11	NA	NA	Neural Network (Specific Model)	11	0.879	20633	289.6774525968673	4787485	0.62	4852	335	135791	None
WM21	WM21_S16_021	92.07	5.31	d__Bacteria	p__Bacteroidota	c__Bacteroidia	o__Chitinophagales	f__LD1	g__Bog-950	s__	NA	NA	NA	NA	NA	NA	NA	NA	NA	NA	d__Bacteria;p__Bacteroidota;c__Bacteroidia;o__Chitinophagales;f__LD1;g__Bog-950;s__	taxonomic classification fully defined by topology	classification based on placement in class-level tree	NA	81.75	11	0.95285	NA	Gradient Boost (General Model)	11	0.909	11957	341.18343317496385	5445917	0.43	4841	595	60083	None
WM21	WM21_S16_022	93.53	6.92	d__Bacteria	p__Pseudomonadota	c__Alphaproteobacteria	o__Rhizobiales	f__Xanthobacteraceae	g__Bradyrhizobium	s__	NA	NA	NA	NA	NA	GCA_029946075.1	95	d__Bacteria;p__Pseudomonadota;c__Alphaproteobacteria;o__Rhizobiales;f__Xanthobacteraceae;g__Bradyrhizobium;s__Bradyrhizobium sp029946075	92.44	0.514	d__Bacteria;p__Pseudomonadota;c__Alphaproteobacteria;o__Rhizobiales;f__Xanthobacteraceae;g__Bradyrhizobium;s__	taxonomic classification defined by topology and ANI	classification based on placement in class-level tree	GCA_902826195.1, s__Bradyrhizobium sp902826195, 95.0, 85.36, 0.169; GCF_018596315.1, s__Bradyrhizobium sp018596315, 95.0, 84.87, 0.216; GCF_023101085.1, s__Bradyrhizobium sp023101085, 95.0, 84.81, 0.214; GCF_018130385.1, s__Bradyrhizobium sp018130385, 95.0, 84.79, 0.218; GCF_001440475.1, s__Bradyrhizobium lablabi, 95.0, 84.79, 0.202; GCF_030413175.1, s__Bradyrhizobium sp030413175, 95.0, 84.77, 0.215; GCF_023100945.1, s__Bradyrhizobium sp023100945, 95.0, 84.73, 0.204; GCA_023387735.1, s__Bradyrhizobium sp023387735, 95.0, 84.69, 0.203; GCF_003062295.1, s__Bradyrhizobium algeriense, 95.0, 84.65, 0.208; GCF_001440395.1, s__Bradyrhizobium jicamae, 95.0, 84.6, 0.196; GCF_001693515.2, s__Bradyrhizobium paxllaeri, 95.0, 84.56, 0.2; GCF_009930815.1, s__Bradyrhizobium sp009930815, 95.0, 84.55, 0.201; GCF_023073415.1, s__Bradyrhizobium sp023073415, 95.0, 84.46, 0.196; GCF_900099825.1, s__Bradyrhizobium ottawaense_A, 95.0, 84.41, 0.174; GCF_029051645.1, s__Bradyrhizobium sp029051645, 95.0, 84.32, 0.183; GCA_023422775.1, s__Bradyrhizobium sp023422775, 95.0, 84.26, 0.189; GCF_001693385.1, s__Bradyrhizobium icense, 95.0, 84.2, 0.18; GCF_018131065.1, s__Bradyrhizobium sp018131065, 95.0, 84.18, 0.162; GCF_029714305.1, s__Bradyrhizobium sp029714305, 95.0, 84.1, 0.177; GCF_001693485.1, s__Bradyrhizobium sp001693485, 95.0, 84.08, 0.166; GCF_018131075.1, s__Bradyrhizobium sp018131075, 95.0, 84.03, 0.16; GCF_001440405.1, s__Bradyrhizobium valentinum, 95.0, 84.02, 0.167; GCF_900103365.1, s__Bradyrhizobium sp900103365, 95.0, 84.01, 0.17; GCF_005937885.2, s__Bradyrhizobium sp005937885, 95.0, 84.0, 0.165; GCF_018130145.1, s__Bradyrhizobium sp018130145, 95.0, 84.0, 0.153; GCF_018398895.1, s__Bradyrhizobium sp018398895, 95.0, 83.89, 0.164; GCF_018130065.1, s__Bradyrhizobium sp018130065, 95.0, 83.86, 0.163; GCA_017305715.1, s__Bradyrhizobium sp017305715, 95.0, 83.85, 0.164; GCF_013114835.1, s__Bradyrhizobium archetypum, 95.0, 83.83, 0.163; GCF_018398875.1, s__Bradyrhizobium sp018398875, 95.0, 83.82, 0.16; GCF_018130165.1, s__Bradyrhizobium sp018130165, 95.0, 83.82, 0.155; GCF_000472965.1, s__Bradyrhizobium murdochi, 95.0, 83.81, 0.169; GCF_013114825.1, s__Bradyrhizobium australiense, 95.0, 83.71, 0.16; GCF_020329435.1, s__Bradyrhizobium hereditatis, 95.0, 83.63, 0.152; GCF_001440415.1, s__Bradyrhizobium retamae, 95.0, 83.57, 0.166; GCF_022844465.1, s__Bradyrhizobium sp022844465, 95.0, 83.53, 0.178	80.02	11	0.99553	Genome not assigned to closest species as it falls outside its pre-defined ANI radius	Neural Network (Specific Model)	11	0.866	22960	290.5022595222724	6226439	0.63	6196	400	75720	None
WM21	WM21_S16_023	90.95	6.3	d__Bacteria	p__Pseudomonadota	c__Alphaproteobacteria	o__Caulobacterales	f__Caulobacteraceae	g__Phenylobacterium	s__	NA	NA	NA	NA	NA	NA	NA	NA	NA	NA	d__Bacteria;p__Pseudomonadota;c__Alphaproteobacteria;o__Caulobacterales;f__Caulobacteraceae;g__Phenylobacterium;s__	taxonomic classification defined by topology and ANI	classification based on placement in class-level tree	GCF_004297125.1, s__Phenylobacterium sp004297125, 95.0, 87.23, 0.337; GCA_018821435.1, s__Phenylobacterium sp018821435, 95.0, 87.18, 0.352; GCA_027483845.1, s__Phenylobacterium sp027483845, 95.0, 86.69, 0.166; GCF_001824475.1, s__Phenylobacterium sp001824475, 95.0, 84.98, 0.209; GCF_001557235.1, s__Phenylobacterium sp001557235, 95.0, 84.67, 0.185	80.6	11	0.99045	NA	Neural Network (Specific Model)	11	0.907	14339	292.5576531556543	5214502	0.69	5403	506	54646	None
WM21	WM21_S16_024	79.36	2.94	d__Bacteria	p__Pseudomonadota	c__Gammaproteobacteria	o__Xanthomonadales	f__Xanthomonadaceae	g__Arenimonas	s__	NA	NA	NA	NA	NA	NA	NA	NA	NA	NA	d__Bacteria;p__Pseudomonadota;c__Gammaproteobacteria;o__Xanthomonadales;f__Xanthomonadaceae;g__Arenimonas;s__	taxonomic classification fully defined by topology	classification based on placement in class-level tree	NA	73.09	11	0.97385	NA	Gradient Boost (General Model)	11	0.934	6620	272.57100881488736	1782922	0.47	2042	303	23867	None
WM21	WM21_S16_025	89.07	10.91	d__Bacteria	p__Pseudomonadota	c__Gammaproteobacteria	o__Burkholderiales	f__Burkholderiaceae	g__Polaromonas	s__	NA	NA	NA	NA	NA	GCF_016185115.1	95	d__Bacteria;p__Pseudomonadota;c__Gammaproteobacteria;o__Burkholderiales;f__Burkholderiaceae;g__Polaromonas;s__Polaromonas sp016185115	87.87	0.482	d__Bacteria;p__Pseudomonadota;c__Gammaproteobacteria;o__Burkholderiales;f__Burkholderiaceae;g__Polaromonas;s__	taxonomic classification defined by topology and ANI	classification based on placement in class-level tree	NA	75.15	11	0.99275	Genome has more than 10.8% of markers with multiple hits	Gradient Boost (General Model)	11	0.909	72739	311.7778441920701	5157276	0.6	5019	130	301977	None
WM21	WM21_S16_026	84.92	1.71	d__Bacteria	p__Pseudomonadota	c__Alphaproteobacteria	o__Caulobacterales	f__Caulobacteraceae	g__Brevundimonas	s__	NA	NA	NA	NA	NA	GCA_030693575.1	95	d__Bacteria;p__Pseudomonadota;c__Alphaproteobacteria;o__Caulobacterales;f__Caulobacteraceae;g__Brevundimonas;s__Brevundimonas sp030693575	92.55	0.562	d__Bacteria;p__Pseudomonadota;c__Alphaproteobacteria;o__Caulobacterales;f__Caulobacteraceae;g__Brevundimonas;s__	taxonomic classification defined by topology and ANI	classification based on placement in class-level tree	GCA_030285985.1, s__Brevundimonas sp030285985, 95.0, 91.29, 0.592; GCF_937982535.1, s__Brevundimonas sp002343425, 95.0, 89.93, 0.471; GCF_030160755.1, s__Brevundimonas denitrificans, 95.0, 89.85, 0.465; GCA_006515835.1, s__Brevundimonas sp006515835, 95.0, 89.72, 0.405; GCF_002483305.1, s__Brevundimonas sp002483305, 95.0, 89.33, 0.346; GCF_004296955.1, s__Brevundimonas sp004296955, 95.0, 88.79, 0.379; GCA_018826515.1, s__Brevundimonas sp018826515, 95.0, 88.62, 0.378; GCA_030856285.1, s__Brevundimonas sp030856285, 95.0, 88.3, 0.294; GCF_030682035.1, s__Brevundimonas sp030682035, 95.0, 88.0, 0.303; GCA_019746095.1, s__Brevundimonas sp019746095, 95.0, 87.97, 0.315; GCF_030704825.1, s__Brevundimonas sp030704825, 95.0, 87.81, 0.279; GCF_027487935.1, s__Brevundimonas sp027487935, 95.0, 87.75, 0.295; GCF_001427825.1, s__Brevundimonas sp001427825, 95.0, 87.32, 0.248; GCA_947501315.1, s__Brevundimonas sp947501315, 95.0, 87.07, 0.261; GCF_029946145.1, s__Brevundimonas sp029946145, 95.0, 86.92, 0.233	71.52	11	0.99678	Genome not assigned to closest species as it falls outside its pre-defined ANI radius	Neural Network (Specific Model)	11	0.902	8821	272.8279365079365	2851997	0.68	3150	392	39218	None
WM21	WM21_S16_027	78.4	2.65	d__Bacteria	p__Pseudomonadota	c__Alphaproteobacteria	o__Rhodospirillales	f__Rhodospirillaceae	g__GCA-2737725	s__	NA	NA	NA	NA	NA	NA	NA	NA	NA	NA	d__Bacteria;p__Pseudomonadota;c__Alphaproteobacteria;o__Rhodospirillales;f__Rhodospirillaceae;g__GCA-2737725;s__	taxonomic classification fully defined by topology	classification based on placement in class-level tree	NA	74.22	11	0.96722	NA	Gradient Boost (General Model)	11	0.9	7303	270.6807650862069	3345305	0.6	3712	513	32118	None
WM21	WM21_S16_028	78.85	0.01	d__Bacteria	p__Bacteroidota	c__Bacteroidia	o__Chitinophagales	f__Chitinophagaceae	g__CAIVPM01	s__	NA	NA	NA	NA	NA	GCA_026391115.1	95	d__Bacteria;p__Bacteroidota;c__Bacteroidia;o__Chitinophagales;f__Chitinophagaceae;g__CAIVPM01;s__CAIVPM01 sp026391115	89.89	0.362	d__Bacteria;p__Bacteroidota;c__Bacteroidia;o__Chitinophagales;f__Chitinophagaceae;g__CAIVPM01;s__	taxonomic classification defined by topology and ANI	classification based on placement in class-level tree	NA	75.37	11	0.99564	NA	Neural Network (Specific Model)	11	0.91	6911	341.0440015043249	2987665	0.32	2659	490	28723	None
WM21	WM21_S16_029	85.61	2.7	d__Bacteria	p__Actinomycetota	c__Actinomycetes	o__Actinomycetales	f__Microbacteriaceae	g__Rhodoglobus	s__	NA	NA	NA	NA	NA	GCA_020160915.1	95	d__Bacteria;p__Actinomycetota;c__Actinomycetes;o__Actinomycetales;f__Microbacteriaceae;g__Rhodoglobus;s__Rhodoglobus sp020160915	92.88	0.649	d__Bacteria;p__Actinomycetota;c__Actinomycetes;o__Actinomycetales;f__Microbacteriaceae;g__Rhodoglobus;s__	taxonomic classification defined by topology and ANI	classification based on placement in class-level tree	NA	73.41	11	0.99602	Genome not assigned to closest species as it falls outside its pre-defined ANI radius	Gradient Boost (General Model)	11	0.93	13830	281.2988643156007	3028027	0.67	3346	305	50513	None
WM21	WM21_S16_030	97.78	1.93	d__Bacteria	p__Patescibacteria	c__Paceibacteria	o__UBA9973	f__UBA2100	g__UBA10103	s__	NA	NA	NA	NA	NA	NA	NA	NA	NA	NA	d__Bacteria;p__Patescibacteria;c__Paceibacteria;o__UBA9973;f__UBA2100;g__UBA10103;s__	taxonomic classification fully defined by topology	classification based on placement in class-level tree	NA	68.04	11	0.94702	NA	Gradient Boost (General Model)	11	0.917	482388	277.0892667375133	851439	0.53	941	5	482388	None
WM21	WM21_S16_031	84.49	7.75	d__Bacteria	p__Pseudomonadota	c__Alphaproteobacteria	o__Rhizobiales	f__Xanthobacteraceae	g__Afipia	s__	NA	NA	NA	NA	NA	NA	NA	NA	NA	NA	d__Bacteria;p__Pseudomonadota;c__Alphaproteobacteria;o__Rhizobiales;f__Xanthobacteraceae;g__Afipia;s__	taxonomic classification defined by topology and ANI	classification based on placement in class-level tree	GCA_024707075.1, s__Afipia sp024707075, 95.0, 86.13, 0.273; GCA_017474385.1, s__Afipia sp017474385, 95.0, 85.38, 0.201; GCF_021502575.1, s__Afipia sp021502575, 95.0, 84.87, 0.229; GCF_000314675.2, s__Afipia broomeae, 95.0, 84.75, 0.208; GCF_014203115.1, s__Afipia massiliensis, 95.0, 84.6, 0.197; GCF_001006325.2, s__Afipia massiliensis_A, 95.0, 84.48, 0.212; GCA_030652315.1, s__Afipia sp030652315, 95.0, 84.48, 0.19; GCF_000497575.1, s__Afipia sp000497575, 95.0, 84.35, 0.19; GCF_000308295.2, s__Afipia birgiae, 95.0, 84.04, 0.192	69.43	11	0.98484	NA	Neural Network (Specific Model)	11	0.866	25867	284.8139067524116	4898175	0.61	4976	287	87263	None
WM21	WM21_S16_032	75.8	1.79	d__Bacteria	p__Bacteroidota	c__Bacteroidia	o__B-17B0	f__B-17BO	g__UBA4416	s__	NA	NA	NA	NA	NA	NA	NA	NA	NA	NA	d__Bacteria;p__Bacteroidota;c__Bacteroidia;o__B-17B0;f__B-17BO;g__UBA4416;s__	taxonomic classification fully defined by topology	classification based on placement in class-level tree	NA	66.69	11	0.97303	NA	Neural Network (Specific Model)	11	0.926	6444	319.84922264593723	3527928	0.35	3409	622	22189	None
WM21	WM21_S16_033	97.3	1.01	d__Bacteria	p__Patescibacteria	c__Paceibacteria	o__UBA9973	f__UBA9973	g__UBA8515	s__	NA	NA	NA	NA	NA	NA	NA	NA	NA	NA	d__Bacteria;p__Patescibacteria;c__Paceibacteria;o__UBA9973;f__UBA9973;g__UBA8515;s__	taxonomic classification fully defined by topology	classification based on placement in class-level tree	NA	68.74	11	0.92001	NA	Gradient Boost (General Model)	11	0.907	36068	280.3811787072243	973160	0.33	1052	71	87838	None
WM21	WM21_S16_034	69.5	1.55	d__Bacteria	p__Pseudomonadota	c__Alphaproteobacteria	o__Rhodobacterales	f__Rhodobacteraceae	g__JACMNW01	s__	NA	NA	NA	NA	NA	NA	NA	NA	NA	NA	d__Bacteria;p__Pseudomonadota;c__Alphaproteobacteria;o__Rhodobacterales;f__Rhodobacteraceae;g__JACMNW01;s__	taxonomic novelty determined using RED	classification based on placement in class-level tree	NA	66.4	11	0.99438	NA	Neural Network (Specific Model)	11	0.913	6572	267.16490123103347	3060323	0.58	3493	534	31586	None
WM21	WM21_S16_035	97.95	0.49	d__Bacteria	p__Patescibacteria	c__Paceibacteria	o__UBA9973	f__UBA2100	g__UBA10103	s__	NA	NA	NA	NA	NA	NA	NA	NA	NA	NA	d__Bacteria;p__Patescibacteria;c__Paceibacteria;o__UBA9973;f__UBA2100;g__UBA10103;s__	taxonomic classification fully defined by topology	classification based on placement in class-level tree	NA	66.42	11	0.98519	NA	Gradient Boost (General Model)	11	0.901	239245	295.5283333333333	1178473	0.54	1200	7	482430	None
WM21	WM21_S16_036	93.46	1.02	d__Bacteria	p__Pseudomonadota	c__Gammaproteobacteria	o__Burkholderiales	f__Burkholderiaceae	g__Polaromonas	s__	NA	NA	NA	NA	NA	GCF_016185115.1	95	d__Bacteria;p__Pseudomonadota;c__Gammaproteobacteria;o__Burkholderiales;f__Burkholderiaceae;g__Polaromonas;s__Polaromonas sp016185115	87.78	0.438	d__Bacteria;p__Pseudomonadota;c__Gammaproteobacteria;o__Burkholderiales;f__Burkholderiaceae;g__Polaromonas;s__	taxonomic classification defined by topology and ANI	classification based on placement in class-level tree	NA	66.67	11	0.99412	NA	Gradient Boost (General Model)	11	0.903	19631	298.45963302752295	4314901	0.6	4360	330	81688	None
WM21	WM21_S16_037	70.32	0.16	d__Bacteria	p__Pseudomonadota	c__Alphaproteobacteria	o__Rhizobiales	f__Aestuariivirgaceae	g__Aestuariivirga	s__	NA	NA	NA	NA	NA	NA	NA	NA	NA	NA	d__Bacteria;p__Pseudomonadota;c__Alphaproteobacteria;o__Rhizobiales;f__Aestuariivirgaceae;g__Aestuariivirga;s__	taxonomic classification fully defined by topology	classification based on placement in class-level tree	NA	54.44	11	0.99199	NA	Gradient Boost (General Model)	11	0.929	5567	266.64145768025077	2191248	0.51	2552	427	17622	None
WM21	WM21_S16_038	66.51	0.56	d__Bacteria	p__Spirochaetota	c__Leptospirae	o__Leptospirales	f__Leptospiraceae	g__Leptospira_A	s__	NA	NA	NA	NA	NA	GCF_016918735.1	95	d__Bacteria;p__Spirochaetota;c__Leptospirae;o__Leptospirales;f__Leptospiraceae;g__Leptospira_A;s__Leptospira_A abararensis	91.06	0.543	d__Bacteria;p__Spirochaetota;c__Leptospirae;o__Leptospirales;f__Leptospiraceae;g__Leptospira_A;s__	taxonomic classification defined by topology and ANI	classification based on placement in class-level tree	GCF_000332455.1, s__Leptospira_A vanthielii, 95.0, 91.11, 0.537; GCF_000332515.2, s__Leptospira_A wolbachii, 95.0, 89.7, 0.414; GCF_000332495.1, s__Leptospira_A terpstrae, 95.0, 88.88, 0.393; GCF_016919165.1, s__Leptospira_A chreensis, 95.0, 88.59, 0.324; GCF_004769575.1, s__Leptospira_A perdikensis, 95.0, 87.65, 0.269; GCF_004770265.1, s__Leptospira_A congkakensis, 95.0, 87.48, 0.236; GCF_004769235.1, s__Leptospira_A kanakyensis, 95.0, 87.2, 0.212; GCF_004770905.1, s__Leptospira_A bandrabouensis, 95.0, 87.17, 0.196; GCF_002812125.1, s__Leptospira_A brenneri, 95.0, 87.06, 0.193; GCF_004770475.1, s__Leptospira_A mtsangambouensis, 95.0, 87.05, 0.192; GCF_004770765.1, s__Leptospira_A noumeaensis, 95.0, 87.05, 0.188; GCF_004770045.1, s__Leptospira_A montravelensis, 95.0, 86.95, 0.188; GCF_004770145.1, s__Leptospira_A bourretii, 95.0, 86.93, 0.195; GCF_026151655.1, s__Leptospira_A sp026151655, 95.0, 86.92, 0.185; GCF_004368965.1, s__Leptospira_A meyeri, 95.0, 86.85, 0.195; GCF_002811945.1, s__Leptospira_A harrisiae, 95.0, 86.76, 0.189	50.23	11	0.99709	Genome not assigned to closest species as it falls outside its pre-defined ANI radius	Neural Network (Specific Model)	11	0.924	4913	280.77103099304236	2872794	0.39	3162	605	20349	None
WM21	WM21_S16_039	77.58	1.19	d__Bacteria	p__Patescibacteria	c__JAEDAM01	o__BD1-5	f__UBA2023	g__JABFSX01	s__	NA	NA	NA	NA	NA	NA	NA	NA	NA	NA	d__Bacteria;p__Patescibacteria;c__JAEDAM01;o__BD1-5;f__UBA2023;g__JABFSX01;s__	taxonomic classification fully defined by topology	classification based on placement in class-level tree	NA	63.14	4	0.93019	NA	Gradient Boost (General Model)	4	0.922	9491	273.737400530504	1006158	0.4	1131	144	32708	None
WM21	WM21_S16_040	57.11	2.79	d__Bacteria	p__Bacteroidota	c__Bacteroidia	o__B-17B0	f__B-17BO	g__UBA2475	s__	NA	NA	NA	NA	NA	NA	NA	NA	NA	NA	d__Bacteria;p__Bacteroidota;c__Bacteroidia;o__B-17B0;f__B-17BO;g__UBA2475;s__	taxonomic classification defined by topology and ANI	classification based on placement in class-level tree	GCA_013816615.1, s__UBA2475 sp013816615, 95.0, 87.85, 0.16	49.2	11	0.98446	NA	Gradient Boost (General Model)	11	0.93	4299	304.0555967383247	2641597	0.35	2698	632	14517	None
WM22	WM22_S17_001	100	2.48	d__Bacteria	p__Bacteroidota	c__Bacteroidia	o__Chitinophagales	f__LD1	g__Bog-950	s__	NA	NA	NA	NA	NA	NA	NA	NA	NA	NA	d__Bacteria;p__Bacteroidota;c__Bacteroidia;o__Chitinophagales;f__LD1;g__Bog-950;s__	taxonomic classification fully defined by topology	classification based on placement in class-level tree	NA	98.63	11	0.94133	NA	Gradient Boost (General Model)	11	0.914	54630	342.79675013319127	4216841	0.4	3754	150	125422	None
WM22	WM22_S17_002	99.79	0.38	d__Bacteria	p__Bacteroidota	c__Bacteroidia	o__Chitinophagales	f__Chitinophagaceae	g__Ferruginibacter	s__	NA	NA	NA	NA	NA	NA	NA	NA	NA	NA	d__Bacteria;p__Bacteroidota;c__Bacteroidia;o__Chitinophagales;f__Chitinophagaceae;g__Ferruginibacter;s__	taxonomic classification fully defined by topology	classification based on placement in class-level tree	NA	97.76	11	0.9763	NA	Gradient Boost (General Model)	11	0.892	299334	358.1196428571429	6063128	0.4	5040	66	951540	None
WM22	WM22_S17_003	99.99	1.28	d__Bacteria	p__Bacteroidota	c__Bacteroidia	o__Chitinophagales	f__Chitinophagaceae	g__Sediminibacterium	s__	NA	NA	NA	NA	NA	NA	NA	NA	NA	NA	d__Bacteria;p__Bacteroidota;c__Bacteroidia;o__Chitinophagales;f__Chitinophagaceae;g__Sediminibacterium;s__	taxonomic classification fully defined by topology	classification based on placement in class-level tree	NA	97	11	0.98379	NA	Neural Network (Specific Model)	11	0.895	105492	338.09425895765474	5560739	0.45	4912	87	383977	None
WM22	WM22_S17_004	99.96	0.16	d__Bacteria	p__Bacteroidota	c__Bacteroidia	o__NS11-12g	f__UKL13-3	g__UKL13-3	s__	NA	NA	NA	NA	NA	NA	NA	NA	NA	NA	d__Bacteria;p__Bacteroidota;c__Bacteroidia;o__NS11-12g;f__UKL13-3;g__UKL13-3;s__	taxonomic classification fully defined by topology	classification based on placement in class-level tree	NA	95.71	11	0.97023	NA	Neural Network (Specific Model)	11	0.91	261442	357.03911764705884	3996590	0.42	3400	40	446335	None
WM22	WM22_S17_005	100	0.02	d__Bacteria	p__Bacteroidota	c__Kapaibacteriia	o__Kapaibacteriales	f__UBA2268	g__JAPLFM01	s__	NA	NA	NA	NA	NA	NA	NA	NA	NA	NA	d__Bacteria;p__Bacteroidota;c__Kapaibacteriia;o__Kapaibacteriales;f__UBA2268;g__JAPLFM01;s__	taxonomic novelty determined using RED	classification based on placement in class-level tree	NA	97.2	11	0.85953	NA	Gradient Boost (General Model)	11	0.91	87570	356.75196446873935	3439161	0.34	2927	63	255523	None
WM22	WM22_S17_006	98.98	0.37	d__Bacteria	p__Pseudomonadota	c__Alphaproteobacteria	o__Rhizobiales	f__Aestuariivirgaceae	g__Aestuariivirga	s__	NA	NA	NA	NA	NA	NA	NA	NA	NA	NA	d__Bacteria;p__Pseudomonadota;c__Alphaproteobacteria;o__Rhizobiales;f__Aestuariivirgaceae;g__Aestuariivirga;s__	taxonomic classification fully defined by topology	classification based on placement in class-level tree	NA	95.09	11	0.99244	NA	Gradient Boost (General Model)	11	0.925	43416	298.4345823095823	3143701	0.51	3256	117	177315	None
WM22	WM22_S17_007	100	4.34	d__Bacteria	p__Pseudomonadota	c__Gammaproteobacteria	o__Burkholderiales	f__Burkholderiaceae	g__Paucibacter	s__	NA	NA	NA	NA	NA	GCA_018780645.1	95	d__Bacteria;p__Pseudomonadota;c__Gammaproteobacteria;o__Burkholderiales;f__Burkholderiaceae;g__Paucibacter;s__Paucibacter sp018780645	90.85	0.654	d__Bacteria;p__Pseudomonadota;c__Gammaproteobacteria;o__Burkholderiales;f__Burkholderiaceae;g__Paucibacter;s__	taxonomic classification defined by topology and ANI	classification based on placement in class-level tree	GCF_004362525.1, s__Paucibacter toxinivorans, 95.0, 90.78, 0.603	94.34	11	0.99649	Genome not assigned to closest species as it falls outside its pre-defined ANI radius	Neural Network (Specific Model)	11	0.917	46069	331.8082650158943	6480168	0.66	5977	226	163457	None
WM22	WM22_S17_008	100	1.19	d__Bacteria	p__Bacteroidota	c__Bacteroidia	o__Chitinophagales	f__LD1	g__Bog-950	s__	NA	NA	NA	NA	NA	NA	NA	NA	NA	NA	d__Bacteria;p__Bacteroidota;c__Bacteroidia;o__Chitinophagales;f__LD1;g__Bog-950;s__	taxonomic classification fully defined by topology	classification based on placement in class-level tree	NA	93.57	11	0.95386	NA	Gradient Boost (General Model)	11	0.908	42655	363.90966122961106	5742054	0.43	4782	228	406547	None
WM22	WM22_S17_009	97.99	5.15	d__Bacteria	p__Bacteroidota	c__Bacteroidia	o__Chitinophagales	f__Chitinophagaceae	g__Sediminibacterium	s__Sediminibacterium sp017996795	GCA_017996795.1	95	d__Bacteria;p__Bacteroidota;c__Bacteroidia;o__Chitinophagales;f__Chitinophagaceae;g__Sediminibacterium;s__Sediminibacterium sp017996795	95.86	0.809	GCA_017996795.1	95	d__Bacteria;p__Bacteroidota;c__Bacteroidia;o__Chitinophagales;f__Chitinophagaceae;g__Sediminibacterium;s__Sediminibacterium sp017996795	95.86	0.809	d__Bacteria;p__Bacteroidota;c__Bacteroidia;o__Chitinophagales;f__Chitinophagaceae;g__Sediminibacterium;s__	taxonomic classification defined by topology and ANI	topological placement and ANI have congruent species assignments	GCA_002281875.1, s__Sediminibacterium sp002281875, 95.0, 90.15, 0.608; GCA_001829005.1, s__Sediminibacterium sp001829005, 95.0, 90.14, 0.611; GCF_030695065.1, s__Sediminibacterium sp030695065, 95.0, 87.65, 0.467; GCA_002281575.1, s__Sediminibacterium sp002281575, 95.0, 87.39, 0.441; GCA_002786355.1, s__Sediminibacterium sp002786355, 95.0, 85.11, 0.266	92.67	11	NA	NA	Gradient Boost (General Model)	11	0.938	18019	325.2562172774869	3174903	0.36	3056	273	86909	None
WM22	WM22_S17_010	94.27	3.56	d__Bacteria	p__Pseudomonadota	c__Alphaproteobacteria	o__Rickettsiales	f__Rickettsiaceae	g__GCA-2402195	s__GCA-2402195 sp945865485	GCA_945865485.1	95	d__Bacteria;p__Pseudomonadota;c__Alphaproteobacteria;o__Rickettsiales;f__Rickettsiaceae;g__GCA-2402195;s__GCA-2402195 sp945865485	97.36	0.808	GCA_945865485.1	95	d__Bacteria;p__Pseudomonadota;c__Alphaproteobacteria;o__Rickettsiales;f__Rickettsiaceae;g__GCA-2402195;s__GCA-2402195 sp945865485	97.36	0.808	d__Bacteria;p__Pseudomonadota;c__Alphaproteobacteria;o__Rickettsiales;f__Rickettsiaceae;g__GCA-2402195;s__	taxonomic classification defined by topology and ANI	topological placement and ANI have congruent species assignments	NA	91.06	11	NA	NA	Neural Network (Specific Model)	11	0.863	12807	287.742194092827	2365862	0.35	2370	263	88036	None
WM22	WM22_S17_011	94.94	2.26	d__Bacteria	p__Actinomycetota	c__Actinomycetes	o__Actinomycetales	f__Microbacteriaceae	g__Rhodoglobus	s__	NA	NA	NA	NA	NA	GCA_020160915.1	95	d__Bacteria;p__Actinomycetota;c__Actinomycetes;o__Actinomycetales;f__Microbacteriaceae;g__Rhodoglobus;s__Rhodoglobus sp020160915	92.65	0.708	d__Bacteria;p__Actinomycetota;c__Actinomycetes;o__Actinomycetales;f__Microbacteriaceae;g__Rhodoglobus;s__	taxonomic classification defined by topology and ANI	classification based on placement in class-level tree	NA	89.63	11	0.99593	Genome not assigned to closest species as it falls outside its pre-defined ANI radius	Gradient Boost (General Model)	11	0.933	22738	285.56258712015614	3287159	0.67	3587	209	91721	None
WM22	WM22_S17_012	97.69	1.68	d__Bacteria	p__Bacteroidota	c__Bacteroidia	o__Chitinophagales	f__Chitinophagaceae	g__UBA3961	s__	NA	NA	NA	NA	NA	GCA_016721085.1	95	d__Bacteria;p__Bacteroidota;c__Bacteroidia;o__Chitinophagales;f__Chitinophagaceae;g__UBA3961;s__UBA3961 sp016721085	89.95	0.567	d__Bacteria;p__Bacteroidota;c__Bacteroidia;o__Chitinophagales;f__Chitinophagaceae;g__UBA3961;s__	taxonomic classification defined by topology and ANI	classification based on placement in class-level tree	NA	89.1	11	0.99571	Genome not assigned to closest species as it falls outside its pre-defined ANI radius	Gradient Boost (General Model)	11	0.877	15085	340.7467188579323	5056510	0.4	4343	455	85784	None
WM22	WM22_S17_013	100	2.06	d__Bacteria	p__Bacteroidota	c__Bacteroidia	o__Chitinophagales	f__Chitinophagaceae	g__CAIVPM01	s__	NA	NA	NA	NA	NA	GCA_018335935.1	95	d__Bacteria;p__Bacteroidota;c__Bacteroidia;o__Chitinophagales;f__Chitinophagaceae;g__CAIVPM01;s__CAIVPM01 sp018335935	83.78	0.25	d__Bacteria;p__Bacteroidota;c__Bacteroidia;o__Chitinophagales;f__Chitinophagaceae;g__CAIVPM01;s__	taxonomic classification defined by topology and ANI	classification based on placement in class-level tree	NA	84.11	11	0.98186	Genome has more than 11.7% of markers with multiple hits	Gradient Boost (General Model)	11	0.927	63541	344.54253472222223	2565429	0.3	2304	82	272863	None
WM22	WM22_S17_014	95.6	3.34	d__Bacteria	p__Bacteroidota	c__Bacteroidia	o__NS11-12g	f__UKL13-3	g__JAAFJM01	s__	NA	NA	NA	NA	NA	NA	NA	NA	NA	NA	d__Bacteria;p__Bacteroidota;c__Bacteroidia;o__NS11-12g;f__UKL13-3;g__JAAFJM01;s__	taxonomic novelty determined using RED	classification based on placement in class-level tree	NA	88.02	11	0.93381	NA	Gradient Boost (General Model)	11	0.905	10537	322.71097939599207	3785657	0.35	3543	471	35638	None
WM22	WM22_S17_015	85.77	2.69	d__Bacteria	p__Pseudomonadota	c__Gammaproteobacteria	o__Xanthomonadales	f__Xanthomonadaceae	g__Arenimonas	s__	NA	NA	NA	NA	NA	NA	NA	NA	NA	NA	d__Bacteria;p__Pseudomonadota;c__Gammaproteobacteria;o__Xanthomonadales;f__Xanthomonadaceae;g__Arenimonas;s__	taxonomic classification fully defined by topology	classification based on placement in class-level tree	NA	82.94	11	0.97267	NA	Neural Network (Specific Model)	11	0.933	10157	286.38956805215975	2255593	0.47	2454	297	43994	None
WM22	WM22_S17_016	89.13	3.75	d__Bacteria	p__Bacteroidota	c__Bacteroidia	o__Chitinophagales	f__Chitinophagaceae	g__Ferruginibacter	s__	NA	NA	NA	NA	NA	NA	NA	NA	NA	NA	d__Bacteria;p__Bacteroidota;c__Bacteroidia;o__Chitinophagales;f__Chitinophagaceae;g__Ferruginibacter;s__	taxonomic classification defined by topology and ANI	classification based on placement in class-level tree	GCA_030157685.1, s__Ferruginibacter sp030157685, 95.0, 87.29, 0.296; GCA_016715365.1, s__Ferruginibacter sp016715365, 95.0, 86.49, 0.267; GCA_016710935.1, s__Ferruginibacter sp016710935, 95.0, 85.17, 0.207	82.54	11	0.98361	NA	Gradient Boost (General Model)	11	0.892	10463	305.67718383311603	3935940	0.39	3835	488	39900	None
WM22	WM22_S17_017	84.39	1.67	d__Bacteria	p__Pseudomonadota	c__Gammaproteobacteria	o__Burkholderiales	f__Burkholderiaceae	g__LMDS01	s__	NA	NA	NA	NA	NA	GCA_025359585.1	95	d__Bacteria;p__Pseudomonadota;c__Gammaproteobacteria;o__Burkholderiales;f__Burkholderiaceae;g__LMDS01;s__LMDS01 sp025359585	88.59	0.305	d__Bacteria;p__Pseudomonadota;c__Gammaproteobacteria;o__Burkholderiales;f__Burkholderiaceae;g__LMDS01;s__	taxonomic classification defined by topology and ANI	classification based on placement in class-level tree	NA	82.96	11	0.98877	NA	Gradient Boost (General Model)	11	0.926	6458	273.7227122381477	3210773	0.67	3628	557	23737	None
WM22	WM22_S17_018	94.25	3.47	d__Bacteria	p__Bacteroidota	c__Bacteroidia	o__Cytophagales	f__Cyclobacteriaceae	g__ELB16-189	s__	NA	NA	NA	NA	NA	NA	NA	NA	NA	NA	d__Bacteria;p__Bacteroidota;c__Bacteroidia;o__Cytophagales;f__Cyclobacteriaceae;g__ELB16-189;s__	taxonomic classification fully defined by topology	classification based on placement in class-level tree	NA	84.41	11	0.96959	NA	Gradient Boost (General Model)	11	0.92	20054	303.9139354515887	3954863	0.4	3997	314	103198	None
WM22	WM22_S17_019	90.54	10.6	d__Bacteria	p__Pseudomonadota	c__Alphaproteobacteria	o__Rhizobiales	f__Xanthobacteraceae	g__Afipia	s__	NA	NA	NA	NA	NA	NA	NA	NA	NA	NA	d__Bacteria;p__Pseudomonadota;c__Alphaproteobacteria;o__Rhizobiales;f__Xanthobacteraceae;g__Afipia;s__	taxonomic classification defined by topology and ANI	classification based on placement in class-level tree	GCA_024707075.1, s__Afipia sp024707075, 95.0, 86.48, 0.282; GCF_000314675.2, s__Afipia broomeae, 95.0, 86.26, 0.267; GCA_017474385.1, s__Afipia sp017474385, 95.0, 85.37, 0.231; GCF_000497575.1, s__Afipia sp000497575, 95.0, 85.05, 0.214; GCF_021502575.1, s__Afipia sp021502575, 95.0, 84.86, 0.258; GCF_001006325.2, s__Afipia massiliensis_A, 95.0, 84.63, 0.229; GCF_014203115.1, s__Afipia massiliensis, 95.0, 84.62, 0.21; GCA_030652315.1, s__Afipia sp030652315, 95.0, 84.58, 0.211; GCF_000336555.1, s__Afipia clevelandensis, 95.0, 84.14, 0.162; GCF_000308295.2, s__Afipia birgiae, 95.0, 83.88, 0.189	79.09	11	0.98508	NA	Neural Network (Specific Model)	11	0.869	32292	283.1864813861726	5685031	0.6	5829	298	136593	None
WM22	WM22_S17_020	89.85	5.51	d__Bacteria	p__Pseudomonadota	c__Gammaproteobacteria	o__Burkholderiales	f__Burkholderiaceae	g__JACPVY01	s__	NA	NA	NA	NA	NA	NA	NA	NA	NA	NA	d__Bacteria;p__Pseudomonadota;c__Gammaproteobacteria;o__Burkholderiales;f__Burkholderiaceae;g__JACPVY01;s__	taxonomic novelty determined using RED	classification based on placement in class-level tree	NA	80.99	11	0.9642	NA	Gradient Boost (General Model)	11	0.876	16420	323.23038156947445	7674901	0.51	6945	697	79720	None
WM22	WM22_S17_021	89.58	7.37	d__Bacteria	p__Pseudomonadota	c__Alphaproteobacteria	o__Rhizobiales	f__Xanthobacteraceae	g__Bradyrhizobium	s__	NA	NA	NA	NA	NA	GCA_029946075.1	95	d__Bacteria;p__Pseudomonadota;c__Alphaproteobacteria;o__Rhizobiales;f__Xanthobacteraceae;g__Bradyrhizobium;s__Bradyrhizobium sp029946075	91.88	0.504	d__Bacteria;p__Pseudomonadota;c__Alphaproteobacteria;o__Rhizobiales;f__Xanthobacteraceae;g__Bradyrhizobium;s__	taxonomic classification defined by topology and ANI	classification based on placement in class-level tree	GCF_030413175.1, s__Bradyrhizobium sp030413175, 95.0, 84.96, 0.19; GCF_023101085.1, s__Bradyrhizobium sp023101085, 95.0, 84.89, 0.188; GCF_018596315.1, s__Bradyrhizobium sp018596315, 95.0, 84.85, 0.197; GCF_018130385.1, s__Bradyrhizobium sp018130385, 95.0, 84.74, 0.185; GCF_003062295.1, s__Bradyrhizobium algeriense, 95.0, 84.71, 0.185; GCF_023073415.1, s__Bradyrhizobium sp023073415, 95.0, 84.68, 0.183; GCA_023387735.1, s__Bradyrhizobium sp023387735, 95.0, 84.64, 0.182; GCF_023100945.1, s__Bradyrhizobium sp023100945, 95.0, 84.63, 0.178; GCF_001440475.1, s__Bradyrhizobium lablabi, 95.0, 84.57, 0.18; GCF_001440395.1, s__Bradyrhizobium jicamae, 95.0, 84.56, 0.176; GCF_009930815.1, s__Bradyrhizobium sp009930815, 95.0, 84.56, 0.175; GCF_001693515.2, s__Bradyrhizobium paxllaeri, 95.0, 84.45, 0.18; GCF_001693385.1, s__Bradyrhizobium icense, 95.0, 84.39, 0.16; GCF_029714305.1, s__Bradyrhizobium sp029714305, 95.0, 84.36, 0.158; GCF_900103365.1, s__Bradyrhizobium sp900103365, 95.0, 84.3, 0.152; GCF_900099825.1, s__Bradyrhizobium ottawaense_A, 95.0, 84.29, 0.164; GCA_023422775.1, s__Bradyrhizobium sp023422775, 95.0, 84.09, 0.164; GCF_029051645.1, s__Bradyrhizobium sp029051645, 95.0, 84.02, 0.159; GCF_018130065.1, s__Bradyrhizobium sp018130065, 95.0, 83.99, 0.15; GCF_001693485.1, s__Bradyrhizobium sp001693485, 95.0, 83.99, 0.15; GCF_001440405.1, s__Bradyrhizobium valentinum, 95.0, 83.84, 0.152; GCF_000472965.1, s__Bradyrhizobium murdochi, 95.0, 83.8, 0.154; GCF_022844465.1, s__Bradyrhizobium sp022844465, 95.0, 83.75, 0.164	76.11	11	0.99664	Genome not assigned to closest species as it falls outside its pre-defined ANI radius;Genome has more than 10.0% of markers with multiple hits	Neural Network (Specific Model)	11	0.867	15882	281.08367475575164	6164984	0.63	6346	539	75339	None
WM22	WM22_S17_022	92.42	8.8	d__Bacteria	p__Pseudomonadota	c__Alphaproteobacteria	o__Rhizobiales	f__Xanthobacteraceae	g__Afipia	s__Afipia broomeae	GCF_000314675.2	95	d__Bacteria;p__Pseudomonadota;c__Alphaproteobacteria;o__Rhizobiales;f__Xanthobacteraceae;g__Afipia;s__Afipia broomeae	97.85	0.871	GCF_000314675.2	95	d__Bacteria;p__Pseudomonadota;c__Alphaproteobacteria;o__Rhizobiales;f__Xanthobacteraceae;g__Afipia;s__Afipia broomeae	97.85	0.871	d__Bacteria;p__Pseudomonadota;c__Alphaproteobacteria;o__Rhizobiales;f__Xanthobacteraceae;g__Afipia;s__	taxonomic classification defined by topology and ANI	topological placement and ANI have congruent species assignments	GCF_000497575.1, s__Afipia sp000497575, 95.0, 90.29, 0.593; GCA_017474385.1, s__Afipia sp017474385, 95.0, 89.07, 0.438; GCF_000308295.2, s__Afipia birgiae, 95.0, 85.76, 0.276; GCF_014203115.1, s__Afipia massiliensis, 95.0, 85.27, 0.265; GCF_001006325.2, s__Afipia massiliensis_A, 95.0, 85.19, 0.271; GCF_000336555.1, s__Afipia clevelandensis, 95.0, 84.93, 0.231; GCA_030652315.1, s__Afipia sp030652315, 95.0, 84.92, 0.238; GCA_024508675.1, s__Afipia sp024508675, 95.0, 84.61, 0.211; GCA_024707075.1, s__Afipia sp024707075, 95.0, 84.25, 0.187; GCF_021502575.1, s__Afipia sp021502575, 95.0, 83.99, 0.17; GCA_017308595.1, s__Afipia sp017308595, 95.0, 83.82, 0.163	74.64	11	NA	Genome has more than 12.5% of markers with multiple hits	Neural Network (Specific Model)	11	0.884	16664	287.82602979842244	4453618	0.62	4564	389	79060	None
WM22	WM22_S17_023	86.58	1.23	d__Bacteria	p__Bacteroidota	c__Bacteroidia	o__Chitinophagales	f__Chitinophagaceae	g__Sediminibacterium	s__	NA	NA	NA	NA	NA	GCA_008080615.1	95	d__Bacteria;p__Bacteroidota;c__Bacteroidia;o__Chitinophagales;f__Chitinophagaceae;g__Sediminibacterium;s__Sediminibacterium sp008080615	89.27	0.466	d__Bacteria;p__Bacteroidota;c__Bacteroidia;o__Chitinophagales;f__Chitinophagaceae;g__Sediminibacterium;s__	taxonomic classification defined by topology and ANI	classification based on placement in class-level tree	NA	77.48	11	0.99057	NA	Neural Network (Specific Model)	11	0.934	9549	320.5548455804047	2896585	0.36	2817	387	31976	None
WM22	WM22_S17_024	78.77	2.6	d__Bacteria	p__Pseudomonadota	c__Alphaproteobacteria	o__Rhodobacterales	f__Rhodobacteraceae	g__JACMNW01	s__	NA	NA	NA	NA	NA	NA	NA	NA	NA	NA	d__Bacteria;p__Pseudomonadota;c__Alphaproteobacteria;o__Rhodobacterales;f__Rhodobacteraceae;g__JACMNW01;s__	taxonomic novelty determined using RED	classification based on placement in class-level tree	NA	69.26	11	0.99014	NA	Neural Network (Specific Model)	11	0.903	8784	267.1645359848485	3736713	0.58	4224	502	45059	None
WM22	WM22_S17_025	85.11	1.22	d__Bacteria	p__Pseudomonadota	c__Alphaproteobacteria	o__Caulobacterales	f__Caulobacteraceae	g__Phenylobacterium	s__	NA	NA	NA	NA	NA	NA	NA	NA	NA	NA	d__Bacteria;p__Pseudomonadota;c__Alphaproteobacteria;o__Caulobacterales;f__Caulobacteraceae;g__Phenylobacterium;s__	taxonomic classification fully defined by topology	classification based on placement in class-level tree	NA	69.65	11	0.92713	NA	Gradient Boost (General Model)	11	0.898	6892	266.61157966719855	3900005	0.69	4387	648	30003	None
WM22	WM22_S17_026	85.54	9.19	d__Bacteria	p__Pseudomonadota	c__Gammaproteobacteria	o__Burkholderiales	f__Burkholderiaceae	g__Polaromonas	s__	NA	NA	NA	NA	NA	GCF_016185115.1	95	d__Bacteria;p__Pseudomonadota;c__Gammaproteobacteria;o__Burkholderiales;f__Burkholderiaceae;g__Polaromonas;s__Polaromonas sp016185115	87.85	0.402	d__Bacteria;p__Pseudomonadota;c__Gammaproteobacteria;o__Burkholderiales;f__Burkholderiaceae;g__Polaromonas;s__	taxonomic classification defined by topology and ANI	classification based on placement in class-level tree	NA	67.17	11	0.99335	NA	Gradient Boost (General Model)	11	0.898	13783	286.0238607471152	4874724	0.59	5113	507	86528	None
WM22	WM22_S17_027	99.98	0.07	d__Bacteria	p__Patescibacteria	c__Paceibacteria	o__UBA9973	f__UBA2100	g__UBA10103	s__	NA	NA	NA	NA	NA	NA	NA	NA	NA	NA	d__Bacteria;p__Patescibacteria;c__Paceibacteria;o__UBA9973;f__UBA2100;g__UBA10103;s__	taxonomic classification fully defined by topology	classification based on placement in class-level tree	NA	68.86	11	0.985	NA	Gradient Boost (General Model)	11	0.901	140589	292.8323301805675	1131025	0.54	1163	12	313413	None
WM22	WM22_S17_028	99.8	0.49	d__Bacteria	p__Patescibacteria	c__Paceibacteria	o__UBA9973	f__UBA2100	g__UBA10103	s__	NA	NA	NA	NA	NA	NA	NA	NA	NA	NA	d__Bacteria;p__Patescibacteria;c__Paceibacteria;o__UBA9973;f__UBA2100;g__UBA10103;s__	taxonomic classification fully defined by topology	classification based on placement in class-level tree	NA	67.63	11	0.94703	NA	Gradient Boost (General Model)	11	0.914	57160	271.5148936170213	836457	0.53	940	25	114506	None
WM22	WM22_S17_029	75.26	3.07	d__Bacteria	p__Pseudomonadota	c__Alphaproteobacteria	o__Rhodospirillales	f__Rhodospirillaceae	g__GCA-2737725	s__	NA	NA	NA	NA	NA	NA	NA	NA	NA	NA	d__Bacteria;p__Pseudomonadota;c__Alphaproteobacteria;o__Rhodospirillales;f__Rhodospirillaceae;g__GCA-2737725;s__	taxonomic classification fully defined by topology	classification based on placement in class-level tree	NA	64.75	11	0.94932	NA	Gradient Boost (General Model)	11	0.901	6996	262.4181091877497	3276896	0.6	3755	543	34801	None
WM22	WM22_S17_030	80.13	3.18	d__Bacteria	p__Actinomycetota	c__Actinomycetes	o__Actinomycetales	f__Microbacteriaceae	g__Rhodoglobus	s__Rhodoglobus sp903920435	GCA_903920435.1	95	d__Bacteria;p__Actinomycetota;c__Actinomycetes;o__Actinomycetales;f__Microbacteriaceae;g__Rhodoglobus;s__Rhodoglobus sp903920435	97.8	0.841	GCA_903920435.1	95	d__Bacteria;p__Actinomycetota;c__Actinomycetes;o__Actinomycetales;f__Microbacteriaceae;g__Rhodoglobus;s__Rhodoglobus sp903920435	97.8	0.841	d__Bacteria;p__Actinomycetota;c__Actinomycetes;o__Actinomycetales;f__Microbacteriaceae;g__Rhodoglobus;s__	taxonomic classification defined by topology and ANI	topological placement and ANI have congruent species assignments	GCA_001725325.1, s__Rhodoglobus sp001725325, 95.0, 87.65, 0.295; GCA_025463515.1, s__Rhodoglobus sp025463515, 95.0, 86.85, 0.216	63.59	11	NA	NA	Neural Network (Specific Model)	11	0.938	7662	268.0840950639854	2807245	0.69	3282	420	47758	None
WM22	WM22_S17_031	75.4	4.29	d__Bacteria	p__Pseudomonadota	c__Gammaproteobacteria	o__Xanthomonadales	f__Xanthomonadaceae	g__SCMT01	s__	NA	NA	NA	NA	NA	GCA_020692565.1	95	d__Bacteria;p__Pseudomonadota;c__Gammaproteobacteria;o__Xanthomonadales;f__Xanthomonadaceae;g__SCMT01;s__SCMT01 sp020692565	89.81	0.366	d__Bacteria;p__Pseudomonadota;c__Gammaproteobacteria;o__Xanthomonadales;f__Xanthomonadaceae;g__SCMT01;s__	taxonomic classification defined by topology and ANI	classification based on placement in class-level tree	NA	58.09	11	0.9878	NA	Gradient Boost (General Model)	11	0.875	7180	290.1598074608905	4124705	0.65	4155	675	68738	None
WM22	WM22_S17_032	73.45	1.31	d__Bacteria	p__Bacteroidota	c__Bacteroidia	o__2-12-FULL-35-15	f__2-12-FULL-35-15	g__2-12-FULL-35-15	s__	NA	NA	NA	NA	NA	NA	NA	NA	NA	NA	d__Bacteria;p__Bacteroidota;c__Bacteroidia;o__2-12-FULL-35-15;f__2-12-FULL-35-15;g__2-12-FULL-35-15;s__	taxonomic classification fully defined by topology	classification based on placement in class-level tree	NA	55.53	11	0.93138	NA	Gradient Boost (General Model)	11	0.915	6702	322.8974926253687	4299741	0.39	4068	716	35924	None
WM22	WM22_S17_033	71.47	3.2	d__Bacteria	p__Bacteroidota	c__Bacteroidia	o__B-17B0	f__B-17BO	g__UBA4416	s__	NA	NA	NA	NA	NA	NA	NA	NA	NA	NA	d__Bacteria;p__Bacteroidota;c__Bacteroidia;o__B-17B0;f__B-17BO;g__UBA4416;s__	taxonomic classification fully defined by topology	classification based on placement in class-level tree	NA	50.07	11	0.97419	NA	Neural Network (Specific Model)	11	0.926	5380	318.8401826484018	3161375	0.35	3066	621	31568	None
WM22	WM22_S17_034	59.88	1.27	d__Bacteria	p__Pseudomonadota	c__Alphaproteobacteria	o__Rhodobacterales	f__Rhodobacteraceae	g__JAIYDJ01	s__	NA	NA	NA	NA	NA	NA	NA	NA	NA	NA	d__Bacteria;p__Pseudomonadota;c__Alphaproteobacteria;o__Rhodobacterales;f__Rhodobacteraceae;g__JAIYDJ01;s__	taxonomic novelty determined using RED	classification based on placement in class-level tree	NA	47.98	11	0.96935	NA	Gradient Boost (General Model)	11	0.907	4571	253.0681362725451	1665757	0.59	1996	373	16019	None
WM22	WM22_S17_035	74.46	5.05	d__Bacteria	p__Pseudomonadota	c__Gammaproteobacteria	o__Burkholderiales	f__Burkholderiaceae	g__Polaromonas	s__	NA	NA	NA	NA	NA	GCF_016185115.1	95	d__Bacteria;p__Pseudomonadota;c__Gammaproteobacteria;o__Burkholderiales;f__Burkholderiaceae;g__Polaromonas;s__Polaromonas sp016185115	88.66	0.4	d__Bacteria;p__Pseudomonadota;c__Gammaproteobacteria;o__Burkholderiales;f__Burkholderiaceae;g__Polaromonas;s__	taxonomic classification defined by topology and ANI	classification based on placement in class-level tree	NA	47.27	11	0.99204	NA	Gradient Boost (General Model)	11	0.909	9118	280.6030891645214	3951379	0.6	4273	529	58070	None
WM22	WM22_S17_036	50.97	1.75	d__Bacteria	p__Pseudomonadota	c__Alphaproteobacteria	o__Rhodobacterales	f__Rhodobacteraceae	g__Tabrizicola	s__	NA	NA	NA	NA	NA	GCA_903917595.1	95	d__Bacteria;p__Pseudomonadota;c__Alphaproteobacteria;o__Rhodobacterales;f__Rhodobacteraceae;g__Tabrizicola;s__Tabrizicola sp903917595	87.35	0.198	d__Bacteria;p__Pseudomonadota;c__Alphaproteobacteria;o__Rhodobacterales;f__Rhodobacteraceae;g__Tabrizicola;s__	taxonomic classification defined by topology and ANI	classification based on placement in class-level tree	NA	46	11	0.99485	NA	Neural Network (Specific Model)	11	0.902	4392	242.1657922350472	2298985	0.63	2859	526	19707	None
WM22	WM22_S17_037	46.55	0.49	d__Bacteria	p__Bacteroidota	c__Bacteroidia	o__Cytophagales_A	f__Amoebophilaceae	g__	s__	NA	NA	NA	NA	NA	NA	NA	NA	NA	NA	d__Bacteria;p__Bacteroidota;c__Bacteroidia;o__Cytophagales_A;f__Amoebophilaceae;g__;s__	taxonomic novelty determined using RED	classification based on placement in class-level tree	NA	46.32	11	0.7699	NA	Neural Network (Specific Model)	11	0.882	3497	311.76722090261285	446080	0.34	421	120	11032	None
WM22	WM22_S17_038	47.56	3.01	d__Bacteria	p__Pseudomonadota	c__Gammaproteobacteria	o__Burkholderiales	f__Burkholderiaceae	g__Aquabacterium_A	s__	NA	NA	NA	NA	NA	NA	NA	NA	NA	NA	d__Bacteria;p__Pseudomonadota;c__Gammaproteobacteria;o__Burkholderiales;f__Burkholderiaceae;g__Aquabacterium_A;s__	taxonomic classification fully defined by topology	classification based on placement in class-level tree	NA	41.27	11	0.95684	NA	Gradient Boost (General Model)	11	0.921	3496	260.2679069767442	1818983	0.64	2150	498	12961	None
WM23	WM23_S18_001	100	2.97	d__Bacteria	p__Bacteroidota	c__Bacteroidia	o__Chitinophagales	f__LD1	g__Bog-950	s__	NA	NA	NA	NA	NA	NA	NA	NA	NA	NA	d__Bacteria;p__Bacteroidota;c__Bacteroidia;o__Chitinophagales;f__LD1;g__Bog-950;s__	taxonomic classification fully defined by topology	classification based on placement in class-level tree	NA	98.67	11	0.94136	NA	Gradient Boost (General Model)	11	0.913	75535	344.2977931401223	4246966	0.4	3761	115	287071	None
WM23	WM23_S18_002	100	2.14	d__Bacteria	p__Bacteroidota	c__Bacteroidia	o__2-12-FULL-35-15	f__2-12-FULL-35-15	g__2-12-FULL-35-15	s__	NA	NA	NA	NA	NA	NA	NA	NA	NA	NA	d__Bacteria;p__Bacteroidota;c__Bacteroidia;o__2-12-FULL-35-15;f__2-12-FULL-35-15;g__2-12-FULL-35-15;s__	taxonomic classification fully defined by topology	classification based on placement in class-level tree	NA	97.99	11	0.96548	NA	Gradient Boost (General Model)	11	0.916	437384	377.564084989719	5405104	0.39	4377	32	1067084	None
WM23	WM23_S18_003	99.79	0.21	d__Bacteria	p__Bacteroidota	c__Bacteroidia	o__Chitinophagales	f__Chitinophagaceae	g__Ferruginibacter	s__	NA	NA	NA	NA	NA	NA	NA	NA	NA	NA	d__Bacteria;p__Bacteroidota;c__Bacteroidia;o__Chitinophagales;f__Chitinophagaceae;g__Ferruginibacter;s__	taxonomic classification fully defined by topology	classification based on placement in class-level tree	NA	97.76	11	0.9763	NA	Gradient Boost (General Model)	11	0.892	402608	358.42057212416313	5936324	0.4	4929	58	716436	None
WM23	WM23_S18_004	99.98	1.7	d__Bacteria	p__Bacteroidota	c__Bacteroidia	o__Chitinophagales	f__Chitinophagaceae	g__Sediminibacterium	s__	NA	NA	NA	NA	NA	NA	NA	NA	NA	NA	d__Bacteria;p__Bacteroidota;c__Bacteroidia;o__Chitinophagales;f__Chitinophagaceae;g__Sediminibacterium;s__	taxonomic classification fully defined by topology	classification based on placement in class-level tree	NA	97.84	11	0.98402	NA	Gradient Boost (General Model)	11	0.896	109171	338.57412672623883	5576953	0.45	4924	80	248072	None
WM23	WM23_S18_005	99.41	1.24	d__Bacteria	p__Bacteroidota	c__Bacteroidia	o__Chitinophagales	f__LD1	g__Bog-950	s__	NA	NA	NA	NA	NA	NA	NA	NA	NA	NA	d__Bacteria;p__Bacteroidota;c__Bacteroidia;o__Chitinophagales;f__LD1;g__Bog-950;s__	taxonomic classification fully defined by topology	classification based on placement in class-level tree	NA	97.72	11	0.95374	NA	Gradient Boost (General Model)	11	0.908	101515	374.644093142491	5791084	0.43	4681	105	268222	None
WM23	WM23_S18_006	99.9	0.35	d__Bacteria	p__Bacteroidota	c__Bacteroidia	o__NS11-12g	f__UKL13-3	g__UKL13-3	s__	NA	NA	NA	NA	NA	NA	NA	NA	NA	NA	d__Bacteria;p__Bacteroidota;c__Bacteroidia;o__NS11-12g;f__UKL13-3;g__UKL13-3;s__	taxonomic classification fully defined by topology	classification based on placement in class-level tree	NA	96.5	11	0.97049	NA	Neural Network (Specific Model)	11	0.911	213348	360.48446833930706	3966398	0.42	3348	43	511092	None
WM23	WM23_S18_007	100	0.49	d__Bacteria	p__Bacteroidota	c__Bacteroidia	o__Chitinophagales	f__Chitinophagaceae	g__JJ008	s__JJ008 sp016786805	GCA_016786805.1	95	d__Bacteria;p__Bacteroidota;c__Bacteroidia;o__Chitinophagales;f__Chitinophagaceae;g__JJ008;s__JJ008 sp016786805	98.85	0.874	GCA_016786805.1	95	d__Bacteria;p__Bacteroidota;c__Bacteroidia;o__Chitinophagales;f__Chitinophagaceae;g__JJ008;s__JJ008 sp016786805	98.85	0.874	d__Bacteria;p__Bacteroidota;c__Bacteroidia;o__Chitinophagales;f__Chitinophagaceae;g__JJ008;s__	taxonomic classification defined by topology and ANI	topological placement and ANI have congruent species assignments	GCA_017303455.1, s__JJ008 sp017303455, 95.0, 91.58, 0.692; GCA_902826165.1, s__JJ008 sp902826165, 95.0, 91.44, 0.748; GCA_002400415.1, s__JJ008 sp002400415, 95.0, 85.48, 0.406	97.72	11	NA	NA	Gradient Boost (General Model)	11	0.919	514511	332.3336944745395	4999689	0.42	4615	27	1157216	None
WM23	WM23_S18_008	100	0.04	d__Bacteria	p__Bacteroidota	c__Kapaibacteriia	o__Kapaibacteriales	f__UBA2268	g__JAPLFM01	s__	NA	NA	NA	NA	NA	NA	NA	NA	NA	NA	d__Bacteria;p__Bacteroidota;c__Kapaibacteriia;o__Kapaibacteriales;f__UBA2268;g__JAPLFM01;s__	taxonomic novelty determined using RED	classification based on placement in class-level tree	NA	97.2	11	0.85953	NA	Gradient Boost (General Model)	11	0.911	121624	358.4521497919556	3400680	0.34	2884	54	336298	None
WM23	WM23_S18_009	98.61	0.7	d__Bacteria	p__Bacteroidota	c__Bacteroidia	o__Chitinophagales	f__Chitinophagaceae	g__Sediminibacterium	s__	NA	NA	NA	NA	NA	GCA_008080615.1	95	d__Bacteria;p__Bacteroidota;c__Bacteroidia;o__Chitinophagales;f__Chitinophagaceae;g__Sediminibacterium;s__Sediminibacterium sp008080615	89.91	0.573	d__Bacteria;p__Bacteroidota;c__Bacteroidia;o__Chitinophagales;f__Chitinophagaceae;g__Sediminibacterium;s__	taxonomic classification defined by topology and ANI	classification based on placement in class-level tree	NA	96.35	11	0.9909	Genome not assigned to closest species as it falls outside its pre-defined ANI radius	Gradient Boost (General Model)	11	0.932	62481	347.1426157485637	3301701	0.35	2959	96	227282	None
WM23	WM23_S18_010	99.99	0.66	d__Bacteria	p__Bacteroidota	c__Bacteroidia	o__Cytophagales	f__Cytophagaceae	g__JANYCO01	s__	NA	NA	NA	NA	NA	NA	NA	NA	NA	NA	d__Bacteria;p__Bacteroidota;c__Bacteroidia;o__Cytophagales;f__Cytophagaceae;g__JANYCO01;s__	taxonomic novelty determined using RED	classification based on placement in class-level tree	NA	94.82	11	0.95079	NA	Neural Network (Specific Model)	11	0.892	64577	347.39406502291075	5347180	0.4	4583	128	273950	None
WM23	WM23_S18_011	96.53	5.19	d__Bacteria	p__Actinomycetota	c__Actinomycetes	o__Actinomycetales	f__Microbacteriaceae	g__Rhodoglobus	s__	NA	NA	NA	NA	NA	GCA_020160915.1	95	d__Bacteria;p__Actinomycetota;c__Actinomycetes;o__Actinomycetales;f__Microbacteriaceae;g__Rhodoglobus;s__Rhodoglobus sp020160915	92.68	0.72	d__Bacteria;p__Actinomycetota;c__Actinomycetes;o__Actinomycetales;f__Microbacteriaceae;g__Rhodoglobus;s__	taxonomic classification defined by topology and ANI	classification based on placement in class-level tree	NA	89.53	11	0.9963	Genome not assigned to closest species as it falls outside its pre-defined ANI radius	Gradient Boost (General Model)	11	0.933	37753	295.79606229797236	3229303	0.67	3403	129	119542	None
WM23	WM23_S18_012	100	3.68	d__Bacteria	p__Pseudomonadota	c__Gammaproteobacteria	o__Burkholderiales	f__Burkholderiaceae	g__Paucibacter	s__	NA	NA	NA	NA	NA	GCA_018780645.1	95	d__Bacteria;p__Pseudomonadota;c__Gammaproteobacteria;o__Burkholderiales;f__Burkholderiaceae;g__Paucibacter;s__Paucibacter sp018780645	90.71	0.659	d__Bacteria;p__Pseudomonadota;c__Gammaproteobacteria;o__Burkholderiales;f__Burkholderiaceae;g__Paucibacter;s__	taxonomic classification defined by topology and ANI	classification based on placement in class-level tree	GCF_004362525.1, s__Paucibacter toxinivorans, 95.0, 90.91, 0.612	86.51	11	0.99635	Genome not assigned to closest species as it falls outside its pre-defined ANI radius;Genome has more than 12.5% of markers with multiple hits	Neural Network (Specific Model)	11	0.916	70427	335.14983933705395	6482716	0.66	5913	142	280752	None
WM23	WM23_S18_013	94.77	1.98	d__Bacteria	p__Pseudomonadota	c__Alphaproteobacteria	o__Rhizobiales	f__Aestuariivirgaceae	g__Aestuariivirga	s__	NA	NA	NA	NA	NA	NA	NA	NA	NA	NA	d__Bacteria;p__Pseudomonadota;c__Alphaproteobacteria;o__Rhizobiales;f__Aestuariivirgaceae;g__Aestuariivirga;s__	taxonomic classification fully defined by topology	classification based on placement in class-level tree	NA	87.9	11	0.99219	NA	Gradient Boost (General Model)	11	0.922	19973	287.36459956372704	2994008	0.51	3209	218	66123	None
WM23	WM23_S18_014	94.67	1.99	d__Bacteria	p__Bacteroidota	c__Bacteroidia	o__B-17B0	f__B-17BO	g__UBA4416	s__	NA	NA	NA	NA	NA	NA	NA	NA	NA	NA	d__Bacteria;p__Bacteroidota;c__Bacteroidia;o__B-17B0;f__B-17BO;g__UBA4416;s__	taxonomic classification fully defined by topology	classification based on placement in class-level tree	NA	89.2	11	0.97449	NA	Gradient Boost (General Model)	11	0.927	17865	348.65609565895505	4337339	0.34	3847	361	70155	None
WM23	WM23_S18_015	93.28	2.57	d__Bacteria	p__Bacteroidota	c__Bacteroidia	o__Chitinophagales	f__Chitinophagaceae	g__Sediminibacterium	s__Sediminibacterium sp017996795	GCA_017996795.1	95	d__Bacteria;p__Bacteroidota;c__Bacteroidia;o__Chitinophagales;f__Chitinophagaceae;g__Sediminibacterium;s__Sediminibacterium sp017996795	95.69	0.793	GCA_017996795.1	95	d__Bacteria;p__Bacteroidota;c__Bacteroidia;o__Chitinophagales;f__Chitinophagaceae;g__Sediminibacterium;s__Sediminibacterium sp017996795	95.69	0.793	d__Bacteria;p__Bacteroidota;c__Bacteroidia;o__Chitinophagales;f__Chitinophagaceae;g__Sediminibacterium;s__	taxonomic classification defined by topology and ANI	topological placement and ANI have congruent species assignments	GCA_002281875.1, s__Sediminibacterium sp002281875, 95.0, 89.96, 0.598; GCA_001829005.1, s__Sediminibacterium sp001829005, 95.0, 89.82, 0.624; GCF_030695065.1, s__Sediminibacterium sp030695065, 95.0, 87.69, 0.48; GCA_002281575.1, s__Sediminibacterium sp002281575, 95.0, 87.41, 0.449; GCA_002786355.1, s__Sediminibacterium sp002786355, 95.0, 84.93, 0.26	86.51	11	NA	NA	Gradient Boost (General Model)	11	0.943	22127	327.7290946786455	3011195	0.36	2894	243	154586	None
WM23	WM23_S18_016	95.79	4.16	d__Bacteria	p__Pseudomonadota	c__Alphaproteobacteria	o__Caulobacterales	f__Caulobacteraceae	g__Caulobacter	s__	NA	NA	NA	NA	NA	GCA_016234625.1	95	d__Bacteria;p__Pseudomonadota;c__Alphaproteobacteria;o__Caulobacterales;f__Caulobacteraceae;g__Caulobacter;s__Caulobacter sp016234625	88.14	0.333	d__Bacteria;p__Pseudomonadota;c__Alphaproteobacteria;o__Caulobacterales;f__Caulobacteraceae;g__Caulobacter;s__	taxonomic classification defined by topology and ANI	classification based on placement in class-level tree	GCA_030678995.1, s__Caulobacter sp030678995, 95.0, 86.98, 0.264; GCA_947479185.1, s__Caulobacter sp947479185, 95.0, 86.85, 0.243; GCA_021741355.1, s__Caulobacter sp021741355, 95.0, 86.35, 0.269; GCA_903858185.1, s__Caulobacter sp903858185, 95.0, 86.11, 0.233; GCA_030645575.1, s__Caulobacter sp030645575, 95.0, 86.1, 0.257	84.47	11	0.98405	NA	Neural Network (Specific Model)	11	0.893	13694	283.0066914498141	3830452	0.68	4035	371	69693	None
WM23	WM23_S18_017	94.01	7.83	d__Bacteria	p__Pseudomonadota	c__Alphaproteobacteria	o__Rhizobiales	f__Xanthobacteraceae	g__Afipia	s__	NA	NA	NA	NA	NA	NA	NA	NA	NA	NA	d__Bacteria;p__Pseudomonadota;c__Alphaproteobacteria;o__Rhizobiales;f__Xanthobacteraceae;g__Afipia;s__	taxonomic classification defined by topology and ANI	classification based on placement in class-level tree	GCA_024707075.1, s__Afipia sp024707075, 95.0, 85.94, 0.274; GCF_000314675.2, s__Afipia broomeae, 95.0, 85.52, 0.238; GCA_017474385.1, s__Afipia sp017474385, 95.0, 85.33, 0.234; GCF_021502575.1, s__Afipia sp021502575, 95.0, 84.81, 0.268; GCF_000497575.1, s__Afipia sp000497575, 95.0, 84.44, 0.219; GCF_001006325.2, s__Afipia massiliensis_A, 95.0, 84.42, 0.243; GCF_014203115.1, s__Afipia massiliensis, 95.0, 84.11, 0.206; GCA_030652315.1, s__Afipia sp030652315, 95.0, 84.04, 0.214; GCF_000308295.2, s__Afipia birgiae, 95.0, 83.91, 0.207; GCF_000336555.1, s__Afipia clevelandensis, 95.0, 83.43, 0.157; GCA_017308575.1, s__Afipia sp001897905, 95.0, 82.42, 0.163	80.32	11	0.98538	NA	Neural Network (Specific Model)	11	0.868	32625	287.7094644167278	5408304	0.61	5452	247	130268	None
WM23	WM23_S18_018	91.18	4.3	d__Bacteria	p__Actinomycetota	c__Actinomycetes	o__S36-B12	f__CAIYMF01	g__WLRQ01	s__	NA	NA	NA	NA	NA	NA	NA	NA	NA	NA	d__Bacteria;p__Actinomycetota;c__Actinomycetes;o__S36-B12;f__CAIYMF01;g__WLRQ01;s__	taxonomic classification fully defined by topology	classification based on placement in class-level tree	NA	81.57	11	0.91611	NA	Gradient Boost (General Model)	11	0.9	12318	286.238472286912	4090576	0.71	4294	457	58635	None
WM23	WM23_S18_019	88.37	5.36	d__Bacteria	p__Pseudomonadota	c__Alphaproteobacteria	o__Rhizobiales	f__Xanthobacteraceae	g__Afipia	s__Afipia broomeae	GCF_000314675.2	95	d__Bacteria;p__Pseudomonadota;c__Alphaproteobacteria;o__Rhizobiales;f__Xanthobacteraceae;g__Afipia;s__Afipia broomeae	97.94	0.883	GCF_000314675.2	95	d__Bacteria;p__Pseudomonadota;c__Alphaproteobacteria;o__Rhizobiales;f__Xanthobacteraceae;g__Afipia;s__Afipia broomeae	97.94	0.883	d__Bacteria;p__Pseudomonadota;c__Alphaproteobacteria;o__Rhizobiales;f__Xanthobacteraceae;g__Afipia;s__	taxonomic classification defined by topology and ANI	topological placement and ANI have congruent species assignments	GCF_000497575.1, s__Afipia sp000497575, 95.0, 90.39, 0.603; GCA_017474385.1, s__Afipia sp017474385, 95.0, 89.32, 0.443; GCF_014203115.1, s__Afipia massiliensis, 95.0, 85.64, 0.27; GCF_000308295.2, s__Afipia birgiae, 95.0, 85.61, 0.273; GCF_001006325.2, s__Afipia massiliensis_A, 95.0, 85.38, 0.28; GCA_030652315.1, s__Afipia sp030652315, 95.0, 85.31, 0.241; GCF_000336555.1, s__Afipia clevelandensis, 95.0, 85.14, 0.233; GCA_024508675.1, s__Afipia sp024508675, 95.0, 84.57, 0.215; GCA_024707075.1, s__Afipia sp024707075, 95.0, 84.24, 0.187; GCF_021502575.1, s__Afipia sp021502575, 95.0, 84.01, 0.184; GCA_017308595.1, s__Afipia sp017308595, 95.0, 83.97, 0.168	79.4	11	NA	NA	Neural Network (Specific Model)	11	0.882	15908	286.54395731848757	4195045	0.62	4311	383	54278	None
WM23	WM23_S18_020	92.1	4.11	d__Bacteria	p__Bacteroidota	c__Bacteroidia	o__B-17B0	f__B-17BO	g__UBA2475	s__	NA	NA	NA	NA	NA	GCA_013816615.1	95	d__Bacteria;p__Bacteroidota;c__Bacteroidia;o__B-17B0;f__B-17BO;g__UBA2475;s__UBA2475 sp013816615	85.03	0.211	d__Bacteria;p__Bacteroidota;c__Bacteroidia;o__B-17B0;f__B-17BO;g__UBA2475;s__	taxonomic classification defined by topology and ANI	classification based on placement in class-level tree	GCA_016787705.1, s__UBA2475 sp016787705, 95.0, 84.38, 0.207	78.51	11	0.98981	NA	Neural Network (Specific Model)	11	0.925	11755	324.0138400702988	4777050	0.34	4552	526	46213	None
WM23	WM23_S18_021	84.8	2.24	d__Bacteria	p__Actinomycetota	c__Actinomycetes	o__Actinomycetales	f__Microbacteriaceae	g__Rhodoglobus	s__Rhodoglobus sp903920435	GCA_903920435.1	95	d__Bacteria;p__Actinomycetota;c__Actinomycetes;o__Actinomycetales;f__Microbacteriaceae;g__Rhodoglobus;s__Rhodoglobus sp903920435	97.96	0.849	GCA_903920435.1	95	d__Bacteria;p__Actinomycetota;c__Actinomycetes;o__Actinomycetales;f__Microbacteriaceae;g__Rhodoglobus;s__Rhodoglobus sp903920435	97.96	0.849	d__Bacteria;p__Actinomycetota;c__Actinomycetes;o__Actinomycetales;f__Microbacteriaceae;g__Rhodoglobus;s__	taxonomic classification defined by topology and ANI	topological placement and ANI have congruent species assignments	GCA_001725325.1, s__Rhodoglobus sp001725325, 95.0, 87.12, 0.334; GCA_025463515.1, s__Rhodoglobus sp025463515, 95.0, 86.01, 0.233	80.91	11	NA	NA	Neural Network (Specific Model)	11	0.938	10757	278.154131054131	3113219	0.69	3510	353	37997	None
WM23	WM23_S18_022	93.95	6.02	d__Bacteria	p__Pseudomonadota	c__Alphaproteobacteria	o__Rhizobiales	f__Xanthobacteraceae	g__Bradyrhizobium	s__	NA	NA	NA	NA	NA	GCA_029946075.1	95	d__Bacteria;p__Pseudomonadota;c__Alphaproteobacteria;o__Rhizobiales;f__Xanthobacteraceae;g__Bradyrhizobium;s__Bradyrhizobium sp029946075	91.92	0.516	d__Bacteria;p__Pseudomonadota;c__Alphaproteobacteria;o__Rhizobiales;f__Xanthobacteraceae;g__Bradyrhizobium;s__	taxonomic classification defined by topology and ANI	classification based on placement in class-level tree	GCF_023101085.1, s__Bradyrhizobium sp023101085, 95.0, 85.13, 0.205; GCF_030413175.1, s__Bradyrhizobium sp030413175, 95.0, 85.02, 0.207; GCA_902826195.1, s__Bradyrhizobium sp902826195, 95.0, 84.98, 0.151; GCF_018596315.1, s__Bradyrhizobium sp018596315, 95.0, 84.74, 0.203; GCF_900099825.1, s__Bradyrhizobium ottawaense_A, 95.0, 84.71, 0.172; GCF_018130385.1, s__Bradyrhizobium sp018130385, 95.0, 84.7, 0.202; GCF_900103365.1, s__Bradyrhizobium sp900103365, 95.0, 84.66, 0.17; GCF_005937885.2, s__Bradyrhizobium sp005937885, 95.0, 84.61, 0.17; GCF_023073415.1, s__Bradyrhizobium sp023073415, 95.0, 84.59, 0.19; GCF_023100945.1, s__Bradyrhizobium sp023100945, 95.0, 84.58, 0.191; GCF_009930815.1, s__Bradyrhizobium sp009930815, 95.0, 84.58, 0.185; GCF_001440475.1, s__Bradyrhizobium lablabi, 95.0, 84.58, 0.183; GCF_003062295.1, s__Bradyrhizobium algeriense, 95.0, 84.52, 0.202; GCF_001440395.1, s__Bradyrhizobium jicamae, 95.0, 84.52, 0.188; GCF_001693515.2, s__Bradyrhizobium paxllaeri, 95.0, 84.5, 0.186; GCA_023422775.1, s__Bradyrhizobium sp023422775, 95.0, 84.44, 0.183; GCA_023387735.1, s__Bradyrhizobium sp023387735, 95.0, 84.36, 0.19; GCF_018131075.1, s__Bradyrhizobium sp018131075, 95.0, 84.35, 0.151; GCF_018130065.1, s__Bradyrhizobium sp018130065, 95.0, 84.28, 0.158; GCF_018131065.1, s__Bradyrhizobium sp018131065, 95.0, 84.21, 0.153; GCF_029714305.1, s__Bradyrhizobium sp029714305, 95.0, 84.18, 0.166; GCF_018398895.1, s__Bradyrhizobium sp018398895, 95.0, 84.11, 0.152; GCF_029051645.1, s__Bradyrhizobium sp029051645, 95.0, 84.07, 0.168; GCF_001440405.1, s__Bradyrhizobium valentinum, 95.0, 84.03, 0.162; GCF_013114825.1, s__Bradyrhizobium australiense, 95.0, 83.96, 0.15; GCA_017305715.1, s__Bradyrhizobium sp017305715, 95.0, 83.94, 0.151; GCF_001693385.1, s__Bradyrhizobium icense, 95.0, 83.85, 0.169; GCF_013114835.1, s__Bradyrhizobium archetypum, 95.0, 83.78, 0.154; GCF_001440415.1, s__Bradyrhizobium retamae, 95.0, 83.74, 0.153; GCF_001693485.1, s__Bradyrhizobium sp001693485, 95.0, 83.72, 0.157; GCF_000472965.1, s__Bradyrhizobium murdochi, 95.0, 83.63, 0.16; GCF_022844465.1, s__Bradyrhizobium sp022844465, 95.0, 83.57, 0.166	78.55	11	0.99727	Genome not assigned to closest species as it falls outside its pre-defined ANI radius	Neural Network (Specific Model)	11	0.868	18977	286.63804554079695	6258102	0.63	6324	494	103692	None
WM23	WM23_S18_023	93.54	1.1	d__Bacteria	p__Pseudomonadota	c__Alphaproteobacteria	o__Caulobacterales	f__Caulobacteraceae	g__Brevundimonas	s__	NA	NA	NA	NA	NA	GCA_030693575.1	95	d__Bacteria;p__Pseudomonadota;c__Alphaproteobacteria;o__Caulobacterales;f__Caulobacteraceae;g__Brevundimonas;s__Brevundimonas sp030693575	92.56	0.575	d__Bacteria;p__Pseudomonadota;c__Alphaproteobacteria;o__Caulobacterales;f__Caulobacteraceae;g__Brevundimonas;s__	taxonomic classification defined by topology and ANI	classification based on placement in class-level tree	GCA_030285985.1, s__Brevundimonas sp030285985, 95.0, 91.29, 0.585; GCF_937982535.1, s__Brevundimonas sp002343425, 95.0, 89.91, 0.474; GCF_030160755.1, s__Brevundimonas denitrificans, 95.0, 89.69, 0.46; GCA_006515835.1, s__Brevundimonas sp006515835, 95.0, 89.68, 0.415; GCF_002483305.1, s__Brevundimonas sp002483305, 95.0, 89.47, 0.363; GCF_004296955.1, s__Brevundimonas sp004296955, 95.0, 88.98, 0.38; GCA_030856285.1, s__Brevundimonas sp030856285, 95.0, 88.68, 0.305; GCA_018826515.1, s__Brevundimonas sp018826515, 95.0, 88.58, 0.384; GCA_019746095.1, s__Brevundimonas sp019746095, 95.0, 88.1, 0.31; GCF_030682035.1, s__Brevundimonas sp030682035, 95.0, 88.05, 0.303; GCF_030704825.1, s__Brevundimonas sp030704825, 95.0, 87.84, 0.274; GCF_027487935.1, s__Brevundimonas sp027487935, 95.0, 87.57, 0.297; GCF_001427825.1, s__Brevundimonas sp001427825, 95.0, 87.4, 0.259; GCA_947501315.1, s__Brevundimonas sp947501315, 95.0, 87.1, 0.258; GCF_029946145.1, s__Brevundimonas sp029946145, 95.0, 86.74, 0.226	75.73	11	0.99693	Genome not assigned to closest species as it falls outside its pre-defined ANI radius	Neural Network (Specific Model)	11	0.903	8852	269.3717870257038	2919753	0.68	3268	400	36353	None
WM23	WM23_S18_024	87.37	0.5	d__Bacteria	p__Planctomycetota	c__Planctomycetia	o__Gemmatales	f__Gemmataceae	g__Gemmata	s__	NA	NA	NA	NA	NA	NA	NA	NA	NA	NA	d__Bacteria;p__Planctomycetota;c__Planctomycetia;o__Gemmatales;f__Gemmataceae;g__Gemmata;s__	taxonomic classification fully defined by topology	classification based on placement in class-level tree	NA	74.36	11	0.98714	NA	Gradient Boost (General Model)	11	0.888	11533	339.5014094432699	6506019	0.61	5676	704	57683	None
WM23	WM23_S18_025	78.67	1.69	d__Bacteria	p__Pseudomonadota	c__Gammaproteobacteria	o__Xanthomonadales	f__Xanthomonadaceae	g__Arenimonas	s__	NA	NA	NA	NA	NA	NA	NA	NA	NA	NA	d__Bacteria;p__Pseudomonadota;c__Gammaproteobacteria;o__Xanthomonadales;f__Xanthomonadaceae;g__Arenimonas;s__	taxonomic classification fully defined by topology	classification based on placement in class-level tree	NA	73.15	11	0.97424	NA	Neural Network (Specific Model)	11	0.933	7018	272.86264501160093	1887699	0.47	2155	321	22371	None
WM23	WM23_S18_026	85.65	3.2	d__Bacteria	p__Pseudomonadota	c__Alphaproteobacteria	o__Rhodobacterales	f__Rhodobacteraceae	g__Tabrizicola	s__	NA	NA	NA	NA	NA	GCA_947504705.1	95	d__Bacteria;p__Pseudomonadota;c__Alphaproteobacteria;o__Rhodobacterales;f__Rhodobacteraceae;g__Tabrizicola;s__Tabrizicola sp947504705	86.48	0.279	d__Bacteria;p__Pseudomonadota;c__Alphaproteobacteria;o__Rhodobacterales;f__Rhodobacteraceae;g__Tabrizicola;s__	taxonomic classification defined by topology and ANI	classification based on placement in class-level tree	GCA_963205235.1, s__Tabrizicola sp963205235, 95.0, 86.22, 0.302	73.19	11	0.99309	NA	Neural Network (Specific Model)	11	0.899	8277	271.91607142857146	3041481	0.64	3360	429	33504	None
WM23	WM23_S18_027	79.16	3.09	d__Bacteria	p__Pseudomonadota	c__Gammaproteobacteria	o__Burkholderiales	f__Burkholderiaceae	g__JACPVY01	s__	NA	NA	NA	NA	NA	NA	NA	NA	NA	NA	d__Bacteria;p__Pseudomonadota;c__Gammaproteobacteria;o__Burkholderiales;f__Burkholderiaceae;g__JACPVY01;s__	taxonomic novelty determined using RED	classification based on placement in class-level tree	NA	67.81	11	0.96262	NA	Gradient Boost (General Model)	11	0.873	5600	285.42519958347793	5638192	0.51	5762	1080	23336	None
WM23	WM23_S18_028	100	0.04	d__Bacteria	p__Patescibacteria	c__Paceibacteria	o__UBA9973	f__UBA2100	g__UBA10103	s__	NA	NA	NA	NA	NA	NA	NA	NA	NA	NA	d__Bacteria;p__Patescibacteria;c__Paceibacteria;o__UBA9973;f__UBA2100;g__UBA10103;s__	taxonomic classification fully defined by topology	classification based on placement in class-level tree	NA	70.55	11	0.94711	NA	Gradient Boost (General Model)	11	0.917	211302	275.1188959660297	846160	0.53	942	13	240523	None
WM23	WM23_S18_029	77.33	3.73	d__Bacteria	p__Bacteroidota	c__Kapaibacteriia	o__Kapaibacteriales	f__Kapaibacteriaceae	g__Kapaibacterium	s__	NA	NA	NA	NA	NA	GCA_018266735.1	95	d__Bacteria;p__Bacteroidota;c__Kapaibacteriia;o__Kapaibacteriales;f__Kapaibacteriaceae;g__Kapaibacterium;s__Kapaibacterium sp018266735	89.79	0.5	d__Bacteria;p__Bacteroidota;c__Kapaibacteriia;o__Kapaibacteriales;f__Kapaibacteriaceae;g__Kapaibacterium;s__	taxonomic classification defined by topology and ANI	classification based on placement in class-level tree	NA	68.98	11	0.9956	Genome not assigned to closest species as it falls outside its pre-defined ANI radius	Gradient Boost (General Model)	11	0.946	6805	315.3881739130435	2867349	0.55	2875	480	25274	None
WM23	WM23_S18_030	90.88	5.25	d__Bacteria	p__Pseudomonadota	c__Gammaproteobacteria	o__Burkholderiales	f__Burkholderiaceae	g__Polaromonas	s__	NA	NA	NA	NA	NA	GCF_016185115.1	95	d__Bacteria;p__Pseudomonadota;c__Gammaproteobacteria;o__Burkholderiales;f__Burkholderiaceae;g__Polaromonas;s__Polaromonas sp016185115	87.58	0.438	d__Bacteria;p__Pseudomonadota;c__Gammaproteobacteria;o__Burkholderiales;f__Burkholderiaceae;g__Polaromonas;s__	taxonomic classification defined by topology and ANI	classification based on placement in class-level tree	NA	69.93	11	0.99451	NA	Gradient Boost (General Model)	11	0.901	20745	297.7191824568874	4646155	0.6	4697	352	77838	None
WM23	WM23_S18_031	86.19	5.99	d__Bacteria	p__Pseudomonadota	c__Gammaproteobacteria	o__Burkholderiales	f__Burkholderiaceae	g__Polaromonas	s__	NA	NA	NA	NA	NA	GCF_016185115.1	95	d__Bacteria;p__Pseudomonadota;c__Gammaproteobacteria;o__Burkholderiales;f__Burkholderiaceae;g__Polaromonas;s__Polaromonas sp016185115	88.15	0.448	d__Bacteria;p__Pseudomonadota;c__Gammaproteobacteria;o__Burkholderiales;f__Burkholderiaceae;g__Polaromonas;s__	taxonomic classification defined by topology and ANI	classification based on placement in class-level tree	NA	69.22	11	0.99253	NA	Gradient Boost (General Model)	11	0.908	24713	299.2974828375286	4745176	0.6	4807	292	121689	None
WM23	WM23_S18_032	99.98	0.02	d__Bacteria	p__Patescibacteria	c__Paceibacteria	o__UBA9973	f__UBA2100	g__UBA10103	s__	NA	NA	NA	NA	NA	NA	NA	NA	NA	NA	d__Bacteria;p__Patescibacteria;c__Paceibacteria;o__UBA9973;f__UBA2100;g__UBA10103;s__	taxonomic classification fully defined by topology	classification based on placement in class-level tree	NA	68.86	11	0.98499	NA	Gradient Boost (General Model)	11	0.902	315423	293.3789836347976	1130295	0.54	1161	7	323214	None
WM23	WM23_S18_033	79.12	1.33	d__Bacteria	p__Pseudomonadota	c__Gammaproteobacteria	o__Burkholderiales	f__Burkholderiaceae	g__LMDS01	s__	NA	NA	NA	NA	NA	GCA_025359585.1	95	d__Bacteria;p__Pseudomonadota;c__Gammaproteobacteria;o__Burkholderiales;f__Burkholderiaceae;g__LMDS01;s__LMDS01 sp025359585	88.82	0.294	d__Bacteria;p__Pseudomonadota;c__Gammaproteobacteria;o__Burkholderiales;f__Burkholderiaceae;g__LMDS01;s__	taxonomic classification defined by topology and ANI	classification based on placement in class-level tree	NA	65.28	11	0.99003	NA	Gradient Boost (General Model)	11	0.926	5940	271.03148345784416	3285134	0.67	3748	607	27857	None
WM23	WM23_S18_034	73.92	2.82	d__Bacteria	p__Pseudomonadota	c__Alphaproteobacteria	o__Sphingomonadales	f__Sphingomonadaceae	g__Novosphingobium	s__	NA	NA	NA	NA	NA	NA	NA	NA	NA	NA	d__Bacteria;p__Pseudomonadota;c__Alphaproteobacteria;o__Sphingomonadales;f__Sphingomonadaceae;g__Novosphingobium;s__	taxonomic classification fully defined by topology	classification based on placement in class-level tree	NA	62.64	11	0.98738	NA	Neural Network (Specific Model)	11	0.907	6603	274.3345099103991	3333730	0.64	3683	563	28500	None
WM23	WM23_S18_035	61.26	1.77	d__Bacteria	p__Pseudomonadota	c__Alphaproteobacteria	o__Rickettsiales	f__Rickettsiaceae	g__GCA-2402195	s__GCA-2402195 sp945865485	GCA_945865485.1	95	d__Bacteria;p__Pseudomonadota;c__Alphaproteobacteria;o__Rickettsiales;f__Rickettsiaceae;g__GCA-2402195;s__GCA-2402195 sp945865485	97.48	0.794	GCA_945865485.1	95	d__Bacteria;p__Pseudomonadota;c__Alphaproteobacteria;o__Rickettsiales;f__Rickettsiaceae;g__GCA-2402195;s__GCA-2402195 sp945865485	97.48	0.794	d__Bacteria;p__Pseudomonadota;c__Alphaproteobacteria;o__Rickettsiales;f__Rickettsiaceae;g__GCA-2402195;s__	taxonomic classification defined by topology and ANI	topological placement and ANI have congruent species assignments	NA	60.99	11	NA	NA	Neural Network (Specific Model)	11	0.873	4718	268.52294372294375	1064378	0.35	1155	233	17938	None
WM23	WM23_S18_036	72.72	1.91	d__Bacteria	p__Bacteroidota	c__Bacteroidia	o__Chitinophagales	f__Chitinophagaceae	g__Ferruginibacter	s__	NA	NA	NA	NA	NA	GCA_030157685.1	95	d__Bacteria;p__Bacteroidota;c__Bacteroidia;o__Chitinophagales;f__Chitinophagaceae;g__Ferruginibacter;s__Ferruginibacter sp030157685	88.54	0.222	d__Bacteria;p__Bacteroidota;c__Bacteroidia;o__Chitinophagales;f__Chitinophagaceae;g__Ferruginibacter;s__	taxonomic classification defined by topology and ANI	classification based on placement in class-level tree	GCA_016715365.1, s__Ferruginibacter sp016715365, 95.0, 87.75, 0.243; GCA_016710935.1, s__Ferruginibacter sp016710935, 95.0, 86.86, 0.185	60.66	11	0.99307	NA	Gradient Boost (General Model)	11	0.896	5720	289.3884869455804	3074997	0.39	3179	591	26436	None
WM23	WM23_S18_037	65.88	1.11	d__Bacteria	p__Pseudomonadota	c__Alphaproteobacteria	o__Rhodospirillales	f__Rhodospirillaceae	g__GCA-2737725	s__	NA	NA	NA	NA	NA	NA	NA	NA	NA	NA	d__Bacteria;p__Pseudomonadota;c__Alphaproteobacteria;o__Rhodospirillales;f__Rhodospirillaceae;g__GCA-2737725;s__	taxonomic classification fully defined by topology	classification based on placement in class-level tree	NA	57.34	11	0.94993	NA	Gradient Boost (General Model)	11	0.901	5885	259.42481962481963	2988155	0.6	3465	560	42773	None
WM23	WM23_S18_038	73.16	4.6	d__Bacteria	p__Gemmatimonadota	c__Gemmatimonadetes	o__Gemmatimonadales	f__Gemmatimonadaceae	g__Gemmatimonas	s__	NA	NA	NA	NA	NA	NA	NA	NA	NA	NA	d__Bacteria;p__Gemmatimonadota;c__Gemmatimonadetes;o__Gemmatimonadales;f__Gemmatimonadaceae;g__Gemmatimonas;s__	taxonomic classification defined by topology and ANI	classification based on placement in class-level tree	GCF_013004105.1, s__Gemmatimonas groenlandica, 95.0, 89.5, 0.449; GCA_947461225.1, s__Gemmatimonas sp947461225, 95.0, 87.53, 0.191; GCA_945870175.1, s__Gemmatimonas phototrophica_A, 95.0, 86.96, 0.172; GCA_002737115.1, s__Gemmatimonas sp002737115, 95.0, 86.56, 0.159	55.75	11	0.97981	NA	Neural Network (Specific Model)	11	0.919	5939	287.0573810691515	3815361	0.65	4078	706	41612	None
WM23	WM23_S18_039	68.86	0.12	d__Bacteria	p__Spirochaetota	c__Leptospirae	o__Leptospirales	f__Leptospiraceae	g__Leptospira_A	s__	NA	NA	NA	NA	NA	GCF_000332455.1	95	d__Bacteria;p__Spirochaetota;c__Leptospirae;o__Leptospirales;f__Leptospiraceae;g__Leptospira_A;s__Leptospira_A vanthielii	91.11	0.552	d__Bacteria;p__Spirochaetota;c__Leptospirae;o__Leptospirales;f__Leptospiraceae;g__Leptospira_A;s__	taxonomic classification defined by topology and ANI	classification based on placement in class-level tree	GCF_016918735.1, s__Leptospira_A abararensis, 95.0, 91.06, 0.567; GCF_000332515.2, s__Leptospira_A wolbachii, 95.0, 89.76, 0.449; GCF_000332495.1, s__Leptospira_A terpstrae, 95.0, 89.11, 0.398; GCF_016919165.1, s__Leptospira_A chreensis, 95.0, 88.82, 0.328; GCF_004769575.1, s__Leptospira_A perdikensis, 95.0, 88.02, 0.277; GCF_004770265.1, s__Leptospira_A congkakensis, 95.0, 87.79, 0.233; GCF_004769235.1, s__Leptospira_A kanakyensis, 95.0, 87.75, 0.211; GCF_004770905.1, s__Leptospira_A bandrabouensis, 95.0, 87.69, 0.212; GCF_004770145.1, s__Leptospira_A bourretii, 95.0, 87.56, 0.213; GCF_004770475.1, s__Leptospira_A mtsangambouensis, 95.0, 87.42, 0.195; GCF_002812125.1, s__Leptospira_A brenneri, 95.0, 87.42, 0.194; GCF_004770045.1, s__Leptospira_A montravelensis, 95.0, 87.41, 0.21; GCF_004770765.1, s__Leptospira_A noumeaensis, 95.0, 87.41, 0.202; GCF_004368965.1, s__Leptospira_A meyeri, 95.0, 87.34, 0.203; GCF_002811945.1, s__Leptospira_A harrisiae, 95.0, 87.12, 0.19; GCF_026151655.1, s__Leptospira_A sp026151655, 95.0, 87.1, 0.195	49.29	11	0.99806	Genome not assigned to closest species as it falls outside its pre-defined ANI radius	Neural Network (Specific Model)	11	0.932	5230	280.01894865525674	2939660	0.39	3272	612	21263	None
WM24	WM24_S19_001	100	2.2	d__Bacteria	p__Bacteroidota	c__Bacteroidia	o__Chitinophagales	f__LD1	g__Bog-950	s__	NA	NA	NA	NA	NA	NA	NA	NA	NA	NA	d__Bacteria;p__Bacteroidota;c__Bacteroidia;o__Chitinophagales;f__LD1;g__Bog-950;s__	taxonomic classification fully defined by topology	classification based on placement in class-level tree	NA	98.67	11	0.94136	NA	Gradient Boost (General Model)	11	0.913	63348	344.21335113484645	4229961	0.4	3745	126	127005	None
WM24	WM24_S19_002	100	0.3	d__Bacteria	p__Bacteroidota	c__Bacteroidia	o__Chitinophagales	f__Chitinophagaceae	g__Ferruginibacter	s__	NA	NA	NA	NA	NA	NA	NA	NA	NA	NA	d__Bacteria;p__Bacteroidota;c__Bacteroidia;o__Chitinophagales;f__Chitinophagaceae;g__Ferruginibacter;s__	taxonomic classification fully defined by topology	classification based on placement in class-level tree	NA	96.94	11	0.97634	NA	Gradient Boost (General Model)	11	0.892	288139	358.36582914572864	5991147	0.4	4975	67	706364	None
WM24	WM24_S19_003	100	0.03	d__Bacteria	p__Bacteroidota	c__Kapaibacteriia	o__Kapaibacteriales	f__UBA2268	g__JAPLFM01	s__	NA	NA	NA	NA	NA	NA	NA	NA	NA	NA	d__Bacteria;p__Bacteroidota;c__Kapaibacteriia;o__Kapaibacteriales;f__UBA2268;g__JAPLFM01;s__	taxonomic novelty determined using RED	classification based on placement in class-level tree	NA	97.2	11	0.85953	NA	Gradient Boost (General Model)	11	0.91	83318	354.95306611853374	3411242	0.34	2919	80	216962	None
WM24	WM24_S19_004	99.96	0.1	d__Bacteria	p__Bacteroidota	c__Bacteroidia	o__NS11-12g	f__UKL13-3	g__UKL13-3	s__	NA	NA	NA	NA	NA	NA	NA	NA	NA	NA	d__Bacteria;p__Bacteroidota;c__Bacteroidia;o__NS11-12g;f__UKL13-3;g__UKL13-3;s__	taxonomic classification fully defined by topology	classification based on placement in class-level tree	NA	95.01	11	0.97055	NA	Neural Network (Specific Model)	11	0.916	239427	360.36810906935386	3976381	0.42	3374	42	510651	None
WM24	WM24_S19_005	99.05	2.57	d__Bacteria	p__Bacteroidota	c__Bacteroidia	o__Chitinophagales	f__LD1	g__Bog-950	s__	NA	NA	NA	NA	NA	NA	NA	NA	NA	NA	d__Bacteria;p__Bacteroidota;c__Bacteroidia;o__Chitinophagales;f__LD1;g__Bog-950;s__	taxonomic classification fully defined by topology	classification based on placement in class-level tree	NA	94.66	11	0.95366	NA	Gradient Boost (General Model)	11	0.907	54921	365.1218592964824	5759598	0.43	4776	192	176111	None
WM24	WM24_S19_006	100	3.18	d__Bacteria	p__Bacteroidota	c__Bacteroidia	o__Chitinophagales	f__Chitinophagaceae	g__Sediminibacterium	s__	NA	NA	NA	NA	NA	NA	NA	NA	NA	NA	d__Bacteria;p__Bacteroidota;c__Bacteroidia;o__Chitinophagales;f__Chitinophagaceae;g__Sediminibacterium;s__	taxonomic classification fully defined by topology	classification based on placement in class-level tree	NA	93.62	11	0.98388	NA	Gradient Boost (General Model)	11	0.896	189753	339.76930935839806	5559406	0.45	4894	52	615152	None
WM24	WM24_S19_007	99.79	2.19	d__Bacteria	p__Bacteroidota	c__Bacteroidia	o__Chitinophagales	f__Chitinophagaceae	g__Sediminibacterium	s__	NA	NA	NA	NA	NA	GCA_008080615.1	95	d__Bacteria;p__Bacteroidota;c__Bacteroidia;o__Chitinophagales;f__Chitinophagaceae;g__Sediminibacterium;s__Sediminibacterium sp008080615	89.89	0.586	d__Bacteria;p__Bacteroidota;c__Bacteroidia;o__Chitinophagales;f__Chitinophagaceae;g__Sediminibacterium;s__	taxonomic classification defined by topology and ANI	classification based on placement in class-level tree	NA	96.46	11	0.99043	Genome not assigned to closest species as it falls outside its pre-defined ANI radius	Gradient Boost (General Model)	11	0.932	105434	349.23426688632617	3408694	0.35	3035	74	368565	None
WM24	WM24_S19_008	100	3.53	d__Bacteria	p__Pseudomonadota	c__Gammaproteobacteria	o__Burkholderiales	f__Burkholderiaceae	g__Paucibacter	s__	NA	NA	NA	NA	NA	GCA_018780645.1	95	d__Bacteria;p__Pseudomonadota;c__Gammaproteobacteria;o__Burkholderiales;f__Burkholderiaceae;g__Paucibacter;s__Paucibacter sp018780645	90.7	0.654	d__Bacteria;p__Pseudomonadota;c__Gammaproteobacteria;o__Burkholderiales;f__Burkholderiaceae;g__Paucibacter;s__	taxonomic classification defined by topology and ANI	classification based on placement in class-level tree	GCF_004362525.1, s__Paucibacter toxinivorans, 95.0, 90.88, 0.602	94.18	11	0.99637	Genome not assigned to closest species as it falls outside its pre-defined ANI radius	Neural Network (Specific Model)	11	0.916	101195	337.0039854444637	6357210	0.66	5771	124	257764	None
WM24	WM24_S19_009	99.28	2.2	d__Bacteria	p__Pseudomonadota	c__Alphaproteobacteria	o__Sphingomonadales	f__Sphingomonadaceae	g__Novosphingobium	s__	NA	NA	NA	NA	NA	GCF_025938155.1	95	d__Bacteria;p__Pseudomonadota;c__Alphaproteobacteria;o__Sphingomonadales;f__Sphingomonadaceae;g__Novosphingobium;s__Novosphingobium sp025938155	83.67	0.173	d__Bacteria;p__Pseudomonadota;c__Alphaproteobacteria;o__Sphingomonadales;f__Sphingomonadaceae;g__Novosphingobium;s__	taxonomic classification defined by topology and ANI	classification based on placement in class-level tree	GCF_020179425.1, s__Novosphingobium percolationis, 95.0, 83.98, 0.189	91.26	11	0.98805	NA	Neural Network (Specific Model)	11	0.913	25012	310.3223574986165	3677484	0.64	3614	215	80672	None
WM24	WM24_S19_010	95.49	1.2	d__Bacteria	p__Actinomycetota	c__Actinomycetes	o__Actinomycetales	f__Microbacteriaceae	g__Rhodoglobus	s__	NA	NA	NA	NA	NA	GCA_020160915.1	95	d__Bacteria;p__Actinomycetota;c__Actinomycetes;o__Actinomycetales;f__Microbacteriaceae;g__Rhodoglobus;s__Rhodoglobus sp020160915	92.67	0.711	d__Bacteria;p__Actinomycetota;c__Actinomycetes;o__Actinomycetales;f__Microbacteriaceae;g__Rhodoglobus;s__	taxonomic classification defined by topology and ANI	classification based on placement in class-level tree	NA	91.08	11	0.9963	Genome not assigned to closest species as it falls outside its pre-defined ANI radius	Gradient Boost (General Model)	11	0.935	38164	300.524115755627	2992346	0.67	3110	121	137055	None
WM24	WM24_S19_011	94.64	1.28	d__Bacteria	p__Bacteroidota	c__Bacteroidia	o__2-12-FULL-35-15	f__2-12-FULL-35-15	g__2-12-FULL-35-15	s__	NA	NA	NA	NA	NA	NA	NA	NA	NA	NA	d__Bacteria;p__Bacteroidota;c__Bacteroidia;o__2-12-FULL-35-15;f__2-12-FULL-35-15;g__2-12-FULL-35-15;s__	taxonomic classification fully defined by topology	classification based on placement in class-level tree	NA	90.29	11	0.96528	NA	Gradient Boost (General Model)	11	0.914	20687	350.57041942604855	5204620	0.39	4530	387	90011	None
WM24	WM24_S19_012	99.99	2.11	d__Bacteria	p__Spirochaetota	c__Leptospirae	o__Leptospirales	f__Leptospiraceae	g__Leptospira_A	s__	NA	NA	NA	NA	NA	GCF_016918735.1	95	d__Bacteria;p__Spirochaetota;c__Leptospirae;o__Leptospirales;f__Leptospiraceae;g__Leptospira_A;s__Leptospira_A abararensis	90.6	0.64	d__Bacteria;p__Spirochaetota;c__Leptospirae;o__Leptospirales;f__Leptospiraceae;g__Leptospira_A;s__	taxonomic classification defined by topology and ANI	classification based on placement in class-level tree	GCF_000332455.1, s__Leptospira_A vanthielii, 95.0, 90.74, 0.633; GCF_000332515.2, s__Leptospira_A wolbachii, 95.0, 88.4, 0.562; GCF_000332495.1, s__Leptospira_A terpstrae, 95.0, 87.57, 0.512; GCF_016919165.1, s__Leptospira_A chreensis, 95.0, 87.09, 0.429; GCF_004769575.1, s__Leptospira_A perdikensis, 95.0, 85.45, 0.384; GCF_004770265.1, s__Leptospira_A congkakensis, 95.0, 85.04, 0.345; GCF_004770145.1, s__Leptospira_A bourretii, 95.0, 84.72, 0.293; GCF_004769235.1, s__Leptospira_A kanakyensis, 95.0, 84.71, 0.304; GCF_004770765.1, s__Leptospira_A noumeaensis, 95.0, 84.66, 0.292; GCF_004770905.1, s__Leptospira_A bandrabouensis, 95.0, 84.64, 0.308; GCF_002811945.1, s__Leptospira_A harrisiae, 95.0, 84.54, 0.295; GCF_004770045.1, s__Leptospira_A montravelensis, 95.0, 84.33, 0.285; GCF_004368965.1, s__Leptospira_A meyeri, 95.0, 84.31, 0.282; GCF_004770475.1, s__Leptospira_A mtsangambouensis, 95.0, 84.26, 0.289; GCF_002812125.1, s__Leptospira_A brenneri, 95.0, 84.13, 0.283; GCF_026151655.1, s__Leptospira_A sp026151655, 95.0, 84.09, 0.252	89.95	11	0.99694	Genome not assigned to closest species as it falls outside its pre-defined ANI radius	Neural Network (Specific Model)	11	0.93	73398	322.44024844720497	4172181	0.39	4025	125	173641	None
WM24	WM24_S19_013	94.74	1.58	d__Bacteria	p__Actinomycetota	c__Actinomycetes	o__Actinomycetales	f__Microbacteriaceae	g__Rhodoglobus	s__Rhodoglobus sp903920435	GCA_903920435.1	95	d__Bacteria;p__Actinomycetota;c__Actinomycetes;o__Actinomycetales;f__Microbacteriaceae;g__Rhodoglobus;s__Rhodoglobus sp903920435	98.28	0.874	GCA_903920435.1	95	d__Bacteria;p__Actinomycetota;c__Actinomycetes;o__Actinomycetales;f__Microbacteriaceae;g__Rhodoglobus;s__Rhodoglobus sp903920435	98.28	0.874	d__Bacteria;p__Actinomycetota;c__Actinomycetes;o__Actinomycetales;f__Microbacteriaceae;g__Rhodoglobus;s__	taxonomic classification defined by topology and ANI	topological placement and ANI have congruent species assignments	GCA_001725325.1, s__Rhodoglobus sp001725325, 95.0, 86.88, 0.356; GCA_025463515.1, s__Rhodoglobus sp025463515, 95.0, 85.63, 0.253	83.1	11	NA	NA	Gradient Boost (General Model)	11	0.941	20499	290.9879091713359	3136822	0.69	3391	232	62335	None
WM24	WM24_S19_014	89.52	4.58	d__Bacteria	p__Pseudomonadota	c__Alphaproteobacteria	o__Rhizobiales	f__Xanthobacteraceae	g__Afipia	s__Afipia broomeae	GCF_000314675.2	95	d__Bacteria;p__Pseudomonadota;c__Alphaproteobacteria;o__Rhizobiales;f__Xanthobacteraceae;g__Afipia;s__Afipia broomeae	98.05	0.91	GCF_000314675.2	95	d__Bacteria;p__Pseudomonadota;c__Alphaproteobacteria;o__Rhizobiales;f__Xanthobacteraceae;g__Afipia;s__Afipia broomeae	98.05	0.91	d__Bacteria;p__Pseudomonadota;c__Alphaproteobacteria;o__Rhizobiales;f__Xanthobacteraceae;g__Afipia;s__	taxonomic classification defined by topology and ANI	topological placement and ANI have congruent species assignments	GCF_000497575.1, s__Afipia sp000497575, 95.0, 90.59, 0.63; GCA_017474385.1, s__Afipia sp017474385, 95.0, 89.56, 0.464; GCF_000308295.2, s__Afipia birgiae, 95.0, 85.9, 0.286; GCF_014203115.1, s__Afipia massiliensis, 95.0, 85.52, 0.279; GCA_030652315.1, s__Afipia sp030652315, 95.0, 85.4, 0.247; GCF_001006325.2, s__Afipia massiliensis_A, 95.0, 85.37, 0.301; GCF_000336555.1, s__Afipia clevelandensis, 95.0, 85.13, 0.234; GCA_024508675.1, s__Afipia sp024508675, 95.0, 84.76, 0.23; GCA_017308595.1, s__Afipia sp017308595, 95.0, 84.14, 0.174; GCA_024707075.1, s__Afipia sp024707075, 95.0, 84.01, 0.189; GCF_021502575.1, s__Afipia sp021502575, 95.0, 83.73, 0.18	79.86	11	NA	NA	Neural Network (Specific Model)	11	0.884	16183	289.8693140794224	4081050	0.62	4155	345	98577	None
WM24	WM24_S19_015	84.59	3.85	d__Bacteria	p__Bacteroidota	c__Bacteroidia	o__Chitinophagales	f__Chitinophagaceae	g__Ferruginibacter	s__	NA	NA	NA	NA	NA	GCA_030157685.1	95	d__Bacteria;p__Bacteroidota;c__Bacteroidia;o__Chitinophagales;f__Chitinophagaceae;g__Ferruginibacter;s__Ferruginibacter sp030157685	86.97	0.27	d__Bacteria;p__Bacteroidota;c__Bacteroidia;o__Chitinophagales;f__Chitinophagaceae;g__Ferruginibacter;s__	taxonomic classification defined by topology and ANI	classification based on placement in class-level tree	GCA_016715365.1, s__Ferruginibacter sp016715365, 95.0, 87.43, 0.267; GCA_016710935.1, s__Ferruginibacter sp016710935, 95.0, 86.24, 0.192	75.71	11	0.99238	NA	Gradient Boost (General Model)	11	0.896	7996	300.7328954570334	3676430	0.39	3654	545	41445	None
WM24	WM24_S19_016	93.71	2.31	d__Bacteria	p__Pseudomonadota	c__Alphaproteobacteria	o__Rhodobacterales	f__Rhodobacteraceae	g__JAUYQR01	s__	NA	NA	NA	NA	NA	GCA_030697175.1	95	d__Bacteria;p__Pseudomonadota;c__Alphaproteobacteria;o__Rhodobacterales;f__Rhodobacteraceae;g__JAUYQR01;s__JAUYQR01 sp030697175	93.12	0.795	d__Bacteria;p__Pseudomonadota;c__Alphaproteobacteria;o__Rhodobacterales;f__Rhodobacteraceae;g__JAUYQR01;s__	taxonomic classification defined by topology and ANI	classification based on placement in class-level tree	NA	82.62	11	0.99514	Genome not assigned to closest species as it falls outside its pre-defined ANI radius	Neural Network (Specific Model)	11	0.915	37933	302.9819644839068	3571481	0.65	3604	175	124156	None
WM24	WM24_S19_017	85.02	6.74	d__Bacteria	p__Pseudomonadota	c__Alphaproteobacteria	o__Rhizobiales	f__Xanthobacteraceae	g__Afipia	s__	NA	NA	NA	NA	NA	NA	NA	NA	NA	NA	d__Bacteria;p__Pseudomonadota;c__Alphaproteobacteria;o__Rhizobiales;f__Xanthobacteraceae;g__Afipia;s__	taxonomic classification defined by topology and ANI	classification based on placement in class-level tree	GCA_024707075.1, s__Afipia sp024707075, 95.0, 85.92, 0.283; GCA_017474385.1, s__Afipia sp017474385, 95.0, 85.37, 0.217; GCF_000314675.2, s__Afipia broomeae, 95.0, 84.82, 0.219; GCF_021502575.1, s__Afipia sp021502575, 95.0, 84.66, 0.239; GCF_001006325.2, s__Afipia massiliensis_A, 95.0, 84.56, 0.219; GCF_014203115.1, s__Afipia massiliensis, 95.0, 84.19, 0.203; GCA_030652315.1, s__Afipia sp030652315, 95.0, 84.18, 0.195; GCF_000497575.1, s__Afipia sp000497575, 95.0, 84.11, 0.193; GCF_000308295.2, s__Afipia birgiae, 95.0, 83.88, 0.204	78.69	11	0.98518	NA	Neural Network (Specific Model)	11	0.869	36440	289.55582524271847	4931810	0.61	4944	218	123294	None
WM24	WM24_S19_018	83.33	1.37	d__Bacteria	p__Bacteroidota	c__Bacteroidia	o__Chitinophagales	f__Chitinophagaceae	g__Sediminibacterium	s__Sediminibacterium sp017996795	GCA_017996795.1	95	d__Bacteria;p__Bacteroidota;c__Bacteroidia;o__Chitinophagales;f__Chitinophagaceae;g__Sediminibacterium;s__Sediminibacterium sp017996795	95.59	0.703	GCA_017996795.1	95	d__Bacteria;p__Bacteroidota;c__Bacteroidia;o__Chitinophagales;f__Chitinophagaceae;g__Sediminibacterium;s__Sediminibacterium sp017996795	95.59	0.703	d__Bacteria;p__Bacteroidota;c__Bacteroidia;o__Chitinophagales;f__Chitinophagaceae;g__Sediminibacterium;s__	taxonomic classification defined by topology and ANI	topological placement and ANI have congruent species assignments	GCA_002281875.1, s__Sediminibacterium sp002281875, 95.0, 90.11, 0.647; GCA_001829005.1, s__Sediminibacterium sp001829005, 95.0, 89.76, 0.672; GCF_030695065.1, s__Sediminibacterium sp030695065, 95.0, 88.43, 0.522; GCA_002281575.1, s__Sediminibacterium sp002281575, 95.0, 87.68, 0.49; GCA_002786355.1, s__Sediminibacterium sp002786355, 95.0, 85.12, 0.284	78.07	11	NA	NA	Gradient Boost (General Model)	11	0.95	14321	329.87212389380534	2351685	0.36	2260	221	61707	None
WM24	WM24_S19_019	92.19	4.77	d__Bacteria	p__Pseudomonadota	c__Gammaproteobacteria	o__Burkholderiales	f__Burkholderiaceae	g__Polaromonas	s__	NA	NA	NA	NA	NA	GCF_016185115.1	95	d__Bacteria;p__Pseudomonadota;c__Gammaproteobacteria;o__Burkholderiales;f__Burkholderiaceae;g__Polaromonas;s__Polaromonas sp016185115	88	0.451	d__Bacteria;p__Pseudomonadota;c__Gammaproteobacteria;o__Burkholderiales;f__Burkholderiaceae;g__Polaromonas;s__	taxonomic classification defined by topology and ANI	classification based on placement in class-level tree	NA	76.92	11	0.99292	NA	Neural Network (Specific Model)	11	0.909	30860	302.99343742928266	4412228	0.6	4419	227	141925	None
WM24	WM24_S19_020	99.96	25.63	d__Bacteria	p__Pseudomonadota	c__Alphaproteobacteria	o__Sphingomonadales	f__Sphingomonadaceae	g__Sphingorhabdus_B	s__	NA	NA	NA	NA	NA	NA	NA	NA	NA	NA	d__Bacteria;p__Pseudomonadota;c__Alphaproteobacteria;o__Sphingomonadales;f__Sphingomonadaceae;g__Sphingorhabdus_B;s__	taxonomic classification fully defined by topology	classification based on placement in class-level tree	NA	65.2	11	0.98855	Genome has more than 27.5% of markers with multiple hits	Neural Network (Specific Model)	11	0.912	23173	276.32599376461417	4649601	0.56	5132	491	149442	None
WM24	WM24_S19_021	84.92	0.91	d__Bacteria	p__Planctomycetota	c__Planctomycetia	o__Gemmatales	f__Gemmataceae	g__Gemmata	s__	NA	NA	NA	NA	NA	NA	NA	NA	NA	NA	d__Bacteria;p__Planctomycetota;c__Planctomycetia;o__Gemmatales;f__Gemmataceae;g__Gemmata;s__	taxonomic classification fully defined by topology	classification based on placement in class-level tree	NA	71.26	11	0.98737	NA	Gradient Boost (General Model)	11	0.889	9803	337.60776149233845	6833097	0.61	6004	851	61691	None
WM24	WM24_S19_022	100	0.04	d__Bacteria	p__Patescibacteria	c__Paceibacteria	o__UBA9973	f__UBA2100	g__UBA10103	s__	NA	NA	NA	NA	NA	NA	NA	NA	NA	NA	d__Bacteria;p__Patescibacteria;c__Paceibacteria;o__UBA9973;f__UBA2100;g__UBA10103;s__	taxonomic classification fully defined by topology	classification based on placement in class-level tree	NA	70.55	11	0.9471	NA	Gradient Boost (General Model)	11	0.918	628340	278.10425531914893	852565	0.53	940	8	628340	None
WM24	WM24_S19_023	88.13	5.17	d__Bacteria	p__Pseudomonadota	c__Alphaproteobacteria	o__Rhizobiales	f__Xanthobacteraceae	g__Bradyrhizobium	s__	NA	NA	NA	NA	NA	GCA_029946075.1	95	d__Bacteria;p__Pseudomonadota;c__Alphaproteobacteria;o__Rhizobiales;f__Xanthobacteraceae;g__Bradyrhizobium;s__Bradyrhizobium sp029946075	92.01	0.492	d__Bacteria;p__Pseudomonadota;c__Alphaproteobacteria;o__Rhizobiales;f__Xanthobacteraceae;g__Bradyrhizobium;s__	taxonomic classification defined by topology and ANI	classification based on placement in class-level tree	GCF_030413175.1, s__Bradyrhizobium sp030413175, 95.0, 84.98, 0.199; GCF_023101085.1, s__Bradyrhizobium sp023101085, 95.0, 84.8, 0.206; GCF_001440475.1, s__Bradyrhizobium lablabi, 95.0, 84.77, 0.184; GCF_023100945.1, s__Bradyrhizobium sp023100945, 95.0, 84.72, 0.189; GCF_018596315.1, s__Bradyrhizobium sp018596315, 95.0, 84.66, 0.206; GCF_003062295.1, s__Bradyrhizobium algeriense, 95.0, 84.66, 0.196; GCA_023387735.1, s__Bradyrhizobium sp023387735, 95.0, 84.66, 0.189; GCF_018130385.1, s__Bradyrhizobium sp018130385, 95.0, 84.61, 0.199; GCF_001440395.1, s__Bradyrhizobium jicamae, 95.0, 84.56, 0.19; GCF_023073415.1, s__Bradyrhizobium sp023073415, 95.0, 84.54, 0.186; GCA_023422775.1, s__Bradyrhizobium sp023422775, 95.0, 84.5, 0.172; GCF_001693515.2, s__Bradyrhizobium paxllaeri, 95.0, 84.43, 0.192; GCF_900103365.1, s__Bradyrhizobium sp900103365, 95.0, 84.32, 0.159; GCF_001693485.1, s__Bradyrhizobium sp001693485, 95.0, 84.3, 0.16; GCF_018130145.1, s__Bradyrhizobium sp018130145, 95.0, 84.25, 0.151; GCF_009930815.1, s__Bradyrhizobium sp009930815, 95.0, 84.21, 0.176; GCF_029051645.1, s__Bradyrhizobium sp029051645, 95.0, 84.16, 0.171; GCF_005937885.2, s__Bradyrhizobium sp005937885, 95.0, 84.15, 0.161; GCF_000472965.1, s__Bradyrhizobium murdochi, 95.0, 84.12, 0.161; GCF_018130065.1, s__Bradyrhizobium sp018130065, 95.0, 84.12, 0.159; GCA_017305715.1, s__Bradyrhizobium sp017305715, 95.0, 84.12, 0.152; GCF_018131065.1, s__Bradyrhizobium sp018131065, 95.0, 84.1, 0.152; GCF_900099825.1, s__Bradyrhizobium ottawaense_A, 95.0, 84.09, 0.166; GCF_029714305.1, s__Bradyrhizobium sp029714305, 95.0, 84.07, 0.168; GCF_018131075.1, s__Bradyrhizobium sp018131075, 95.0, 84.07, 0.157; GCF_001693385.1, s__Bradyrhizobium icense, 95.0, 84.05, 0.169; GCF_013114835.1, s__Bradyrhizobium archetypum, 95.0, 83.98, 0.152; GCF_001440405.1, s__Bradyrhizobium valentinum, 95.0, 83.94, 0.158; GCF_022844465.1, s__Bradyrhizobium sp022844465, 95.0, 83.67, 0.162	66.73	11	0.99733	Genome has more than 11.7% of markers with multiple hits	Neural Network (Specific Model)	11	0.865	18130	284.82610878661086	5891796	0.63	5975	464	90754	None
WM24	WM24_S19_024	99.98	0.02	d__Bacteria	p__Patescibacteria	c__Paceibacteria	o__UBA9973	f__UBA2100	g__UBA10103	s__	NA	NA	NA	NA	NA	NA	NA	NA	NA	NA	d__Bacteria;p__Patescibacteria;c__Paceibacteria;o__UBA9973;f__UBA2100;g__UBA10103;s__	taxonomic classification fully defined by topology	classification based on placement in class-level tree	NA	68.84	11	0.98501	NA	Gradient Boost (General Model)	11	0.901	116149	293.1955211024978	1131502	0.54	1161	12	361540	None
WM24	WM24_S19_025	89.94	2.37	d__Bacteria	p__Bacteroidota	c__Bacteroidia	o__B-17B0	f__B-17BO	g__UBA2475	s__	NA	NA	NA	NA	NA	NA	NA	NA	NA	NA	d__Bacteria;p__Bacteroidota;c__Bacteroidia;o__B-17B0;f__B-17BO;g__UBA2475;s__	taxonomic classification defined by topology and ANI	classification based on placement in class-level tree	GCA_002342065.1, s__UBA2475 sp002342065, 95.0, 88.95, 0.482; GCA_030681615.1, s__UBA2475 sp030681615, 95.0, 87.95, 0.416; GCA_016787785.1, s__UBA2475 sp016787785, 95.0, 87.06, 0.397	66.83	11	0.99468	NA	Gradient Boost (General Model)	11	0.927	12725	335.2350067842605	3991938	0.35	3685	415	115132	None
WM24	WM24_S19_026	64.87	1.98	d__Bacteria	p__Bacteroidota	c__Bacteroidia	o__SXHM01	f__SXHM01	g__SXHM01	s__	NA	NA	NA	NA	NA	GCA_947478465.1	95	d__Bacteria;p__Bacteroidota;c__Bacteroidia;o__SXHM01;f__SXHM01;g__SXHM01;s__SXHM01 sp947478465	90.52	0.465	d__Bacteria;p__Bacteroidota;c__Bacteroidia;o__SXHM01;f__SXHM01;g__SXHM01;s__	taxonomic classification defined by topology and ANI	classification based on placement in class-level tree	GCA_945861685.1, s__SXHM01 sp945861685, 95.0, 88.18, 0.223; GCA_945870105.1, s__SXHM01 sp945870105, 95.0, 88.09, 0.264; GCA_947479755.1, s__SXHM01 sp947479755, 95.0, 88.06, 0.303	60.64	11	0.98839	NA	Gradient Boost (General Model)	11	0.933	6017	318.5112591183	3225535	0.39	3153	591	27347	None
WM24	WM24_S19_027	82.42	3.41	d__Bacteria	p__Pseudomonadota	c__Gammaproteobacteria	o__Burkholderiales	f__Burkholderiaceae	g__Polaromonas	s__	NA	NA	NA	NA	NA	GCF_016185115.1	95	d__Bacteria;p__Pseudomonadota;c__Gammaproteobacteria;o__Burkholderiales;f__Burkholderiaceae;g__Polaromonas;s__Polaromonas sp016185115	87.69	0.45	d__Bacteria;p__Pseudomonadota;c__Gammaproteobacteria;o__Burkholderiales;f__Burkholderiaceae;g__Polaromonas;s__	taxonomic classification defined by topology and ANI	classification based on placement in class-level tree	NA	59.96	11	0.99452	NA	Gradient Boost (General Model)	11	0.903	17983	294.8428366075707	4081145	0.6	4174	345	58625	None
WM24	WM24_S19_028	56.38	0.34	d__Bacteria	p__Pseudomonadota	c__Alphaproteobacteria	o__Rickettsiales	f__Rickettsiaceae	g__GCA-2402195	s__GCA-2402195 sp945865485	GCA_945865485.1	95	d__Bacteria;p__Pseudomonadota;c__Alphaproteobacteria;o__Rickettsiales;f__Rickettsiaceae;g__GCA-2402195;s__GCA-2402195 sp945865485	97.39	0.864	GCA_945865485.1	95	d__Bacteria;p__Pseudomonadota;c__Alphaproteobacteria;o__Rickettsiales;f__Rickettsiaceae;g__GCA-2402195;s__GCA-2402195 sp945865485	97.39	0.864	d__Bacteria;p__Pseudomonadota;c__Alphaproteobacteria;o__Rickettsiales;f__Rickettsiaceae;g__GCA-2402195;s__	taxonomic classification defined by topology and ANI	topological placement and ANI have congruent species assignments	NA	59.52	11	NA	NA	Neural Network (Specific Model)	11	0.886	4606	261.8343495934959	871040	0.35	984	198	13780	None
WM24	WM24_S19_029	73.96	7.23	d__Bacteria	p__Pseudomonadota	c__Alphaproteobacteria	o__Caulobacterales	f__Caulobacteraceae	g__Phenylobacterium	s__	NA	NA	NA	NA	NA	NA	NA	NA	NA	NA	d__Bacteria;p__Pseudomonadota;c__Alphaproteobacteria;o__Caulobacterales;f__Caulobacteraceae;g__Phenylobacterium;s__	taxonomic classification defined by topology and ANI	classification based on placement in class-level tree	GCF_004297125.1, s__Phenylobacterium sp004297125, 95.0, 88.26, 0.28; GCA_018821435.1, s__Phenylobacterium sp018821435, 95.0, 87.79, 0.294; GCF_001824475.1, s__Phenylobacterium sp001824475, 95.0, 86.32, 0.174; GCF_001557235.1, s__Phenylobacterium sp001557235, 95.0, 85.92, 0.153	52.51	11	0.99044	NA	Neural Network (Specific Model)	11	0.904	6575	270.271756021756	4608168	0.68	5148	807	33971	None
WM24	WM24_S19_030	72.39	4.63	d__Bacteria	p__Pseudomonadota	c__Alphaproteobacteria	o__Sphingomonadales	f__Sphingomonadaceae	g__Sphingorhabdus_B	s__Sphingorhabdus_B sp013823985	GCA_013823985.1	95	d__Bacteria;p__Pseudomonadota;c__Alphaproteobacteria;o__Sphingomonadales;f__Sphingomonadaceae;g__Sphingorhabdus_B;s__Sphingorhabdus_B sp013823985	96.12	0.708	GCA_013823985.1	95	d__Bacteria;p__Pseudomonadota;c__Alphaproteobacteria;o__Sphingomonadales;f__Sphingomonadaceae;g__Sphingorhabdus_B;s__Sphingorhabdus_B sp013823985	96.12	0.708	d__Bacteria;p__Pseudomonadota;c__Alphaproteobacteria;o__Sphingomonadales;f__Sphingomonadaceae;g__Sphingorhabdus_B;s__	taxonomic classification defined by topology and ANI	topological placement and ANI have congruent species assignments	GCF_009768975.1, s__Sphingorhabdus_B lacus, 95.0, 88.55, 0.39; GCF_007280415.1, s__Sphingorhabdus_B contaminans, 95.0, 86.73, 0.157	49.41	11	NA	NA	Neural Network (Specific Model)	11	0.916	6363	262.8836081474297	2655260	0.56	3093	473	34364	None
WM24	WM24_S19_031	62.62	1.27	d__Bacteria	p__Gemmatimonadota	c__Gemmatimonadetes	o__Gemmatimonadales	f__Gemmatimonadaceae	g__Gemmatimonas	s__	NA	NA	NA	NA	NA	GCF_013004105.1	95	d__Bacteria;p__Gemmatimonadota;c__Gemmatimonadetes;o__Gemmatimonadales;f__Gemmatimonadaceae;g__Gemmatimonas;s__Gemmatimonas groenlandica	89.68	0.422	d__Bacteria;p__Gemmatimonadota;c__Gemmatimonadetes;o__Gemmatimonadales;f__Gemmatimonadaceae;g__Gemmatimonas;s__	taxonomic classification defined by topology and ANI	classification based on placement in class-level tree	GCA_947461225.1, s__Gemmatimonas sp947461225, 95.0, 87.74, 0.167	48.76	11	0.98702	NA	Neural Network (Specific Model)	11	0.917	4921	280.625854214123	3215635	0.65	3512	684	21201	None
WM24	WM24_S19_032	53.29	0.28	d__Bacteria	p__Actinomycetota	c__Actinomycetes	o__Mycobacteriales	f__Mycobacteriaceae	g__Williamsia	s__Williamsia muralis	GCF_001598915.1	95.32	d__Bacteria;p__Actinomycetota;c__Actinomycetes;o__Mycobacteriales;f__Mycobacteriaceae;g__Williamsia;s__Williamsia muralis	97.72	0.88	GCF_001598915.1	95.32	d__Bacteria;p__Actinomycetota;c__Actinomycetes;o__Mycobacteriales;f__Mycobacteriaceae;g__Williamsia;s__Williamsia muralis	97.72	0.88	d__Bacteria;p__Actinomycetota;c__Actinomycetes;o__Mycobacteriales;f__Mycobacteriaceae;g__Williamsia;s__	taxonomic classification defined by topology and ANI	topological placement and ANI have congruent species assignments	GCF_002735905.1, s__Williamsia muralis_A, 95.0, 95.34, 0.784; GCF_023051145.1, s__Williamsia sp023051145, 95.0, 95.2, 0.8; GCF_000717275.1, s__Williamsia arboriphila, 95.0, 95.13, 0.822	46.55	11	NA	NA	Neural Network (Specific Model)	11	0.911	4174	258.55434470891885	2962577	0.65	3487	700	37228	None
